# vtk DataFile Version 3.0
# correlation data
ASCII
DATASET STRUCTURED_GRID
DIMENSIONS 120 120 1
POINTS 14400 double
0.0000 0.0000 0.0000 1.0048 0.0000 0.0000 2.0095 0.0000 0.0000
3.0143 0.0000 0.0000 4.0190 0.0000 0.0000 5.0238 0.0000 0.0000
6.0286 0.0000 0.0000 7.0333 0.0000 0.0000 8.0381 0.0000 0.0000
9.0429 0.0000 0.0000 10.0476 0.0000 0.0000 11.0524 0.0000 0.0000
12.0571 0.0000 0.0000 13.0619 0.0000 0.0000 14.0667 0.0000 0.0000
15.0714 0.0000 0.0000 16.0762 0.0000 0.0000 17.0809 0.0000 0.0000
18.0857 0.0000 0.0000 19.0905 0.0000 0.0000 20.0952 0.0000 0.0000
21.1000 0.0000 0.0000 22.1048 0.0000 0.0000 23.1095 0.0000 0.0000
24.1143 0.0000 0.0000 25.1190 0.0000 0.0000 26.1238 0.0000 0.0000
27.1286 0.0000 0.0000 28.1333 0.0000 0.0000 29.1381 0.0000 0.0000
30.1429 0.0000 0.0000 31.1476 0.0000 0.0000 32.1524 0.0000 0.0000
33.1571 0.0000 0.0000 34.1619 0.0000 0.0000 35.1667 0.0000 0.0000
36.1714 0.0000 0.0000 37.1762 0.0000 0.0000 38.1809 0.0000 0.0000
39.1857 0.0000 0.0000 40.1905 0.0000 0.0000 41.1952 0.0000 0.0000
42.2000 0.0000 0.0000 43.2048 0.0000 0.0000 44.2095 0.0000 0.0000
45.2143 0.0000 0.0000 46.2190 0.0000 0.0000 47.2238 0.0000 0.0000
48.2286 0.0000 0.0000 49.2333 0.0000 0.0000 50.2381 0.0000 0.0000
51.2428 0.0000 0.0000 52.2476 0.0000 0.0000 53.2524 0.0000 0.0000
54.2571 0.0000 0.0000 55.2619 0.0000 0.0000 56.2667 0.0000 0.0000
57.2714 0.0000 0.0000 58.2762 0.0000 0.0000 59.2809 0.0000 0.0000
60.2857 0.0000 0.0000 61.2905 0.0000 0.0000 62.2952 0.0000 0.0000
63.3000 0.0000 0.0000 64.3048 0.0000 0.0000 65.3095 0.0000 0.0000
66.3143 0.0000 0.0000 67.3190 0.0000 0.0000 68.3238 0.0000 0.0000
69.3286 0.0000 0.0000 70.3333 0.0000 0.0000 71.3381 0.0000 0.0000
72.3428 0.0000 0.0000 73.3476 0.0000 0.0000 74.3524 0.0000 0.0000
75.3571 0.0000 0.0000 76.3619 0.0000 0.0000 77.3667 0.0000 0.0000
78.3714 0.0000 0.0000 79.3762 0.0000 0.0000 80.3809 0.0000 0.0000
81.3857 0.0000 0.0000 82.3905 0.0000 0.0000 83.3952 0.0000 0.0000
84.4000 0.0000 0.0000 85.4047 0.0000 0.0000 86.4095 0.0000 0.0000
87.4143 0.0000 0.0000 88.4190 0.0000 0.0000 89.4238 0.0000 0.0000
90.4286 0.0000 0.0000 91.4333 0.0000 0.0000 92.4381 0.0000 0.0000
93.4428 0.0000 0.0000 94.4476 0.0000 0.0000 95.4524 0.0000 0.0000
96.4571 0.0000 0.0000 97.4619 0.0000 0.0000 98.4667 0.0000 0.0000
99.4714 0.0000 0.0000 100.4762 0.0000 0.0000 101.4809 0.0000 0.0000
102.4857 0.0000 0.0000 103.4905 0.0000 0.0000 104.4952 0.0000 0.0000
105.5000 0.0000 0.0000 106.5047 0.0000 0.0000 107.5095 0.0000 0.0000
108.5143 0.0000 0.0000 109.5190 0.0000 0.0000 110.5238 0.0000 0.0000
111.5286 0.0000 0.0000 112.5333 0.0000 0.0000 113.5381 0.0000 0.0000
114.5428 0.0000 0.0000 115.5476 0.0000 0.0000 116.5524 0.0000 0.0000
117.5571 0.0000 0.0000 118.5619 0.0000 0.0000 119.5666 0.0000 0.0000
0.0000 1.0078 0.0000 1.0048 1.0078 0.0000 2.0095 1.0078 0.0000
3.0143 1.0078 0.0000 4.0190 1.0078 0.0000 5.0238 1.0078 0.0000
6.0286 1.0078 0.0000 7.0333 1.0078 0.0000 8.0381 1.0078 0.0000
9.0429 1.0078 0.0000 10.0476 1.0078 0.0000 11.0524 1.0078 0.0000
12.0571 1.0078 0.0000 13.0619 1.0078 0.0000 14.0667 1.0078 0.0000
15.0714 1.0078 0.0000 16.0762 1.0078 0.0000 17.0809 1.0078 0.0000
18.0857 1.0078 0.0000 19.0905 1.0078 0.0000 20.0952 1.0078 0.0000
21.1000 1.0078 0.0000 22.1048 1.0078 0.0000 23.1095 1.0078 0.0000
24.1143 1.0078 0.0000 25.1190 1.0078 0.0000 26.1238 1.0078 0.0000
27.1286 1.0078 0.0000 28.1333 1.0078 0.0000 29.1381 1.0078 0.0000
30.1429 1.0078 0.0000 31.1476 1.0078 0.0000 32.1524 1.0078 0.0000
33.1571 1.0078 0.0000 34.1619 1.0078 0.0000 35.1667 1.0078 0.0000
36.1714 1.0078 0.0000 37.1762 1.0078 0.0000 38.1809 1.0078 0.0000
39.1857 1.0078 0.0000 40.1905 1.0078 0.0000 41.1952 1.0078 0.0000
42.2000 1.0078 0.0000 43.2048 1.0078 0.0000 44.2095 1.0078 0.0000
45.2143 1.0078 0.0000 46.2190 1.0078 0.0000 47.2238 1.0078 0.0000
48.2286 1.0078 0.0000 49.2333 1.0078 0.0000 50.2381 1.0078 0.0000
51.2428 1.0078 0.0000 52.2476 1.0078 0.0000 53.2524 1.0078 0.0000
54.2571 1.0078 0.0000 55.2619 1.0078 0.0000 56.2667 1.0078 0.0000
57.2714 1.0078 0.0000 58.2762 1.0078 0.0000 59.2809 1.0078 0.0000
60.2857 1.0078 0.0000 61.2905 1.0078 0.0000 62.2952 1.0078 0.0000
63.3000 1.0078 0.0000 64.3048 1.0078 0.0000 65.3095 1.0078 0.0000
66.3143 1.0078 0.0000 67.3190 1.0078 0.0000 68.3238 1.0078 0.0000
69.3286 1.0078 0.0000 70.3333 1.0078 0.0000 71.3381 1.0078 0.0000
72.3428 1.0078 0.0000 73.3476 1.0078 0.0000 74.3524 1.0078 0.0000
75.3571 1.0078 0.0000 76.3619 1.0078 0.0000 77.3667 1.0078 0.0000
78.3714 1.0078 0.0000 79.3762 1.0078 0.0000 80.3809 1.0078 0.0000
81.3857 1.0078 0.0000 82.3905 1.0078 0.0000 83.3952 1.0078 0.0000
84.4000 1.0078 0.0000 85.4047 1.0078 0.0000 86.4095 1.0078 0.0000
87.4143 1.0078 0.0000 88.4190 1.0078 0.0000 89.4238 1.0078 0.0000
90.4286 1.0078 0.0000 91.4333 1.0078 0.0000 92.4381 1.0078 0.0000
93.4428 1.0078 0.0000 94.4476 1.0078 0.0000 95.4524 1.0078 0.0000
96.4571 1.0078 0.0000 97.4619 1.0078 0.0000 98.4667 1.0078 0.0000
99.4714 1.0078 0.0000 100.4762 1.0078 0.0000 101.4809 1.0078 0.0000
102.4857 1.0078 0.0000 103.4905 1.0078 0.0000 104.4952 1.0078 0.0000
105.5000 1.0078 0.0000 106.5047 1.0078 0.0000 107.5095 1.0078 0.0000
108.5143 1.0078 0.0000 109.5190 1.0078 0.0000 110.5238 1.0078 0.0000
111.5286 1.0078 0.0000 112.5333 1.0078 0.0000 113.5381 1.0078 0.0000
114.5428 1.0078 0.0000 115.5476 1.0078 0.0000 116.5524 1.0078 0.0000
117.5571 1.0078 0.0000 118.5619 1.0078 0.0000 119.5666 1.0078 0.0000
0.0000 2.0155 0.0000 1.0048 2.0155 0.0000 2.0095 2.0155 0.0000
3.0143 2.0155 0.0000 4.0190 2.0155 0.0000 5.0238 2.0155 0.0000
6.0286 2.0155 0.0000 7.0333 2.0155 0.0000 8.0381 2.0155 0.0000
9.0429 2.0155 0.0000 10.0476 2.0155 0.0000 11.0524 2.0155 0.0000
12.0571 2.0155 0.0000 13.0619 2.0155 0.0000 14.0667 2.0155 0.0000
15.0714 2.0155 0.0000 16.0762 2.0155 0.0000 17.0809 2.0155 0.0000
18.0857 2.0155 0.0000 19.0905 2.0155 0.0000 20.0952 2.0155 0.0000
21.1000 2.0155 0.0000 22.1048 2.0155 0.0000 23.1095 2.0155 0.0000
24.1143 2.0155 0.0000 25.1190 2.0155 0.0000 26.1238 2.0155 0.0000
27.1286 2.0155 0.0000 28.1333 2.0155 0.0000 29.1381 2.0155 0.0000
30.1429 2.0155 0.0000 31.1476 2.0155 0.0000 32.1524 2.0155 0.0000
33.1571 2.0155 0.0000 34.1619 2.0155 0.0000 35.1667 2.0155 0.0000
36.1714 2.0155 0.0000 37.1762 2.0155 0.0000 38.1809 2.0155 0.0000
39.1857 2.0155 0.0000 40.1905 2.0155 0.0000 41.1952 2.0155 0.0000
42.2000 2.0155 0.0000 43.2048 2.0155 0.0000 44.2095 2.0155 0.0000
45.2143 2.0155 0.0000 46.2190 2.0155 0.0000 47.2238 2.0155 0.0000
48.2286 2.0155 0.0000 49.2333 2.0155 0.0000 50.2381 2.0155 0.0000
51.2428 2.0155 0.0000 52.2476 2.0155 0.0000 53.2524 2.0155 0.0000
54.2571 2.0155 0.0000 55.2619 2.0155 0.0000 56.2667 2.0155 0.0000
57.2714 2.0155 0.0000 58.2762 2.0155 0.0000 59.2809 2.0155 0.0000
60.2857 2.0155 0.0000 61.2905 2.0155 0.0000 62.2952 2.0155 0.0000
63.3000 2.0155 0.0000 64.3048 2.0155 0.0000 65.3095 2.0155 0.0000
66.3143 2.0155 0.0000 67.3190 2.0155 0.0000 68.3238 2.0155 0.0000
69.3286 2.0155 0.0000 70.3333 2.0155 0.0000 71.3381 2.0155 0.0000
72.3428 2.0155 0.0000 73.3476 2.0155 0.0000 74.3524 2.0155 0.0000
75.3571 2.0155 0.0000 76.3619 2.0155 0.0000 77.3667 2.0155 0.0000
78.3714 2.0155 0.0000 79.3762 2.0155 0.0000 80.3809 2.0155 0.0000
81.3857 2.0155 0.0000 82.3905 2.0155 0.0000 83.3952 2.0155 0.0000
84.4000 2.0155 0.0000 85.4047 2.0155 0.0000 86.4095 2.0155 0.0000
87.4143 2.0155 0.0000 88.4190 2.0155 0.0000 89.4238 2.0155 0.0000
90.4286 2.0155 0.0000 91.4333 2.0155 0.0000 92.4381 2.0155 0.0000
93.4428 2.0155 0.0000 94.4476 2.0155 0.0000 95.4524 2.0155 0.0000
96.4571 2.0155 0.0000 97.4619 2.0155 0.0000 98.4667 2.0155 0.0000
99.4714 2.0155 0.0000 100.4762 2.0155 0.0000 101.4809 2.0155 0.0000
102.4857 2.0155 0.0000 103.4905 2.0155 0.0000 104.4952 2.0155 0.0000
105.5000 2.0155 0.0000 106.5047 2.0155 0.0000 107.5095 2.0155 0.0000
108.5143 2.0155 0.0000 109.5190 2.0155 0.0000 110.5238 2.0155 0.0000
111.5286 2.0155 0.0000 112.5333 2.0155 0.0000 113.5381 2.0155 0.0000
114.5428 2.0155 0.0000 115.5476 2.0155 0.0000 116.5524 2.0155 0.0000
117.5571 2.0155 0.0000 118.5619 2.0155 0.0000 119.5666 2.0155 0.0000
0.0000 3.0233 0.0000 1.0048 3.0233 0.0000 2.0095 3.0233 0.0000
3.0143 3.0233 0.0000 4.0190 3.0233 0.0000 5.0238 3.0233 0.0000
6.0286 3.0233 0.0000 7.0333 3.0233 0.0000 8.0381 3.0233 0.0000
9.0429 3.0233 0.0000 10.0476 3.0233 0.0000 11.0524 3.0233 0.0000
12.0571 3.0233 0.0000 13.0619 3.0233 0.0000 14.0667 3.0233 0.0000
15.0714 3.0233 0.0000 16.0762 3.0233 0.0000 17.0809 3.0233 0.0000
18.0857 3.0233 0.0000 19.0905 3.0233 0.0000 20.0952 3.0233 0.0000
21.1000 3.0233 0.0000 22.1048 3.0233 0.0000 23.1095 3.0233 0.0000
24.1143 3.0233 0.0000 25.1190 3.0233 0.0000 26.1238 3.0233 0.0000
27.1286 3.0233 0.0000 28.1333 3.0233 0.0000 29.1381 3.0233 0.0000
30.1429 3.0233 0.0000 31.1476 3.0233 0.0000 32.1524 3.0233 0.0000
33.1571 3.0233 0.0000 34.1619 3.0233 0.0000 35.1667 3.0233 0.0000
36.1714 3.0233 0.0000 37.1762 3.0233 0.0000 38.1809 3.0233 0.0000
39.1857 3.0233 0.0000 40.1905 3.0233 0.0000 41.1952 3.0233 0.0000
42.2000 3.0233 0.0000 43.2048 3.0233 0.0000 44.2095 3.0233 0.0000
45.2143 3.0233 0.0000 46.2190 3.0233 0.0000 47.2238 3.0233 0.0000
48.2286 3.0233 0.0000 49.2333 3.0233 0.0000 50.2381 3.0233 0.0000
51.2428 3.0233 0.0000 52.2476 3.0233 0.0000 53.2524 3.0233 0.0000
54.2571 3.0233 0.0000 55.2619 3.0233 0.0000 56.2667 3.0233 0.0000
57.2714 3.0233 0.0000 58.2762 3.0233 0.0000 59.2809 3.0233 0.0000
60.2857 3.0233 0.0000 61.2905 3.0233 0.0000 62.2952 3.0233 0.0000
63.3000 3.0233 0.0000 64.3048 3.0233 0.0000 65.3095 3.0233 0.0000
66.3143 3.0233 0.0000 67.3190 3.0233 0.0000 68.3238 3.0233 0.0000
69.3286 3.0233 0.0000 70.3333 3.0233 0.0000 71.3381 3.0233 0.0000
72.3428 3.0233 0.0000 73.3476 3.0233 0.0000 74.3524 3.0233 0.0000
75.3571 3.0233 0.0000 76.3619 3.0233 0.0000 77.3667 3.0233 0.0000
78.3714 3.0233 0.0000 79.3762 3.0233 0.0000 80.3809 3.0233 0.0000
81.3857 3.0233 0.0000 82.3905 3.0233 0.0000 83.3952 3.0233 0.0000
84.4000 3.0233 0.0000 85.4047 3.0233 0.0000 86.4095 3.0233 0.0000
87.4143 3.0233 0.0000 88.4190 3.0233 0.0000 89.4238 3.0233 0.0000
90.4286 3.0233 0.0000 91.4333 3.0233 0.0000 92.4381 3.0233 0.0000
93.4428 3.0233 0.0000 94.4476 3.0233 0.0000 95.4524 3.0233 0.0000
96.4571 3.0233 0.0000 97.4619 3.0233 0.0000 98.4667 3.0233 0.0000
99.4714 3.0233 0.0000 100.4762 3.0233 0.0000 101.4809 3.0233 0.0000
102.4857 3.0233 0.0000 103.4905 3.0233 0.0000 104.4952 3.0233 0.0000
105.5000 3.0233 0.0000 106.5047 3.0233 0.0000 107.5095 3.0233 0.0000
108.5143 3.0233 0.0000 109.5190 3.0233 0.0000 110.5238 3.0233 0.0000
111.5286 3.0233 0.0000 112.5333 3.0233 0.0000 113.5381 3.0233 0.0000
114.5428 3.0233 0.0000 115.5476 3.0233 0.0000 116.5524 3.0233 0.0000
117.5571 3.0233 0.0000 118.5619 3.0233 0.0000 119.5666 3.0233 0.0000
0.0000 4.0311 0.0000 1.0048 4.0311 0.0000 2.0095 4.0311 0.0000
3.0143 4.0311 0.0000 4.0190 4.0311 0.0000 5.0238 4.0311 0.0000
6.0286 4.0311 0.0000 7.0333 4.0311 0.0000 8.0381 4.0311 0.0000
9.0429 4.0311 0.0000 10.0476 4.0311 0.0000 11.0524 4.0311 0.0000
12.0571 4.0311 0.0000 13.0619 4.0311 0.0000 14.0667 4.0311 0.0000
15.0714 4.0311 0.0000 16.0762 4.0311 0.0000 17.0809 4.0311 0.0000
18.0857 4.0311 0.0000 19.0905 4.0311 0.0000 20.0952 4.0311 0.0000
21.1000 4.0311 0.0000 22.1048 4.0311 0.0000 23.1095 4.0311 0.0000
24.1143 4.0311 0.0000 25.1190 4.0311 0.0000 26.1238 4.0311 0.0000
27.1286 4.0311 0.0000 28.1333 4.0311 0.0000 29.1381 4.0311 0.0000
30.1429 4.0311 0.0000 31.1476 4.0311 0.0000 32.1524 4.0311 0.0000
33.1571 4.0311 0.0000 34.1619 4.0311 0.0000 35.1667 4.0311 0.0000
36.1714 4.0311 0.0000 37.1762 4.0311 0.0000 38.1809 4.0311 0.0000
39.1857 4.0311 0.0000 40.1905 4.0311 0.0000 41.1952 4.0311 0.0000
42.2000 4.0311 0.0000 43.2048 4.0311 0.0000 44.2095 4.0311 0.0000
45.2143 4.0311 0.0000 46.2190 4.0311 0.0000 47.2238 4.0311 0.0000
48.2286 4.0311 0.0000 49.2333 4.0311 0.0000 50.2381 4.0311 0.0000
51.2428 4.0311 0.0000 52.2476 4.0311 0.0000 53.2524 4.0311 0.0000
54.2571 4.0311 0.0000 55.2619 4.0311 0.0000 56.2667 4.0311 0.0000
57.2714 4.0311 0.0000 58.2762 4.0311 0.0000 59.2809 4.0311 0.0000
60.2857 4.0311 0.0000 61.2905 4.0311 0.0000 62.2952 4.0311 0.0000
63.3000 4.0311 0.0000 64.3048 4.0311 0.0000 65.3095 4.0311 0.0000
66.3143 4.0311 0.0000 67.3190 4.0311 0.0000 68.3238 4.0311 0.0000
69.3286 4.0311 0.0000 70.3333 4.0311 0.0000 71.3381 4.0311 0.0000
72.3428 4.0311 0.0000 73.3476 4.0311 0.0000 74.3524 4.0311 0.0000
75.3571 4.0311 0.0000 76.3619 4.0311 0.0000 77.3667 4.0311 0.0000
78.3714 4.0311 0.0000 79.3762 4.0311 0.0000 80.3809 4.0311 0.0000
81.3857 4.0311 0.0000 82.3905 4.0311 0.0000 83.3952 4.0311 0.0000
84.4000 4.0311 0.0000 85.4047 4.0311 0.0000 86.4095 4.0311 0.0000
87.4143 4.0311 0.0000 88.4190 4.0311 0.0000 89.4238 4.0311 0.0000
90.4286 4.0311 0.0000 91.4333 4.0311 0.0000 92.4381 4.0311 0.0000
93.4428 4.0311 0.0000 94.4476 4.0311 0.0000 95.4524 4.0311 0.0000
96.4571 4.0311 0.0000 97.4619 4.0311 0.0000 98.4667 4.0311 0.0000
99.4714 4.0311 0.0000 100.4762 4.0311 0.0000 101.4809 4.0311 0.0000
102.4857 4.0311 0.0000 103.4905 4.0311 0.0000 104.4952 4.0311 0.0000
105.5000 4.0311 0.0000 106.5047 4.0311 0.0000 107.5095 4.0311 0.0000
108.5143 4.0311 0.0000 109.5190 4.0311 0.0000 110.5238 4.0311 0.0000
111.5286 4.0311 0.0000 112.5333 4.0311 0.0000 113.5381 4.0311 0.0000
114.5428 4.0311 0.0000 115.5476 4.0311 0.0000 116.5524 4.0311 0.0000
117.5571 4.0311 0.0000 118.5619 4.0311 0.0000 119.5666 4.0311 0.0000
0.0000 5.0389 0.0000 1.0048 5.0389 0.0000 2.0095 5.0389 0.0000
3.0143 5.0389 0.0000 4.0190 5.0389 0.0000 5.0238 5.0389 0.0000
6.0286 5.0389 0.0000 7.0333 5.0389 0.0000 8.0381 5.0389 0.0000
9.0429 5.0389 0.0000 10.0476 5.0389 0.0000 11.0524 5.0389 0.0000
12.0571 5.0389 0.0000 13.0619 5.0389 0.0000 14.0667 5.0389 0.0000
15.0714 5.0389 0.0000 16.0762 5.0389 0.0000 17.0809 5.0389 0.0000
18.0857 5.0389 0.0000 19.0905 5.0389 0.0000 20.0952 5.0389 0.0000
21.1000 5.0389 0.0000 22.1048 5.0389 0.0000 23.1095 5.0389 0.0000
24.1143 5.0389 0.0000 25.1190 5.0389 0.0000 26.1238 5.0389 0.0000
27.1286 5.0389 0.0000 28.1333 5.0389 0.0000 29.1381 5.0389 0.0000
30.1429 5.0389 0.0000 31.1476 5.0389 0.0000 32.1524 5.0389 0.0000
33.1571 5.0389 0.0000 34.1619 5.0389 0.0000 35.1667 5.0389 0.0000
36.1714 5.0389 0.0000 37.1762 5.0389 0.0000 38.1809 5.0389 0.0000
39.1857 5.0389 0.0000 40.1905 5.0389 0.0000 41.1952 5.0389 0.0000
42.2000 5.0389 0.0000 43.2048 5.0389 0.0000 44.2095 5.0389 0.0000
45.2143 5.0389 0.0000 46.2190 5.0389 0.0000 47.2238 5.0389 0.0000
48.2286 5.0389 0.0000 49.2333 5.0389 0.0000 50.2381 5.0389 0.0000
51.2428 5.0389 0.0000 52.2476 5.0389 0.0000 53.2524 5.0389 0.0000
54.2571 5.0389 0.0000 55.2619 5.0389 0.0000 56.2667 5.0389 0.0000
57.2714 5.0389 0.0000 58.2762 5.0389 0.0000 59.2809 5.0389 0.0000
60.2857 5.0389 0.0000 61.2905 5.0389 0.0000 62.2952 5.0389 0.0000
63.3000 5.0389 0.0000 64.3048 5.0389 0.0000 65.3095 5.0389 0.0000
66.3143 5.0389 0.0000 67.3190 5.0389 0.0000 68.3238 5.0389 0.0000
69.3286 5.0389 0.0000 70.3333 5.0389 0.0000 71.3381 5.0389 0.0000
72.3428 5.0389 0.0000 73.3476 5.0389 0.0000 74.3524 5.0389 0.0000
75.3571 5.0389 0.0000 76.3619 5.0389 0.0000 77.3667 5.0389 0.0000
78.3714 5.0389 0.0000 79.3762 5.0389 0.0000 80.3809 5.0389 0.0000
81.3857 5.0389 0.0000 82.3905 5.0389 0.0000 83.3952 5.0389 0.0000
84.4000 5.0389 0.0000 85.4047 5.0389 0.0000 86.4095 5.0389 0.0000
87.4143 5.0389 0.0000 88.4190 5.0389 0.0000 89.4238 5.0389 0.0000
90.4286 5.0389 0.0000 91.4333 5.0389 0.0000 92.4381 5.0389 0.0000
93.4428 5.0389 0.0000 94.4476 5.0389 0.0000 95.4524 5.0389 0.0000
96.4571 5.0389 0.0000 97.4619 5.0389 0.0000 98.4667 5.0389 0.0000
99.4714 5.0389 0.0000 100.4762 5.0389 0.0000 101.4809 5.0389 0.0000
102.4857 5.0389 0.0000 103.4905 5.0389 0.0000 104.4952 5.0389 0.0000
105.5000 5.0389 0.0000 106.5047 5.0389 0.0000 107.5095 5.0389 0.0000
108.5143 5.0389 0.0000 109.5190 5.0389 0.0000 110.5238 5.0389 0.0000
111.5286 5.0389 0.0000 112.5333 5.0389 0.0000 113.5381 5.0389 0.0000
114.5428 5.0389 0.0000 115.5476 5.0389 0.0000 116.5524 5.0389 0.0000
117.5571 5.0389 0.0000 118.5619 5.0389 0.0000 119.5666 5.0389 0.0000
0.0000 6.0466 0.0000 1.0048 6.0466 0.0000 2.0095 6.0466 0.0000
3.0143 6.0466 0.0000 4.0190 6.0466 0.0000 5.0238 6.0466 0.0000
6.0286 6.0466 0.0000 7.0333 6.0466 0.0000 8.0381 6.0466 0.0000
9.0429 6.0466 0.0000 10.0476 6.0466 0.0000 11.0524 6.0466 0.0000
12.0571 6.0466 0.0000 13.0619 6.0466 0.0000 14.0667 6.0466 0.0000
15.0714 6.0466 0.0000 16.0762 6.0466 0.0000 17.0809 6.0466 0.0000
18.0857 6.0466 0.0000 19.0905 6.0466 0.0000 20.0952 6.0466 0.0000
21.1000 6.0466 0.0000 22.1048 6.0466 0.0000 23.1095 6.0466 0.0000
24.1143 6.0466 0.0000 25.1190 6.0466 0.0000 26.1238 6.0466 0.0000
27.1286 6.0466 0.0000 28.1333 6.0466 0.0000 29.1381 6.0466 0.0000
30.1429 6.0466 0.0000 31.1476 6.0466 0.0000 32.1524 6.0466 0.0000
33.1571 6.0466 0.0000 34.1619 6.0466 0.0000 35.1667 6.0466 0.0000
36.1714 6.0466 0.0000 37.1762 6.0466 0.0000 38.1809 6.0466 0.0000
39.1857 6.0466 0.0000 40.1905 6.0466 0.0000 41.1952 6.0466 0.0000
42.2000 6.0466 0.0000 43.2048 6.0466 0.0000 44.2095 6.0466 0.0000
45.2143 6.0466 0.0000 46.2190 6.0466 0.0000 47.2238 6.0466 0.0000
48.2286 6.0466 0.0000 49.2333 6.0466 0.0000 50.2381 6.0466 0.0000
51.2428 6.0466 0.0000 52.2476 6.0466 0.0000 53.2524 6.0466 0.0000
54.2571 6.0466 0.0000 55.2619 6.0466 0.0000 56.2667 6.0466 0.0000
57.2714 6.0466 0.0000 58.2762 6.0466 0.0000 59.2809 6.0466 0.0000
60.2857 6.0466 0.0000 61.2905 6.0466 0.0000 62.2952 6.0466 0.0000
63.3000 6.0466 0.0000 64.3048 6.0466 0.0000 65.3095 6.0466 0.0000
66.3143 6.0466 0.0000 67.3190 6.0466 0.0000 68.3238 6.0466 0.0000
69.3286 6.0466 0.0000 70.3333 6.0466 0.0000 71.3381 6.0466 0.0000
72.3428 6.0466 0.0000 73.3476 6.0466 0.0000 74.3524 6.0466 0.0000
75.3571 6.0466 0.0000 76.3619 6.0466 0.0000 77.3667 6.0466 0.0000
78.3714 6.0466 0.0000 79.3762 6.0466 0.0000 80.3809 6.0466 0.0000
81.3857 6.0466 0.0000 82.3905 6.0466 0.0000 83.3952 6.0466 0.0000
84.4000 6.0466 0.0000 85.4047 6.0466 0.0000 86.4095 6.0466 0.0000
87.4143 6.0466 0.0000 88.4190 6.0466 0.0000 89.4238 6.0466 0.0000
90.4286 6.0466 0.0000 91.4333 6.0466 0.0000 92.4381 6.0466 0.0000
93.4428 6.0466 0.0000 94.4476 6.0466 0.0000 95.4524 6.0466 0.0000
96.4571 6.0466 0.0000 97.4619 6.0466 0.0000 98.4667 6.0466 0.0000
99.4714 6.0466 0.0000 100.4762 6.0466 0.0000 101.4809 6.0466 0.0000
102.4857 6.0466 0.0000 103.4905 6.0466 0.0000 104.4952 6.0466 0.0000
105.5000 6.0466 0.0000 106.5047 6.0466 0.0000 107.5095 6.0466 0.0000
108.5143 6.0466 0.0000 109.5190 6.0466 0.0000 110.5238 6.0466 0.0000
111.5286 6.0466 0.0000 112.5333 6.0466 0.0000 113.5381 6.0466 0.0000
114.5428 6.0466 0.0000 115.5476 6.0466 0.0000 116.5524 6.0466 0.0000
117.5571 6.0466 0.0000 118.5619 6.0466 0.0000 119.5666 6.0466 0.0000
0.0000 7.0544 0.0000 1.0048 7.0544 0.0000 2.0095 7.0544 0.0000
3.0143 7.0544 0.0000 4.0190 7.0544 0.0000 5.0238 7.0544 0.0000
6.0286 7.0544 0.0000 7.0333 7.0544 0.0000 8.0381 7.0544 0.0000
9.0429 7.0544 0.0000 10.0476 7.0544 0.0000 11.0524 7.0544 0.0000
12.0571 7.0544 0.0000 13.0619 7.0544 0.0000 14.0667 7.0544 0.0000
15.0714 7.0544 0.0000 16.0762 7.0544 0.0000 17.0809 7.0544 0.0000
18.0857 7.0544 0.0000 19.0905 7.0544 0.0000 20.0952 7.0544 0.0000
21.1000 7.0544 0.0000 22.1048 7.0544 0.0000 23.1095 7.0544 0.0000
24.1143 7.0544 0.0000 25.1190 7.0544 0.0000 26.1238 7.0544 0.0000
27.1286 7.0544 0.0000 28.1333 7.0544 0.0000 29.1381 7.0544 0.0000
30.1429 7.0544 0.0000 31.1476 7.0544 0.0000 32.1524 7.0544 0.0000
33.1571 7.0544 0.0000 34.1619 7.0544 0.0000 35.1667 7.0544 0.0000
36.1714 7.0544 0.0000 37.1762 7.0544 0.0000 38.1809 7.0544 0.0000
39.1857 7.0544 0.0000 40.1905 7.0544 0.0000 41.1952 7.0544 0.0000
42.2000 7.0544 0.0000 43.2048 7.0544 0.0000 44.2095 7.0544 0.0000
45.2143 7.0544 0.0000 46.2190 7.0544 0.0000 47.2238 7.0544 0.0000
48.2286 7.0544 0.0000 49.2333 7.0544 0.0000 50.2381 7.0544 0.0000
51.2428 7.0544 0.0000 52.2476 7.0544 0.0000 53.2524 7.0544 0.0000
54.2571 7.0544 0.0000 55.2619 7.0544 0.0000 56.2667 7.0544 0.0000
57.2714 7.0544 0.0000 58.2762 7.0544 0.0000 59.2809 7.0544 0.0000
60.2857 7.0544 0.0000 61.2905 7.0544 0.0000 62.2952 7.0544 0.0000
63.3000 7.0544 0.0000 64.3048 7.0544 0.0000 65.3095 7.0544 0.0000
66.3143 7.0544 0.0000 67.3190 7.0544 0.0000 68.3238 7.0544 0.0000
69.3286 7.0544 0.0000 70.3333 7.0544 0.0000 71.3381 7.0544 0.0000
72.3428 7.0544 0.0000 73.3476 7.0544 0.0000 74.3524 7.0544 0.0000
75.3571 7.0544 0.0000 76.3619 7.0544 0.0000 77.3667 7.0544 0.0000
78.3714 7.0544 0.0000 79.3762 7.0544 0.0000 80.3809 7.0544 0.0000
81.3857 7.0544 0.0000 82.3905 7.0544 0.0000 83.3952 7.0544 0.0000
84.4000 7.0544 0.0000 85.4047 7.0544 0.0000 86.4095 7.0544 0.0000
87.4143 7.0544 0.0000 88.4190 7.0544 0.0000 89.4238 7.0544 0.0000
90.4286 7.0544 0.0000 91.4333 7.0544 0.0000 92.4381 7.0544 0.0000
93.4428 7.0544 0.0000 94.4476 7.0544 0.0000 95.4524 7.0544 0.0000
96.4571 7.0544 0.0000 97.4619 7.0544 0.0000 98.4667 7.0544 0.0000
99.4714 7.0544 0.0000 100.4762 7.0544 0.0000 101.4809 7.0544 0.0000
102.4857 7.0544 0.0000 103.4905 7.0544 0.0000 104.4952 7.0544 0.0000
105.5000 7.0544 0.0000 106.5047 7.0544 0.0000 107.5095 7.0544 0.0000
108.5143 7.0544 0.0000 109.5190 7.0544 0.0000 110.5238 7.0544 0.0000
111.5286 7.0544 0.0000 112.5333 7.0544 0.0000 113.5381 7.0544 0.0000
114.5428 7.0544 0.0000 115.5476 7.0544 0.0000 116.5524 7.0544 0.0000
117.5571 7.0544 0.0000 118.5619 7.0544 0.0000 119.5666 7.0544 0.0000
0.0000 8.0622 0.0000 1.0048 8.0622 0.0000 2.0095 8.0622 0.0000
3.0143 8.0622 0.0000 4.0190 8.0622 0.0000 5.0238 8.0622 0.0000
6.0286 8.0622 0.0000 7.0333 8.0622 0.0000 8.0381 8.0622 0.0000
9.0429 8.0622 0.0000 10.0476 8.0622 0.0000 11.0524 8.0622 0.0000
12.0571 8.0622 0.0000 13.0619 8.0622 0.0000 14.0667 8.0622 0.0000
15.0714 8.0622 0.0000 16.0762 8.0622 0.0000 17.0809 8.0622 0.0000
18.0857 8.0622 0.0000 19.0905 8.0622 0.0000 20.0952 8.0622 0.0000
21.1000 8.0622 0.0000 22.1048 8.0622 0.0000 23.1095 8.0622 0.0000
24.1143 8.0622 0.0000 25.1190 8.0622 0.0000 26.1238 8.0622 0.0000
27.1286 8.0622 0.0000 28.1333 8.0622 0.0000 29.1381 8.0622 0.0000
30.1429 8.0622 0.0000 31.1476 8.0622 0.0000 32.1524 8.0622 0.0000
33.1571 8.0622 0.0000 34.1619 8.0622 0.0000 35.1667 8.0622 0.0000
36.1714 8.0622 0.0000 37.1762 8.0622 0.0000 38.1809 8.0622 0.0000
39.1857 8.0622 0.0000 40.1905 8.0622 0.0000 41.1952 8.0622 0.0000
42.2000 8.0622 0.0000 43.2048 8.0622 0.0000 44.2095 8.0622 0.0000
45.2143 8.0622 0.0000 46.2190 8.0622 0.0000 47.2238 8.0622 0.0000
48.2286 8.0622 0.0000 49.2333 8.0622 0.0000 50.2381 8.0622 0.0000
51.2428 8.0622 0.0000 52.2476 8.0622 0.0000 53.2524 8.0622 0.0000
54.2571 8.0622 0.0000 55.2619 8.0622 0.0000 56.2667 8.0622 0.0000
57.2714 8.0622 0.0000 58.2762 8.0622 0.0000 59.2809 8.0622 0.0000
60.2857 8.0622 0.0000 61.2905 8.0622 0.0000 62.2952 8.0622 0.0000
63.3000 8.0622 0.0000 64.3048 8.0622 0.0000 65.3095 8.0622 0.0000
66.3143 8.0622 0.0000 67.3190 8.0622 0.0000 68.3238 8.0622 0.0000
69.3286 8.0622 0.0000 70.3333 8.0622 0.0000 71.3381 8.0622 0.0000
72.3428 8.0622 0.0000 73.3476 8.0622 0.0000 74.3524 8.0622 0.0000
75.3571 8.0622 0.0000 76.3619 8.0622 0.0000 77.3667 8.0622 0.0000
78.3714 8.0622 0.0000 79.3762 8.0622 0.0000 80.3809 8.0622 0.0000
81.3857 8.0622 0.0000 82.3905 8.0622 0.0000 83.3952 8.0622 0.0000
84.4000 8.0622 0.0000 85.4047 8.0622 0.0000 86.4095 8.0622 0.0000
87.4143 8.0622 0.0000 88.4190 8.0622 0.0000 89.4238 8.0622 0.0000
90.4286 8.0622 0.0000 91.4333 8.0622 0.0000 92.4381 8.0622 0.0000
93.4428 8.0622 0.0000 94.4476 8.0622 0.0000 95.4524 8.0622 0.0000
96.4571 8.0622 0.0000 97.4619 8.0622 0.0000 98.4667 8.0622 0.0000
99.4714 8.0622 0.0000 100.4762 8.0622 0.0000 101.4809 8.0622 0.0000
102.4857 8.0622 0.0000 103.4905 8.0622 0.0000 104.4952 8.0622 0.0000
105.5000 8.0622 0.0000 106.5047 8.0622 0.0000 107.5095 8.0622 0.0000
108.5143 8.0622 0.0000 109.5190 8.0622 0.0000 110.5238 8.0622 0.0000
111.5286 8.0622 0.0000 112.5333 8.0622 0.0000 113.5381 8.0622 0.0000
114.5428 8.0622 0.0000 115.5476 8.0622 0.0000 116.5524 8.0622 0.0000
117.5571 8.0622 0.0000 118.5619 8.0622 0.0000 119.5666 8.0622 0.0000
0.0000 9.0699 0.0000 1.0048 9.0699 0.0000 2.0095 9.0699 0.0000
3.0143 9.0699 0.0000 4.0190 9.0699 0.0000 5.0238 9.0699 0.0000
6.0286 9.0699 0.0000 7.0333 9.0699 0.0000 8.0381 9.0699 0.0000
9.0429 9.0699 0.0000 10.0476 9.0699 0.0000 11.0524 9.0699 0.0000
12.0571 9.0699 0.0000 13.0619 9.0699 0.0000 14.0667 9.0699 0.0000
15.0714 9.0699 0.0000 16.0762 9.0699 0.0000 17.0809 9.0699 0.0000
18.0857 9.0699 0.0000 19.0905 9.0699 0.0000 20.0952 9.0699 0.0000
21.1000 9.0699 0.0000 22.1048 9.0699 0.0000 23.1095 9.0699 0.0000
24.1143 9.0699 0.0000 25.1190 9.0699 0.0000 26.1238 9.0699 0.0000
27.1286 9.0699 0.0000 28.1333 9.0699 0.0000 29.1381 9.0699 0.0000
30.1429 9.0699 0.0000 31.1476 9.0699 0.0000 32.1524 9.0699 0.0000
33.1571 9.0699 0.0000 34.1619 9.0699 0.0000 35.1667 9.0699 0.0000
36.1714 9.0699 0.0000 37.1762 9.0699 0.0000 38.1809 9.0699 0.0000
39.1857 9.0699 0.0000 40.1905 9.0699 0.0000 41.1952 9.0699 0.0000
42.2000 9.0699 0.0000 43.2048 9.0699 0.0000 44.2095 9.0699 0.0000
45.2143 9.0699 0.0000 46.2190 9.0699 0.0000 47.2238 9.0699 0.0000
48.2286 9.0699 0.0000 49.2333 9.0699 0.0000 50.2381 9.0699 0.0000
51.2428 9.0699 0.0000 52.2476 9.0699 0.0000 53.2524 9.0699 0.0000
54.2571 9.0699 0.0000 55.2619 9.0699 0.0000 56.2667 9.0699 0.0000
57.2714 9.0699 0.0000 58.2762 9.0699 0.0000 59.2809 9.0699 0.0000
60.2857 9.0699 0.0000 61.2905 9.0699 0.0000 62.2952 9.0699 0.0000
63.3000 9.0699 0.0000 64.3048 9.0699 0.0000 65.3095 9.0699 0.0000
66.3143 9.0699 0.0000 67.3190 9.0699 0.0000 68.3238 9.0699 0.0000
69.3286 9.0699 0.0000 70.3333 9.0699 0.0000 71.3381 9.0699 0.0000
72.3428 9.0699 0.0000 73.3476 9.0699 0.0000 74.3524 9.0699 0.0000
75.3571 9.0699 0.0000 76.3619 9.0699 0.0000 77.3667 9.0699 0.0000
78.3714 9.0699 0.0000 79.3762 9.0699 0.0000 80.3809 9.0699 0.0000
81.3857 9.0699 0.0000 82.3905 9.0699 0.0000 83.3952 9.0699 0.0000
84.4000 9.0699 0.0000 85.4047 9.0699 0.0000 86.4095 9.0699 0.0000
87.4143 9.0699 0.0000 88.4190 9.0699 0.0000 89.4238 9.0699 0.0000
90.4286 9.0699 0.0000 91.4333 9.0699 0.0000 92.4381 9.0699 0.0000
93.4428 9.0699 0.0000 94.4476 9.0699 0.0000 95.4524 9.0699 0.0000
96.4571 9.0699 0.0000 97.4619 9.0699 0.0000 98.4667 9.0699 0.0000
99.4714 9.0699 0.0000 100.4762 9.0699 0.0000 101.4809 9.0699 0.0000
102.4857 9.0699 0.0000 103.4905 9.0699 0.0000 104.4952 9.0699 0.0000
105.5000 9.0699 0.0000 106.5047 9.0699 0.0000 107.5095 9.0699 0.0000
108.5143 9.0699 0.0000 109.5190 9.0699 0.0000 110.5238 9.0699 0.0000
111.5286 9.0699 0.0000 112.5333 9.0699 0.0000 113.5381 9.0699 0.0000
114.5428 9.0699 0.0000 115.5476 9.0699 0.0000 116.5524 9.0699 0.0000
117.5571 9.0699 0.0000 118.5619 9.0699 0.0000 119.5666 9.0699 0.0000
0.0000 10.0777 0.0000 1.0048 10.0777 0.0000 2.0095 10.0777 0.0000
3.0143 10.0777 0.0000 4.0190 10.0777 0.0000 5.0238 10.0777 0.0000
6.0286 10.0777 0.0000 7.0333 10.0777 0.0000 8.0381 10.0777 0.0000
9.0429 10.0777 0.0000 10.0476 10.0777 0.0000 11.0524 10.0777 0.0000
12.0571 10.0777 0.0000 13.0619 10.0777 0.0000 14.0667 10.0777 0.0000
15.0714 10.0777 0.0000 16.0762 10.0777 0.0000 17.0809 10.0777 0.0000
18.0857 10.0777 0.0000 19.0905 10.0777 0.0000 20.0952 10.0777 0.0000
21.1000 10.0777 0.0000 22.1048 10.0777 0.0000 23.1095 10.0777 0.0000
24.1143 10.0777 0.0000 25.1190 10.0777 0.0000 26.1238 10.0777 0.0000
27.1286 10.0777 0.0000 28.1333 10.0777 0.0000 29.1381 10.0777 0.0000
30.1429 10.0777 0.0000 31.1476 10.0777 0.0000 32.1524 10.0777 0.0000
33.1571 10.0777 0.0000 34.1619 10.0777 0.0000 35.1667 10.0777 0.0000
36.1714 10.0777 0.0000 37.1762 10.0777 0.0000 38.1809 10.0777 0.0000
39.1857 10.0777 0.0000 40.1905 10.0777 0.0000 41.1952 10.0777 0.0000
42.2000 10.0777 0.0000 43.2048 10.0777 0.0000 44.2095 10.0777 0.0000
45.2143 10.0777 0.0000 46.2190 10.0777 0.0000 47.2238 10.0777 0.0000
48.2286 10.0777 0.0000 49.2333 10.0777 0.0000 50.2381 10.0777 0.0000
51.2428 10.0777 0.0000 52.2476 10.0777 0.0000 53.2524 10.0777 0.0000
54.2571 10.0777 0.0000 55.2619 10.0777 0.0000 56.2667 10.0777 0.0000
57.2714 10.0777 0.0000 58.2762 10.0777 0.0000 59.2809 10.0777 0.0000
60.2857 10.0777 0.0000 61.2905 10.0777 0.0000 62.2952 10.0777 0.0000
63.3000 10.0777 0.0000 64.3048 10.0777 0.0000 65.3095 10.0777 0.0000
66.3143 10.0777 0.0000 67.3190 10.0777 0.0000 68.3238 10.0777 0.0000
69.3286 10.0777 0.0000 70.3333 10.0777 0.0000 71.3381 10.0777 0.0000
72.3428 10.0777 0.0000 73.3476 10.0777 0.0000 74.3524 10.0777 0.0000
75.3571 10.0777 0.0000 76.3619 10.0777 0.0000 77.3667 10.0777 0.0000
78.3714 10.0777 0.0000 79.3762 10.0777 0.0000 80.3809 10.0777 0.0000
81.3857 10.0777 0.0000 82.3905 10.0777 0.0000 83.3952 10.0777 0.0000
84.4000 10.0777 0.0000 85.4047 10.0777 0.0000 86.4095 10.0777 0.0000
87.4143 10.0777 0.0000 88.4190 10.0777 0.0000 89.4238 10.0777 0.0000
90.4286 10.0777 0.0000 91.4333 10.0777 0.0000 92.4381 10.0777 0.0000
93.4428 10.0777 0.0000 94.4476 10.0777 0.0000 95.4524 10.0777 0.0000
96.4571 10.0777 0.0000 97.4619 10.0777 0.0000 98.4667 10.0777 0.0000
99.4714 10.0777 0.0000 100.4762 10.0777 0.0000 101.4809 10.0777 0.0000
102.4857 10.0777 0.0000 103.4905 10.0777 0.0000 104.4952 10.0777 0.0000
105.5000 10.0777 0.0000 106.5047 10.0777 0.0000 107.5095 10.0777 0.0000
108.5143 10.0777 0.0000 109.5190 10.0777 0.0000 110.5238 10.0777 0.0000
111.5286 10.0777 0.0000 112.5333 10.0777 0.0000 113.5381 10.0777 0.0000
114.5428 10.0777 0.0000 115.5476 10.0777 0.0000 116.5524 10.0777 0.0000
117.5571 10.0777 0.0000 118.5619 10.0777 0.0000 119.5666 10.0777 0.0000
0.0000 11.0855 0.0000 1.0048 11.0855 0.0000 2.0095 11.0855 0.0000
3.0143 11.0855 0.0000 4.0190 11.0855 0.0000 5.0238 11.0855 0.0000
6.0286 11.0855 0.0000 7.0333 11.0855 0.0000 8.0381 11.0855 0.0000
9.0429 11.0855 0.0000 10.0476 11.0855 0.0000 11.0524 11.0855 0.0000
12.0571 11.0855 0.0000 13.0619 11.0855 0.0000 14.0667 11.0855 0.0000
15.0714 11.0855 0.0000 16.0762 11.0855 0.0000 17.0809 11.0855 0.0000
18.0857 11.0855 0.0000 19.0905 11.0855 0.0000 20.0952 11.0855 0.0000
21.1000 11.0855 0.0000 22.1048 11.0855 0.0000 23.1095 11.0855 0.0000
24.1143 11.0855 0.0000 25.1190 11.0855 0.0000 26.1238 11.0855 0.0000
27.1286 11.0855 0.0000 28.1333 11.0855 0.0000 29.1381 11.0855 0.0000
30.1429 11.0855 0.0000 31.1476 11.0855 0.0000 32.1524 11.0855 0.0000
33.1571 11.0855 0.0000 34.1619 11.0855 0.0000 35.1667 11.0855 0.0000
36.1714 11.0855 0.0000 37.1762 11.0855 0.0000 38.1809 11.0855 0.0000
39.1857 11.0855 0.0000 40.1905 11.0855 0.0000 41.1952 11.0855 0.0000
42.2000 11.0855 0.0000 43.2048 11.0855 0.0000 44.2095 11.0855 0.0000
45.2143 11.0855 0.0000 46.2190 11.0855 0.0000 47.2238 11.0855 0.0000
48.2286 11.0855 0.0000 49.2333 11.0855 0.0000 50.2381 11.0855 0.0000
51.2428 11.0855 0.0000 52.2476 11.0855 0.0000 53.2524 11.0855 0.0000
54.2571 11.0855 0.0000 55.2619 11.0855 0.0000 56.2667 11.0855 0.0000
57.2714 11.0855 0.0000 58.2762 11.0855 0.0000 59.2809 11.0855 0.0000
60.2857 11.0855 0.0000 61.2905 11.0855 0.0000 62.2952 11.0855 0.0000
63.3000 11.0855 0.0000 64.3048 11.0855 0.0000 65.3095 11.0855 0.0000
66.3143 11.0855 0.0000 67.3190 11.0855 0.0000 68.3238 11.0855 0.0000
69.3286 11.0855 0.0000 70.3333 11.0855 0.0000 71.3381 11.0855 0.0000
72.3428 11.0855 0.0000 73.3476 11.0855 0.0000 74.3524 11.0855 0.0000
75.3571 11.0855 0.0000 76.3619 11.0855 0.0000 77.3667 11.0855 0.0000
78.3714 11.0855 0.0000 79.3762 11.0855 0.0000 80.3809 11.0855 0.0000
81.3857 11.0855 0.0000 82.3905 11.0855 0.0000 83.3952 11.0855 0.0000
84.4000 11.0855 0.0000 85.4047 11.0855 0.0000 86.4095 11.0855 0.0000
87.4143 11.0855 0.0000 88.4190 11.0855 0.0000 89.4238 11.0855 0.0000
90.4286 11.0855 0.0000 91.4333 11.0855 0.0000 92.4381 11.0855 0.0000
93.4428 11.0855 0.0000 94.4476 11.0855 0.0000 95.4524 11.0855 0.0000
96.4571 11.0855 0.0000 97.4619 11.0855 0.0000 98.4667 11.0855 0.0000
99.4714 11.0855 0.0000 100.4762 11.0855 0.0000 101.4809 11.0855 0.0000
102.4857 11.0855 0.0000 103.4905 11.0855 0.0000 104.4952 11.0855 0.0000
105.5000 11.0855 0.0000 106.5047 11.0855 0.0000 107.5095 11.0855 0.0000
108.5143 11.0855 0.0000 109.5190 11.0855 0.0000 110.5238 11.0855 0.0000
111.5286 11.0855 0.0000 112.5333 11.0855 0.0000 113.5381 11.0855 0.0000
114.5428 11.0855 0.0000 115.5476 11.0855 0.0000 116.5524 11.0855 0.0000
117.5571 11.0855 0.0000 118.5619 11.0855 0.0000 119.5666 11.0855 0.0000
0.0000 12.0933 0.0000 1.0048 12.0933 0.0000 2.0095 12.0933 0.0000
3.0143 12.0933 0.0000 4.0190 12.0933 0.0000 5.0238 12.0933 0.0000
6.0286 12.0933 0.0000 7.0333 12.0933 0.0000 8.0381 12.0933 0.0000
9.0429 12.0933 0.0000 10.0476 12.0933 0.0000 11.0524 12.0933 0.0000
12.0571 12.0933 0.0000 13.0619 12.0933 0.0000 14.0667 12.0933 0.0000
15.0714 12.0933 0.0000 16.0762 12.0933 0.0000 17.0809 12.0933 0.0000
18.0857 12.0933 0.0000 19.0905 12.0933 0.0000 20.0952 12.0933 0.0000
21.1000 12.0933 0.0000 22.1048 12.0933 0.0000 23.1095 12.0933 0.0000
24.1143 12.0933 0.0000 25.1190 12.0933 0.0000 26.1238 12.0933 0.0000
27.1286 12.0933 0.0000 28.1333 12.0933 0.0000 29.1381 12.0933 0.0000
30.1429 12.0933 0.0000 31.1476 12.0933 0.0000 32.1524 12.0933 0.0000
33.1571 12.0933 0.0000 34.1619 12.0933 0.0000 35.1667 12.0933 0.0000
36.1714 12.0933 0.0000 37.1762 12.0933 0.0000 38.1809 12.0933 0.0000
39.1857 12.0933 0.0000 40.1905 12.0933 0.0000 41.1952 12.0933 0.0000
42.2000 12.0933 0.0000 43.2048 12.0933 0.0000 44.2095 12.0933 0.0000
45.2143 12.0933 0.0000 46.2190 12.0933 0.0000 47.2238 12.0933 0.0000
48.2286 12.0933 0.0000 49.2333 12.0933 0.0000 50.2381 12.0933 0.0000
51.2428 12.0933 0.0000 52.2476 12.0933 0.0000 53.2524 12.0933 0.0000
54.2571 12.0933 0.0000 55.2619 12.0933 0.0000 56.2667 12.0933 0.0000
57.2714 12.0933 0.0000 58.2762 12.0933 0.0000 59.2809 12.0933 0.0000
60.2857 12.0933 0.0000 61.2905 12.0933 0.0000 62.2952 12.0933 0.0000
63.3000 12.0933 0.0000 64.3048 12.0933 0.0000 65.3095 12.0933 0.0000
66.3143 12.0933 0.0000 67.3190 12.0933 0.0000 68.3238 12.0933 0.0000
69.3286 12.0933 0.0000 70.3333 12.0933 0.0000 71.3381 12.0933 0.0000
72.3428 12.0933 0.0000 73.3476 12.0933 0.0000 74.3524 12.0933 0.0000
75.3571 12.0933 0.0000 76.3619 12.0933 0.0000 77.3667 12.0933 0.0000
78.3714 12.0933 0.0000 79.3762 12.0933 0.0000 80.3809 12.0933 0.0000
81.3857 12.0933 0.0000 82.3905 12.0933 0.0000 83.3952 12.0933 0.0000
84.4000 12.0933 0.0000 85.4047 12.0933 0.0000 86.4095 12.0933 0.0000
87.4143 12.0933 0.0000 88.4190 12.0933 0.0000 89.4238 12.0933 0.0000
90.4286 12.0933 0.0000 91.4333 12.0933 0.0000 92.4381 12.0933 0.0000
93.4428 12.0933 0.0000 94.4476 12.0933 0.0000 95.4524 12.0933 0.0000
96.4571 12.0933 0.0000 97.4619 12.0933 0.0000 98.4667 12.0933 0.0000
99.4714 12.0933 0.0000 100.4762 12.0933 0.0000 101.4809 12.0933 0.0000
102.4857 12.0933 0.0000 103.4905 12.0933 0.0000 104.4952 12.0933 0.0000
105.5000 12.0933 0.0000 106.5047 12.0933 0.0000 107.5095 12.0933 0.0000
108.5143 12.0933 0.0000 109.5190 12.0933 0.0000 110.5238 12.0933 0.0000
111.5286 12.0933 0.0000 112.5333 12.0933 0.0000 113.5381 12.0933 0.0000
114.5428 12.0933 0.0000 115.5476 12.0933 0.0000 116.5524 12.0933 0.0000
117.5571 12.0933 0.0000 118.5619 12.0933 0.0000 119.5666 12.0933 0.0000
0.0000 13.1010 0.0000 1.0048 13.1010 0.0000 2.0095 13.1010 0.0000
3.0143 13.1010 0.0000 4.0190 13.1010 0.0000 5.0238 13.1010 0.0000
6.0286 13.1010 0.0000 7.0333 13.1010 0.0000 8.0381 13.1010 0.0000
9.0429 13.1010 0.0000 10.0476 13.1010 0.0000 11.0524 13.1010 0.0000
12.0571 13.1010 0.0000 13.0619 13.1010 0.0000 14.0667 13.1010 0.0000
15.0714 13.1010 0.0000 16.0762 13.1010 0.0000 17.0809 13.1010 0.0000
18.0857 13.1010 0.0000 19.0905 13.1010 0.0000 20.0952 13.1010 0.0000
21.1000 13.1010 0.0000 22.1048 13.1010 0.0000 23.1095 13.1010 0.0000
24.1143 13.1010 0.0000 25.1190 13.1010 0.0000 26.1238 13.1010 0.0000
27.1286 13.1010 0.0000 28.1333 13.1010 0.0000 29.1381 13.1010 0.0000
30.1429 13.1010 0.0000 31.1476 13.1010 0.0000 32.1524 13.1010 0.0000
33.1571 13.1010 0.0000 34.1619 13.1010 0.0000 35.1667 13.1010 0.0000
36.1714 13.1010 0.0000 37.1762 13.1010 0.0000 38.1809 13.1010 0.0000
39.1857 13.1010 0.0000 40.1905 13.1010 0.0000 41.1952 13.1010 0.0000
42.2000 13.1010 0.0000 43.2048 13.1010 0.0000 44.2095 13.1010 0.0000
45.2143 13.1010 0.0000 46.2190 13.1010 0.0000 47.2238 13.1010 0.0000
48.2286 13.1010 0.0000 49.2333 13.1010 0.0000 50.2381 13.1010 0.0000
51.2428 13.1010 0.0000 52.2476 13.1010 0.0000 53.2524 13.1010 0.0000
54.2571 13.1010 0.0000 55.2619 13.1010 0.0000 56.2667 13.1010 0.0000
57.2714 13.1010 0.0000 58.2762 13.1010 0.0000 59.2809 13.1010 0.0000
60.2857 13.1010 0.0000 61.2905 13.1010 0.0000 62.2952 13.1010 0.0000
63.3000 13.1010 0.0000 64.3048 13.1010 0.0000 65.3095 13.1010 0.0000
66.3143 13.1010 0.0000 67.3190 13.1010 0.0000 68.3238 13.1010 0.0000
69.3286 13.1010 0.0000 70.3333 13.1010 0.0000 71.3381 13.1010 0.0000
72.3428 13.1010 0.0000 73.3476 13.1010 0.0000 74.3524 13.1010 0.0000
75.3571 13.1010 0.0000 76.3619 13.1010 0.0000 77.3667 13.1010 0.0000
78.3714 13.1010 0.0000 79.3762 13.1010 0.0000 80.3809 13.1010 0.0000
81.3857 13.1010 0.0000 82.3905 13.1010 0.0000 83.3952 13.1010 0.0000
84.4000 13.1010 0.0000 85.4047 13.1010 0.0000 86.4095 13.1010 0.0000
87.4143 13.1010 0.0000 88.4190 13.1010 0.0000 89.4238 13.1010 0.0000
90.4286 13.1010 0.0000 91.4333 13.1010 0.0000 92.4381 13.1010 0.0000
93.4428 13.1010 0.0000 94.4476 13.1010 0.0000 95.4524 13.1010 0.0000
96.4571 13.1010 0.0000 97.4619 13.1010 0.0000 98.4667 13.1010 0.0000
99.4714 13.1010 0.0000 100.4762 13.1010 0.0000 101.4809 13.1010 0.0000
102.4857 13.1010 0.0000 103.4905 13.1010 0.0000 104.4952 13.1010 0.0000
105.5000 13.1010 0.0000 106.5047 13.1010 0.0000 107.5095 13.1010 0.0000
108.5143 13.1010 0.0000 109.5190 13.1010 0.0000 110.5238 13.1010 0.0000
111.5286 13.1010 0.0000 112.5333 13.1010 0.0000 113.5381 13.1010 0.0000
114.5428 13.1010 0.0000 115.5476 13.1010 0.0000 116.5524 13.1010 0.0000
117.5571 13.1010 0.0000 118.5619 13.1010 0.0000 119.5666 13.1010 0.0000
0.0000 14.1088 0.0000 1.0048 14.1088 0.0000 2.0095 14.1088 0.0000
3.0143 14.1088 0.0000 4.0190 14.1088 0.0000 5.0238 14.1088 0.0000
6.0286 14.1088 0.0000 7.0333 14.1088 0.0000 8.0381 14.1088 0.0000
9.0429 14.1088 0.0000 10.0476 14.1088 0.0000 11.0524 14.1088 0.0000
12.0571 14.1088 0.0000 13.0619 14.1088 0.0000 14.0667 14.1088 0.0000
15.0714 14.1088 0.0000 16.0762 14.1088 0.0000 17.0809 14.1088 0.0000
18.0857 14.1088 0.0000 19.0905 14.1088 0.0000 20.0952 14.1088 0.0000
21.1000 14.1088 0.0000 22.1048 14.1088 0.0000 23.1095 14.1088 0.0000
24.1143 14.1088 0.0000 25.1190 14.1088 0.0000 26.1238 14.1088 0.0000
27.1286 14.1088 0.0000 28.1333 14.1088 0.0000 29.1381 14.1088 0.0000
30.1429 14.1088 0.0000 31.1476 14.1088 0.0000 32.1524 14.1088 0.0000
33.1571 14.1088 0.0000 34.1619 14.1088 0.0000 35.1667 14.1088 0.0000
36.1714 14.1088 0.0000 37.1762 14.1088 0.0000 38.1809 14.1088 0.0000
39.1857 14.1088 0.0000 40.1905 14.1088 0.0000 41.1952 14.1088 0.0000
42.2000 14.1088 0.0000 43.2048 14.1088 0.0000 44.2095 14.1088 0.0000
45.2143 14.1088 0.0000 46.2190 14.1088 0.0000 47.2238 14.1088 0.0000
48.2286 14.1088 0.0000 49.2333 14.1088 0.0000 50.2381 14.1088 0.0000
51.2428 14.1088 0.0000 52.2476 14.1088 0.0000 53.2524 14.1088 0.0000
54.2571 14.1088 0.0000 55.2619 14.1088 0.0000 56.2667 14.1088 0.0000
57.2714 14.1088 0.0000 58.2762 14.1088 0.0000 59.2809 14.1088 0.0000
60.2857 14.1088 0.0000 61.2905 14.1088 0.0000 62.2952 14.1088 0.0000
63.3000 14.1088 0.0000 64.3048 14.1088 0.0000 65.3095 14.1088 0.0000
66.3143 14.1088 0.0000 67.3190 14.1088 0.0000 68.3238 14.1088 0.0000
69.3286 14.1088 0.0000 70.3333 14.1088 0.0000 71.3381 14.1088 0.0000
72.3428 14.1088 0.0000 73.3476 14.1088 0.0000 74.3524 14.1088 0.0000
75.3571 14.1088 0.0000 76.3619 14.1088 0.0000 77.3667 14.1088 0.0000
78.3714 14.1088 0.0000 79.3762 14.1088 0.0000 80.3809 14.1088 0.0000
81.3857 14.1088 0.0000 82.3905 14.1088 0.0000 83.3952 14.1088 0.0000
84.4000 14.1088 0.0000 85.4047 14.1088 0.0000 86.4095 14.1088 0.0000
87.4143 14.1088 0.0000 88.4190 14.1088 0.0000 89.4238 14.1088 0.0000
90.4286 14.1088 0.0000 91.4333 14.1088 0.0000 92.4381 14.1088 0.0000
93.4428 14.1088 0.0000 94.4476 14.1088 0.0000 95.4524 14.1088 0.0000
96.4571 14.1088 0.0000 97.4619 14.1088 0.0000 98.4667 14.1088 0.0000
99.4714 14.1088 0.0000 100.4762 14.1088 0.0000 101.4809 14.1088 0.0000
102.4857 14.1088 0.0000 103.4905 14.1088 0.0000 104.4952 14.1088 0.0000
105.5000 14.1088 0.0000 106.5047 14.1088 0.0000 107.5095 14.1088 0.0000
108.5143 14.1088 0.0000 109.5190 14.1088 0.0000 110.5238 14.1088 0.0000
111.5286 14.1088 0.0000 112.5333 14.1088 0.0000 113.5381 14.1088 0.0000
114.5428 14.1088 0.0000 115.5476 14.1088 0.0000 116.5524 14.1088 0.0000
117.5571 14.1088 0.0000 118.5619 14.1088 0.0000 119.5666 14.1088 0.0000
0.0000 15.1166 0.0000 1.0048 15.1166 0.0000 2.0095 15.1166 0.0000
3.0143 15.1166 0.0000 4.0190 15.1166 0.0000 5.0238 15.1166 0.0000
6.0286 15.1166 0.0000 7.0333 15.1166 0.0000 8.0381 15.1166 0.0000
9.0429 15.1166 0.0000 10.0476 15.1166 0.0000 11.0524 15.1166 0.0000
12.0571 15.1166 0.0000 13.0619 15.1166 0.0000 14.0667 15.1166 0.0000
15.0714 15.1166 0.0000 16.0762 15.1166 0.0000 17.0809 15.1166 0.0000
18.0857 15.1166 0.0000 19.0905 15.1166 0.0000 20.0952 15.1166 0.0000
21.1000 15.1166 0.0000 22.1048 15.1166 0.0000 23.1095 15.1166 0.0000
24.1143 15.1166 0.0000 25.1190 15.1166 0.0000 26.1238 15.1166 0.0000
27.1286 15.1166 0.0000 28.1333 15.1166 0.0000 29.1381 15.1166 0.0000
30.1429 15.1166 0.0000 31.1476 15.1166 0.0000 32.1524 15.1166 0.0000
33.1571 15.1166 0.0000 34.1619 15.1166 0.0000 35.1667 15.1166 0.0000
36.1714 15.1166 0.0000 37.1762 15.1166 0.0000 38.1809 15.1166 0.0000
39.1857 15.1166 0.0000 40.1905 15.1166 0.0000 41.1952 15.1166 0.0000
42.2000 15.1166 0.0000 43.2048 15.1166 0.0000 44.2095 15.1166 0.0000
45.2143 15.1166 0.0000 46.2190 15.1166 0.0000 47.2238 15.1166 0.0000
48.2286 15.1166 0.0000 49.2333 15.1166 0.0000 50.2381 15.1166 0.0000
51.2428 15.1166 0.0000 52.2476 15.1166 0.0000 53.2524 15.1166 0.0000
54.2571 15.1166 0.0000 55.2619 15.1166 0.0000 56.2667 15.1166 0.0000
57.2714 15.1166 0.0000 58.2762 15.1166 0.0000 59.2809 15.1166 0.0000
60.2857 15.1166 0.0000 61.2905 15.1166 0.0000 62.2952 15.1166 0.0000
63.3000 15.1166 0.0000 64.3048 15.1166 0.0000 65.3095 15.1166 0.0000
66.3143 15.1166 0.0000 67.3190 15.1166 0.0000 68.3238 15.1166 0.0000
69.3286 15.1166 0.0000 70.3333 15.1166 0.0000 71.3381 15.1166 0.0000
72.3428 15.1166 0.0000 73.3476 15.1166 0.0000 74.3524 15.1166 0.0000
75.3571 15.1166 0.0000 76.3619 15.1166 0.0000 77.3667 15.1166 0.0000
78.3714 15.1166 0.0000 79.3762 15.1166 0.0000 80.3809 15.1166 0.0000
81.3857 15.1166 0.0000 82.3905 15.1166 0.0000 83.3952 15.1166 0.0000
84.4000 15.1166 0.0000 85.4047 15.1166 0.0000 86.4095 15.1166 0.0000
87.4143 15.1166 0.0000 88.4190 15.1166 0.0000 89.4238 15.1166 0.0000
90.4286 15.1166 0.0000 91.4333 15.1166 0.0000 92.4381 15.1166 0.0000
93.4428 15.1166 0.0000 94.4476 15.1166 0.0000 95.4524 15.1166 0.0000
96.4571 15.1166 0.0000 97.4619 15.1166 0.0000 98.4667 15.1166 0.0000
99.4714 15.1166 0.0000 100.4762 15.1166 0.0000 101.4809 15.1166 0.0000
102.4857 15.1166 0.0000 103.4905 15.1166 0.0000 104.4952 15.1166 0.0000
105.5000 15.1166 0.0000 106.5047 15.1166 0.0000 107.5095 15.1166 0.0000
108.5143 15.1166 0.0000 109.5190 15.1166 0.0000 110.5238 15.1166 0.0000
111.5286 15.1166 0.0000 112.5333 15.1166 0.0000 113.5381 15.1166 0.0000
114.5428 15.1166 0.0000 115.5476 15.1166 0.0000 116.5524 15.1166 0.0000
117.5571 15.1166 0.0000 118.5619 15.1166 0.0000 119.5666 15.1166 0.0000
0.0000 16.1243 0.0000 1.0048 16.1243 0.0000 2.0095 16.1243 0.0000
3.0143 16.1243 0.0000 4.0190 16.1243 0.0000 5.0238 16.1243 0.0000
6.0286 16.1243 0.0000 7.0333 16.1243 0.0000 8.0381 16.1243 0.0000
9.0429 16.1243 0.0000 10.0476 16.1243 0.0000 11.0524 16.1243 0.0000
12.0571 16.1243 0.0000 13.0619 16.1243 0.0000 14.0667 16.1243 0.0000
15.0714 16.1243 0.0000 16.0762 16.1243 0.0000 17.0809 16.1243 0.0000
18.0857 16.1243 0.0000 19.0905 16.1243 0.0000 20.0952 16.1243 0.0000
21.1000 16.1243 0.0000 22.1048 16.1243 0.0000 23.1095 16.1243 0.0000
24.1143 16.1243 0.0000 25.1190 16.1243 0.0000 26.1238 16.1243 0.0000
27.1286 16.1243 0.0000 28.1333 16.1243 0.0000 29.1381 16.1243 0.0000
30.1429 16.1243 0.0000 31.1476 16.1243 0.0000 32.1524 16.1243 0.0000
33.1571 16.1243 0.0000 34.1619 16.1243 0.0000 35.1667 16.1243 0.0000
36.1714 16.1243 0.0000 37.1762 16.1243 0.0000 38.1809 16.1243 0.0000
39.1857 16.1243 0.0000 40.1905 16.1243 0.0000 41.1952 16.1243 0.0000
42.2000 16.1243 0.0000 43.2048 16.1243 0.0000 44.2095 16.1243 0.0000
45.2143 16.1243 0.0000 46.2190 16.1243 0.0000 47.2238 16.1243 0.0000
48.2286 16.1243 0.0000 49.2333 16.1243 0.0000 50.2381 16.1243 0.0000
51.2428 16.1243 0.0000 52.2476 16.1243 0.0000 53.2524 16.1243 0.0000
54.2571 16.1243 0.0000 55.2619 16.1243 0.0000 56.2667 16.1243 0.0000
57.2714 16.1243 0.0000 58.2762 16.1243 0.0000 59.2809 16.1243 0.0000
60.2857 16.1243 0.0000 61.2905 16.1243 0.0000 62.2952 16.1243 0.0000
63.3000 16.1243 0.0000 64.3048 16.1243 0.0000 65.3095 16.1243 0.0000
66.3143 16.1243 0.0000 67.3190 16.1243 0.0000 68.3238 16.1243 0.0000
69.3286 16.1243 0.0000 70.3333 16.1243 0.0000 71.3381 16.1243 0.0000
72.3428 16.1243 0.0000 73.3476 16.1243 0.0000 74.3524 16.1243 0.0000
75.3571 16.1243 0.0000 76.3619 16.1243 0.0000 77.3667 16.1243 0.0000
78.3714 16.1243 0.0000 79.3762 16.1243 0.0000 80.3809 16.1243 0.0000
81.3857 16.1243 0.0000 82.3905 16.1243 0.0000 83.3952 16.1243 0.0000
84.4000 16.1243 0.0000 85.4047 16.1243 0.0000 86.4095 16.1243 0.0000
87.4143 16.1243 0.0000 88.4190 16.1243 0.0000 89.4238 16.1243 0.0000
90.4286 16.1243 0.0000 91.4333 16.1243 0.0000 92.4381 16.1243 0.0000
93.4428 16.1243 0.0000 94.4476 16.1243 0.0000 95.4524 16.1243 0.0000
96.4571 16.1243 0.0000 97.4619 16.1243 0.0000 98.4667 16.1243 0.0000
99.4714 16.1243 0.0000 100.4762 16.1243 0.0000 101.4809 16.1243 0.0000
102.4857 16.1243 0.0000 103.4905 16.1243 0.0000 104.4952 16.1243 0.0000
105.5000 16.1243 0.0000 106.5047 16.1243 0.0000 107.5095 16.1243 0.0000
108.5143 16.1243 0.0000 109.5190 16.1243 0.0000 110.5238 16.1243 0.0000
111.5286 16.1243 0.0000 112.5333 16.1243 0.0000 113.5381 16.1243 0.0000
114.5428 16.1243 0.0000 115.5476 16.1243 0.0000 116.5524 16.1243 0.0000
117.5571 16.1243 0.0000 118.5619 16.1243 0.0000 119.5666 16.1243 0.0000
0.0000 17.1321 0.0000 1.0048 17.1321 0.0000 2.0095 17.1321 0.0000
3.0143 17.1321 0.0000 4.0190 17.1321 0.0000 5.0238 17.1321 0.0000
6.0286 17.1321 0.0000 7.0333 17.1321 0.0000 8.0381 17.1321 0.0000
9.0429 17.1321 0.0000 10.0476 17.1321 0.0000 11.0524 17.1321 0.0000
12.0571 17.1321 0.0000 13.0619 17.1321 0.0000 14.0667 17.1321 0.0000
15.0714 17.1321 0.0000 16.0762 17.1321 0.0000 17.0809 17.1321 0.0000
18.0857 17.1321 0.0000 19.0905 17.1321 0.0000 20.0952 17.1321 0.0000
21.1000 17.1321 0.0000 22.1048 17.1321 0.0000 23.1095 17.1321 0.0000
24.1143 17.1321 0.0000 25.1190 17.1321 0.0000 26.1238 17.1321 0.0000
27.1286 17.1321 0.0000 28.1333 17.1321 0.0000 29.1381 17.1321 0.0000
30.1429 17.1321 0.0000 31.1476 17.1321 0.0000 32.1524 17.1321 0.0000
33.1571 17.1321 0.0000 34.1619 17.1321 0.0000 35.1667 17.1321 0.0000
36.1714 17.1321 0.0000 37.1762 17.1321 0.0000 38.1809 17.1321 0.0000
39.1857 17.1321 0.0000 40.1905 17.1321 0.0000 41.1952 17.1321 0.0000
42.2000 17.1321 0.0000 43.2048 17.1321 0.0000 44.2095 17.1321 0.0000
45.2143 17.1321 0.0000 46.2190 17.1321 0.0000 47.2238 17.1321 0.0000
48.2286 17.1321 0.0000 49.2333 17.1321 0.0000 50.2381 17.1321 0.0000
51.2428 17.1321 0.0000 52.2476 17.1321 0.0000 53.2524 17.1321 0.0000
54.2571 17.1321 0.0000 55.2619 17.1321 0.0000 56.2667 17.1321 0.0000
57.2714 17.1321 0.0000 58.2762 17.1321 0.0000 59.2809 17.1321 0.0000
60.2857 17.1321 0.0000 61.2905 17.1321 0.0000 62.2952 17.1321 0.0000
63.3000 17.1321 0.0000 64.3048 17.1321 0.0000 65.3095 17.1321 0.0000
66.3143 17.1321 0.0000 67.3190 17.1321 0.0000 68.3238 17.1321 0.0000
69.3286 17.1321 0.0000 70.3333 17.1321 0.0000 71.3381 17.1321 0.0000
72.3428 17.1321 0.0000 73.3476 17.1321 0.0000 74.3524 17.1321 0.0000
75.3571 17.1321 0.0000 76.3619 17.1321 0.0000 77.3667 17.1321 0.0000
78.3714 17.1321 0.0000 79.3762 17.1321 0.0000 80.3809 17.1321 0.0000
81.3857 17.1321 0.0000 82.3905 17.1321 0.0000 83.3952 17.1321 0.0000
84.4000 17.1321 0.0000 85.4047 17.1321 0.0000 86.4095 17.1321 0.0000
87.4143 17.1321 0.0000 88.4190 17.1321 0.0000 89.4238 17.1321 0.0000
90.4286 17.1321 0.0000 91.4333 17.1321 0.0000 92.4381 17.1321 0.0000
93.4428 17.1321 0.0000 94.4476 17.1321 0.0000 95.4524 17.1321 0.0000
96.4571 17.1321 0.0000 97.4619 17.1321 0.0000 98.4667 17.1321 0.0000
99.4714 17.1321 0.0000 100.4762 17.1321 0.0000 101.4809 17.1321 0.0000
102.4857 17.1321 0.0000 103.4905 17.1321 0.0000 104.4952 17.1321 0.0000
105.5000 17.1321 0.0000 106.5047 17.1321 0.0000 107.5095 17.1321 0.0000
108.5143 17.1321 0.0000 109.5190 17.1321 0.0000 110.5238 17.1321 0.0000
111.5286 17.1321 0.0000 112.5333 17.1321 0.0000 113.5381 17.1321 0.0000
114.5428 17.1321 0.0000 115.5476 17.1321 0.0000 116.5524 17.1321 0.0000
117.5571 17.1321 0.0000 118.5619 17.1321 0.0000 119.5666 17.1321 0.0000
0.0000 18.1399 0.0000 1.0048 18.1399 0.0000 2.0095 18.1399 0.0000
3.0143 18.1399 0.0000 4.0190 18.1399 0.0000 5.0238 18.1399 0.0000
6.0286 18.1399 0.0000 7.0333 18.1399 0.0000 8.0381 18.1399 0.0000
9.0429 18.1399 0.0000 10.0476 18.1399 0.0000 11.0524 18.1399 0.0000
12.0571 18.1399 0.0000 13.0619 18.1399 0.0000 14.0667 18.1399 0.0000
15.0714 18.1399 0.0000 16.0762 18.1399 0.0000 17.0809 18.1399 0.0000
18.0857 18.1399 0.0000 19.0905 18.1399 0.0000 20.0952 18.1399 0.0000
21.1000 18.1399 0.0000 22.1048 18.1399 0.0000 23.1095 18.1399 0.0000
24.1143 18.1399 0.0000 25.1190 18.1399 0.0000 26.1238 18.1399 0.0000
27.1286 18.1399 0.0000 28.1333 18.1399 0.0000 29.1381 18.1399 0.0000
30.1429 18.1399 0.0000 31.1476 18.1399 0.0000 32.1524 18.1399 0.0000
33.1571 18.1399 0.0000 34.1619 18.1399 0.0000 35.1667 18.1399 0.0000
36.1714 18.1399 0.0000 37.1762 18.1399 0.0000 38.1809 18.1399 0.0000
39.1857 18.1399 0.0000 40.1905 18.1399 0.0000 41.1952 18.1399 0.0000
42.2000 18.1399 0.0000 43.2048 18.1399 0.0000 44.2095 18.1399 0.0000
45.2143 18.1399 0.0000 46.2190 18.1399 0.0000 47.2238 18.1399 0.0000
48.2286 18.1399 0.0000 49.2333 18.1399 0.0000 50.2381 18.1399 0.0000
51.2428 18.1399 0.0000 52.2476 18.1399 0.0000 53.2524 18.1399 0.0000
54.2571 18.1399 0.0000 55.2619 18.1399 0.0000 56.2667 18.1399 0.0000
57.2714 18.1399 0.0000 58.2762 18.1399 0.0000 59.2809 18.1399 0.0000
60.2857 18.1399 0.0000 61.2905 18.1399 0.0000 62.2952 18.1399 0.0000
63.3000 18.1399 0.0000 64.3048 18.1399 0.0000 65.3095 18.1399 0.0000
66.3143 18.1399 0.0000 67.3190 18.1399 0.0000 68.3238 18.1399 0.0000
69.3286 18.1399 0.0000 70.3333 18.1399 0.0000 71.3381 18.1399 0.0000
72.3428 18.1399 0.0000 73.3476 18.1399 0.0000 74.3524 18.1399 0.0000
75.3571 18.1399 0.0000 76.3619 18.1399 0.0000 77.3667 18.1399 0.0000
78.3714 18.1399 0.0000 79.3762 18.1399 0.0000 80.3809 18.1399 0.0000
81.3857 18.1399 0.0000 82.3905 18.1399 0.0000 83.3952 18.1399 0.0000
84.4000 18.1399 0.0000 85.4047 18.1399 0.0000 86.4095 18.1399 0.0000
87.4143 18.1399 0.0000 88.4190 18.1399 0.0000 89.4238 18.1399 0.0000
90.4286 18.1399 0.0000 91.4333 18.1399 0.0000 92.4381 18.1399 0.0000
93.4428 18.1399 0.0000 94.4476 18.1399 0.0000 95.4524 18.1399 0.0000
96.4571 18.1399 0.0000 97.4619 18.1399 0.0000 98.4667 18.1399 0.0000
99.4714 18.1399 0.0000 100.4762 18.1399 0.0000 101.4809 18.1399 0.0000
102.4857 18.1399 0.0000 103.4905 18.1399 0.0000 104.4952 18.1399 0.0000
105.5000 18.1399 0.0000 106.5047 18.1399 0.0000 107.5095 18.1399 0.0000
108.5143 18.1399 0.0000 109.5190 18.1399 0.0000 110.5238 18.1399 0.0000
111.5286 18.1399 0.0000 112.5333 18.1399 0.0000 113.5381 18.1399 0.0000
114.5428 18.1399 0.0000 115.5476 18.1399 0.0000 116.5524 18.1399 0.0000
117.5571 18.1399 0.0000 118.5619 18.1399 0.0000 119.5666 18.1399 0.0000
0.0000 19.1477 0.0000 1.0048 19.1477 0.0000 2.0095 19.1477 0.0000
3.0143 19.1477 0.0000 4.0190 19.1477 0.0000 5.0238 19.1477 0.0000
6.0286 19.1477 0.0000 7.0333 19.1477 0.0000 8.0381 19.1477 0.0000
9.0429 19.1477 0.0000 10.0476 19.1477 0.0000 11.0524 19.1477 0.0000
12.0571 19.1477 0.0000 13.0619 19.1477 0.0000 14.0667 19.1477 0.0000
15.0714 19.1477 0.0000 16.0762 19.1477 0.0000 17.0809 19.1477 0.0000
18.0857 19.1477 0.0000 19.0905 19.1477 0.0000 20.0952 19.1477 0.0000
21.1000 19.1477 0.0000 22.1048 19.1477 0.0000 23.1095 19.1477 0.0000
24.1143 19.1477 0.0000 25.1190 19.1477 0.0000 26.1238 19.1477 0.0000
27.1286 19.1477 0.0000 28.1333 19.1477 0.0000 29.1381 19.1477 0.0000
30.1429 19.1477 0.0000 31.1476 19.1477 0.0000 32.1524 19.1477 0.0000
33.1571 19.1477 0.0000 34.1619 19.1477 0.0000 35.1667 19.1477 0.0000
36.1714 19.1477 0.0000 37.1762 19.1477 0.0000 38.1809 19.1477 0.0000
39.1857 19.1477 0.0000 40.1905 19.1477 0.0000 41.1952 19.1477 0.0000
42.2000 19.1477 0.0000 43.2048 19.1477 0.0000 44.2095 19.1477 0.0000
45.2143 19.1477 0.0000 46.2190 19.1477 0.0000 47.2238 19.1477 0.0000
48.2286 19.1477 0.0000 49.2333 19.1477 0.0000 50.2381 19.1477 0.0000
51.2428 19.1477 0.0000 52.2476 19.1477 0.0000 53.2524 19.1477 0.0000
54.2571 19.1477 0.0000 55.2619 19.1477 0.0000 56.2667 19.1477 0.0000
57.2714 19.1477 0.0000 58.2762 19.1477 0.0000 59.2809 19.1477 0.0000
60.2857 19.1477 0.0000 61.2905 19.1477 0.0000 62.2952 19.1477 0.0000
63.3000 19.1477 0.0000 64.3048 19.1477 0.0000 65.3095 19.1477 0.0000
66.3143 19.1477 0.0000 67.3190 19.1477 0.0000 68.3238 19.1477 0.0000
69.3286 19.1477 0.0000 70.3333 19.1477 0.0000 71.3381 19.1477 0.0000
72.3428 19.1477 0.0000 73.3476 19.1477 0.0000 74.3524 19.1477 0.0000
75.3571 19.1477 0.0000 76.3619 19.1477 0.0000 77.3667 19.1477 0.0000
78.3714 19.1477 0.0000 79.3762 19.1477 0.0000 80.3809 19.1477 0.0000
81.3857 19.1477 0.0000 82.3905 19.1477 0.0000 83.3952 19.1477 0.0000
84.4000 19.1477 0.0000 85.4047 19.1477 0.0000 86.4095 19.1477 0.0000
87.4143 19.1477 0.0000 88.4190 19.1477 0.0000 89.4238 19.1477 0.0000
90.4286 19.1477 0.0000 91.4333 19.1477 0.0000 92.4381 19.1477 0.0000
93.4428 19.1477 0.0000 94.4476 19.1477 0.0000 95.4524 19.1477 0.0000
96.4571 19.1477 0.0000 97.4619 19.1477 0.0000 98.4667 19.1477 0.0000
99.4714 19.1477 0.0000 100.4762 19.1477 0.0000 101.4809 19.1477 0.0000
102.4857 19.1477 0.0000 103.4905 19.1477 0.0000 104.4952 19.1477 0.0000
105.5000 19.1477 0.0000 106.5047 19.1477 0.0000 107.5095 19.1477 0.0000
108.5143 19.1477 0.0000 109.5190 19.1477 0.0000 110.5238 19.1477 0.0000
111.5286 19.1477 0.0000 112.5333 19.1477 0.0000 113.5381 19.1477 0.0000
114.5428 19.1477 0.0000 115.5476 19.1477 0.0000 116.5524 19.1477 0.0000
117.5571 19.1477 0.0000 118.5619 19.1477 0.0000 119.5666 19.1477 0.0000
0.0000 20.1554 0.0000 1.0048 20.1554 0.0000 2.0095 20.1554 0.0000
3.0143 20.1554 0.0000 4.0190 20.1554 0.0000 5.0238 20.1554 0.0000
6.0286 20.1554 0.0000 7.0333 20.1554 0.0000 8.0381 20.1554 0.0000
9.0429 20.1554 0.0000 10.0476 20.1554 0.0000 11.0524 20.1554 0.0000
12.0571 20.1554 0.0000 13.0619 20.1554 0.0000 14.0667 20.1554 0.0000
15.0714 20.1554 0.0000 16.0762 20.1554 0.0000 17.0809 20.1554 0.0000
18.0857 20.1554 0.0000 19.0905 20.1554 0.0000 20.0952 20.1554 0.0000
21.1000 20.1554 0.0000 22.1048 20.1554 0.0000 23.1095 20.1554 0.0000
24.1143 20.1554 0.0000 25.1190 20.1554 0.0000 26.1238 20.1554 0.0000
27.1286 20.1554 0.0000 28.1333 20.1554 0.0000 29.1381 20.1554 0.0000
30.1429 20.1554 0.0000 31.1476 20.1554 0.0000 32.1524 20.1554 0.0000
33.1571 20.1554 0.0000 34.1619 20.1554 0.0000 35.1667 20.1554 0.0000
36.1714 20.1554 0.0000 37.1762 20.1554 0.0000 38.1809 20.1554 0.0000
39.1857 20.1554 0.0000 40.1905 20.1554 0.0000 41.1952 20.1554 0.0000
42.2000 20.1554 0.0000 43.2048 20.1554 0.0000 44.2095 20.1554 0.0000
45.2143 20.1554 0.0000 46.2190 20.1554 0.0000 47.2238 20.1554 0.0000
48.2286 20.1554 0.0000 49.2333 20.1554 0.0000 50.2381 20.1554 0.0000
51.2428 20.1554 0.0000 52.2476 20.1554 0.0000 53.2524 20.1554 0.0000
54.2571 20.1554 0.0000 55.2619 20.1554 0.0000 56.2667 20.1554 0.0000
57.2714 20.1554 0.0000 58.2762 20.1554 0.0000 59.2809 20.1554 0.0000
60.2857 20.1554 0.0000 61.2905 20.1554 0.0000 62.2952 20.1554 0.0000
63.3000 20.1554 0.0000 64.3048 20.1554 0.0000 65.3095 20.1554 0.0000
66.3143 20.1554 0.0000 67.3190 20.1554 0.0000 68.3238 20.1554 0.0000
69.3286 20.1554 0.0000 70.3333 20.1554 0.0000 71.3381 20.1554 0.0000
72.3428 20.1554 0.0000 73.3476 20.1554 0.0000 74.3524 20.1554 0.0000
75.3571 20.1554 0.0000 76.3619 20.1554 0.0000 77.3667 20.1554 0.0000
78.3714 20.1554 0.0000 79.3762 20.1554 0.0000 80.3809 20.1554 0.0000
81.3857 20.1554 0.0000 82.3905 20.1554 0.0000 83.3952 20.1554 0.0000
84.4000 20.1554 0.0000 85.4047 20.1554 0.0000 86.4095 20.1554 0.0000
87.4143 20.1554 0.0000 88.4190 20.1554 0.0000 89.4238 20.1554 0.0000
90.4286 20.1554 0.0000 91.4333 20.1554 0.0000 92.4381 20.1554 0.0000
93.4428 20.1554 0.0000 94.4476 20.1554 0.0000 95.4524 20.1554 0.0000
96.4571 20.1554 0.0000 97.4619 20.1554 0.0000 98.4667 20.1554 0.0000
99.4714 20.1554 0.0000 100.4762 20.1554 0.0000 101.4809 20.1554 0.0000
102.4857 20.1554 0.0000 103.4905 20.1554 0.0000 104.4952 20.1554 0.0000
105.5000 20.1554 0.0000 106.5047 20.1554 0.0000 107.5095 20.1554 0.0000
108.5143 20.1554 0.0000 109.5190 20.1554 0.0000 110.5238 20.1554 0.0000
111.5286 20.1554 0.0000 112.5333 20.1554 0.0000 113.5381 20.1554 0.0000
114.5428 20.1554 0.0000 115.5476 20.1554 0.0000 116.5524 20.1554 0.0000
117.5571 20.1554 0.0000 118.5619 20.1554 0.0000 119.5666 20.1554 0.0000
0.0000 21.1632 0.0000 1.0048 21.1632 0.0000 2.0095 21.1632 0.0000
3.0143 21.1632 0.0000 4.0190 21.1632 0.0000 5.0238 21.1632 0.0000
6.0286 21.1632 0.0000 7.0333 21.1632 0.0000 8.0381 21.1632 0.0000
9.0429 21.1632 0.0000 10.0476 21.1632 0.0000 11.0524 21.1632 0.0000
12.0571 21.1632 0.0000 13.0619 21.1632 0.0000 14.0667 21.1632 0.0000
15.0714 21.1632 0.0000 16.0762 21.1632 0.0000 17.0809 21.1632 0.0000
18.0857 21.1632 0.0000 19.0905 21.1632 0.0000 20.0952 21.1632 0.0000
21.1000 21.1632 0.0000 22.1048 21.1632 0.0000 23.1095 21.1632 0.0000
24.1143 21.1632 0.0000 25.1190 21.1632 0.0000 26.1238 21.1632 0.0000
27.1286 21.1632 0.0000 28.1333 21.1632 0.0000 29.1381 21.1632 0.0000
30.1429 21.1632 0.0000 31.1476 21.1632 0.0000 32.1524 21.1632 0.0000
33.1571 21.1632 0.0000 34.1619 21.1632 0.0000 35.1667 21.1632 0.0000
36.1714 21.1632 0.0000 37.1762 21.1632 0.0000 38.1809 21.1632 0.0000
39.1857 21.1632 0.0000 40.1905 21.1632 0.0000 41.1952 21.1632 0.0000
42.2000 21.1632 0.0000 43.2048 21.1632 0.0000 44.2095 21.1632 0.0000
45.2143 21.1632 0.0000 46.2190 21.1632 0.0000 47.2238 21.1632 0.0000
48.2286 21.1632 0.0000 49.2333 21.1632 0.0000 50.2381 21.1632 0.0000
51.2428 21.1632 0.0000 52.2476 21.1632 0.0000 53.2524 21.1632 0.0000
54.2571 21.1632 0.0000 55.2619 21.1632 0.0000 56.2667 21.1632 0.0000
57.2714 21.1632 0.0000 58.2762 21.1632 0.0000 59.2809 21.1632 0.0000
60.2857 21.1632 0.0000 61.2905 21.1632 0.0000 62.2952 21.1632 0.0000
63.3000 21.1632 0.0000 64.3048 21.1632 0.0000 65.3095 21.1632 0.0000
66.3143 21.1632 0.0000 67.3190 21.1632 0.0000 68.3238 21.1632 0.0000
69.3286 21.1632 0.0000 70.3333 21.1632 0.0000 71.3381 21.1632 0.0000
72.3428 21.1632 0.0000 73.3476 21.1632 0.0000 74.3524 21.1632 0.0000
75.3571 21.1632 0.0000 76.3619 21.1632 0.0000 77.3667 21.1632 0.0000
78.3714 21.1632 0.0000 79.3762 21.1632 0.0000 80.3809 21.1632 0.0000
81.3857 21.1632 0.0000 82.3905 21.1632 0.0000 83.3952 21.1632 0.0000
84.4000 21.1632 0.0000 85.4047 21.1632 0.0000 86.4095 21.1632 0.0000
87.4143 21.1632 0.0000 88.4190 21.1632 0.0000 89.4238 21.1632 0.0000
90.4286 21.1632 0.0000 91.4333 21.1632 0.0000 92.4381 21.1632 0.0000
93.4428 21.1632 0.0000 94.4476 21.1632 0.0000 95.4524 21.1632 0.0000
96.4571 21.1632 0.0000 97.4619 21.1632 0.0000 98.4667 21.1632 0.0000
99.4714 21.1632 0.0000 100.4762 21.1632 0.0000 101.4809 21.1632 0.0000
102.4857 21.1632 0.0000 103.4905 21.1632 0.0000 104.4952 21.1632 0.0000
105.5000 21.1632 0.0000 106.5047 21.1632 0.0000 107.5095 21.1632 0.0000
108.5143 21.1632 0.0000 109.5190 21.1632 0.0000 110.5238 21.1632 0.0000
111.5286 21.1632 0.0000 112.5333 21.1632 0.0000 113.5381 21.1632 0.0000
114.5428 21.1632 0.0000 115.5476 21.1632 0.0000 116.5524 21.1632 0.0000
117.5571 21.1632 0.0000 118.5619 21.1632 0.0000 119.5666 21.1632 0.0000
0.0000 22.1710 0.0000 1.0048 22.1710 0.0000 2.0095 22.1710 0.0000
3.0143 22.1710 0.0000 4.0190 22.1710 0.0000 5.0238 22.1710 0.0000
6.0286 22.1710 0.0000 7.0333 22.1710 0.0000 8.0381 22.1710 0.0000
9.0429 22.1710 0.0000 10.0476 22.1710 0.0000 11.0524 22.1710 0.0000
12.0571 22.1710 0.0000 13.0619 22.1710 0.0000 14.0667 22.1710 0.0000
15.0714 22.1710 0.0000 16.0762 22.1710 0.0000 17.0809 22.1710 0.0000
18.0857 22.1710 0.0000 19.0905 22.1710 0.0000 20.0952 22.1710 0.0000
21.1000 22.1710 0.0000 22.1048 22.1710 0.0000 23.1095 22.1710 0.0000
24.1143 22.1710 0.0000 25.1190 22.1710 0.0000 26.1238 22.1710 0.0000
27.1286 22.1710 0.0000 28.1333 22.1710 0.0000 29.1381 22.1710 0.0000
30.1429 22.1710 0.0000 31.1476 22.1710 0.0000 32.1524 22.1710 0.0000
33.1571 22.1710 0.0000 34.1619 22.1710 0.0000 35.1667 22.1710 0.0000
36.1714 22.1710 0.0000 37.1762 22.1710 0.0000 38.1809 22.1710 0.0000
39.1857 22.1710 0.0000 40.1905 22.1710 0.0000 41.1952 22.1710 0.0000
42.2000 22.1710 0.0000 43.2048 22.1710 0.0000 44.2095 22.1710 0.0000
45.2143 22.1710 0.0000 46.2190 22.1710 0.0000 47.2238 22.1710 0.0000
48.2286 22.1710 0.0000 49.2333 22.1710 0.0000 50.2381 22.1710 0.0000
51.2428 22.1710 0.0000 52.2476 22.1710 0.0000 53.2524 22.1710 0.0000
54.2571 22.1710 0.0000 55.2619 22.1710 0.0000 56.2667 22.1710 0.0000
57.2714 22.1710 0.0000 58.2762 22.1710 0.0000 59.2809 22.1710 0.0000
60.2857 22.1710 0.0000 61.2905 22.1710 0.0000 62.2952 22.1710 0.0000
63.3000 22.1710 0.0000 64.3048 22.1710 0.0000 65.3095 22.1710 0.0000
66.3143 22.1710 0.0000 67.3190 22.1710 0.0000 68.3238 22.1710 0.0000
69.3286 22.1710 0.0000 70.3333 22.1710 0.0000 71.3381 22.1710 0.0000
72.3428 22.1710 0.0000 73.3476 22.1710 0.0000 74.3524 22.1710 0.0000
75.3571 22.1710 0.0000 76.3619 22.1710 0.0000 77.3667 22.1710 0.0000
78.3714 22.1710 0.0000 79.3762 22.1710 0.0000 80.3809 22.1710 0.0000
81.3857 22.1710 0.0000 82.3905 22.1710 0.0000 83.3952 22.1710 0.0000
84.4000 22.1710 0.0000 85.4047 22.1710 0.0000 86.4095 22.1710 0.0000
87.4143 22.1710 0.0000 88.4190 22.1710 0.0000 89.4238 22.1710 0.0000
90.4286 22.1710 0.0000 91.4333 22.1710 0.0000 92.4381 22.1710 0.0000
93.4428 22.1710 0.0000 94.4476 22.1710 0.0000 95.4524 22.1710 0.0000
96.4571 22.1710 0.0000 97.4619 22.1710 0.0000 98.4667 22.1710 0.0000
99.4714 22.1710 0.0000 100.4762 22.1710 0.0000 101.4809 22.1710 0.0000
102.4857 22.1710 0.0000 103.4905 22.1710 0.0000 104.4952 22.1710 0.0000
105.5000 22.1710 0.0000 106.5047 22.1710 0.0000 107.5095 22.1710 0.0000
108.5143 22.1710 0.0000 109.5190 22.1710 0.0000 110.5238 22.1710 0.0000
111.5286 22.1710 0.0000 112.5333 22.1710 0.0000 113.5381 22.1710 0.0000
114.5428 22.1710 0.0000 115.5476 22.1710 0.0000 116.5524 22.1710 0.0000
117.5571 22.1710 0.0000 118.5619 22.1710 0.0000 119.5666 22.1710 0.0000
0.0000 23.1787 0.0000 1.0048 23.1787 0.0000 2.0095 23.1787 0.0000
3.0143 23.1787 0.0000 4.0190 23.1787 0.0000 5.0238 23.1787 0.0000
6.0286 23.1787 0.0000 7.0333 23.1787 0.0000 8.0381 23.1787 0.0000
9.0429 23.1787 0.0000 10.0476 23.1787 0.0000 11.0524 23.1787 0.0000
12.0571 23.1787 0.0000 13.0619 23.1787 0.0000 14.0667 23.1787 0.0000
15.0714 23.1787 0.0000 16.0762 23.1787 0.0000 17.0809 23.1787 0.0000
18.0857 23.1787 0.0000 19.0905 23.1787 0.0000 20.0952 23.1787 0.0000
21.1000 23.1787 0.0000 22.1048 23.1787 0.0000 23.1095 23.1787 0.0000
24.1143 23.1787 0.0000 25.1190 23.1787 0.0000 26.1238 23.1787 0.0000
27.1286 23.1787 0.0000 28.1333 23.1787 0.0000 29.1381 23.1787 0.0000
30.1429 23.1787 0.0000 31.1476 23.1787 0.0000 32.1524 23.1787 0.0000
33.1571 23.1787 0.0000 34.1619 23.1787 0.0000 35.1667 23.1787 0.0000
36.1714 23.1787 0.0000 37.1762 23.1787 0.0000 38.1809 23.1787 0.0000
39.1857 23.1787 0.0000 40.1905 23.1787 0.0000 41.1952 23.1787 0.0000
42.2000 23.1787 0.0000 43.2048 23.1787 0.0000 44.2095 23.1787 0.0000
45.2143 23.1787 0.0000 46.2190 23.1787 0.0000 47.2238 23.1787 0.0000
48.2286 23.1787 0.0000 49.2333 23.1787 0.0000 50.2381 23.1787 0.0000
51.2428 23.1787 0.0000 52.2476 23.1787 0.0000 53.2524 23.1787 0.0000
54.2571 23.1787 0.0000 55.2619 23.1787 0.0000 56.2667 23.1787 0.0000
57.2714 23.1787 0.0000 58.2762 23.1787 0.0000 59.2809 23.1787 0.0000
60.2857 23.1787 0.0000 61.2905 23.1787 0.0000 62.2952 23.1787 0.0000
63.3000 23.1787 0.0000 64.3048 23.1787 0.0000 65.3095 23.1787 0.0000
66.3143 23.1787 0.0000 67.3190 23.1787 0.0000 68.3238 23.1787 0.0000
69.3286 23.1787 0.0000 70.3333 23.1787 0.0000 71.3381 23.1787 0.0000
72.3428 23.1787 0.0000 73.3476 23.1787 0.0000 74.3524 23.1787 0.0000
75.3571 23.1787 0.0000 76.3619 23.1787 0.0000 77.3667 23.1787 0.0000
78.3714 23.1787 0.0000 79.3762 23.1787 0.0000 80.3809 23.1787 0.0000
81.3857 23.1787 0.0000 82.3905 23.1787 0.0000 83.3952 23.1787 0.0000
84.4000 23.1787 0.0000 85.4047 23.1787 0.0000 86.4095 23.1787 0.0000
87.4143 23.1787 0.0000 88.4190 23.1787 0.0000 89.4238 23.1787 0.0000
90.4286 23.1787 0.0000 91.4333 23.1787 0.0000 92.4381 23.1787 0.0000
93.4428 23.1787 0.0000 94.4476 23.1787 0.0000 95.4524 23.1787 0.0000
96.4571 23.1787 0.0000 97.4619 23.1787 0.0000 98.4667 23.1787 0.0000
99.4714 23.1787 0.0000 100.4762 23.1787 0.0000 101.4809 23.1787 0.0000
102.4857 23.1787 0.0000 103.4905 23.1787 0.0000 104.4952 23.1787 0.0000
105.5000 23.1787 0.0000 106.5047 23.1787 0.0000 107.5095 23.1787 0.0000
108.5143 23.1787 0.0000 109.5190 23.1787 0.0000 110.5238 23.1787 0.0000
111.5286 23.1787 0.0000 112.5333 23.1787 0.0000 113.5381 23.1787 0.0000
114.5428 23.1787 0.0000 115.5476 23.1787 0.0000 116.5524 23.1787 0.0000
117.5571 23.1787 0.0000 118.5619 23.1787 0.0000 119.5666 23.1787 0.0000
0.0000 24.1865 0.0000 1.0048 24.1865 0.0000 2.0095 24.1865 0.0000
3.0143 24.1865 0.0000 4.0190 24.1865 0.0000 5.0238 24.1865 0.0000
6.0286 24.1865 0.0000 7.0333 24.1865 0.0000 8.0381 24.1865 0.0000
9.0429 24.1865 0.0000 10.0476 24.1865 0.0000 11.0524 24.1865 0.0000
12.0571 24.1865 0.0000 13.0619 24.1865 0.0000 14.0667 24.1865 0.0000
15.0714 24.1865 0.0000 16.0762 24.1865 0.0000 17.0809 24.1865 0.0000
18.0857 24.1865 0.0000 19.0905 24.1865 0.0000 20.0952 24.1865 0.0000
21.1000 24.1865 0.0000 22.1048 24.1865 0.0000 23.1095 24.1865 0.0000
24.1143 24.1865 0.0000 25.1190 24.1865 0.0000 26.1238 24.1865 0.0000
27.1286 24.1865 0.0000 28.1333 24.1865 0.0000 29.1381 24.1865 0.0000
30.1429 24.1865 0.0000 31.1476 24.1865 0.0000 32.1524 24.1865 0.0000
33.1571 24.1865 0.0000 34.1619 24.1865 0.0000 35.1667 24.1865 0.0000
36.1714 24.1865 0.0000 37.1762 24.1865 0.0000 38.1809 24.1865 0.0000
39.1857 24.1865 0.0000 40.1905 24.1865 0.0000 41.1952 24.1865 0.0000
42.2000 24.1865 0.0000 43.2048 24.1865 0.0000 44.2095 24.1865 0.0000
45.2143 24.1865 0.0000 46.2190 24.1865 0.0000 47.2238 24.1865 0.0000
48.2286 24.1865 0.0000 49.2333 24.1865 0.0000 50.2381 24.1865 0.0000
51.2428 24.1865 0.0000 52.2476 24.1865 0.0000 53.2524 24.1865 0.0000
54.2571 24.1865 0.0000 55.2619 24.1865 0.0000 56.2667 24.1865 0.0000
57.2714 24.1865 0.0000 58.2762 24.1865 0.0000 59.2809 24.1865 0.0000
60.2857 24.1865 0.0000 61.2905 24.1865 0.0000 62.2952 24.1865 0.0000
63.3000 24.1865 0.0000 64.3048 24.1865 0.0000 65.3095 24.1865 0.0000
66.3143 24.1865 0.0000 67.3190 24.1865 0.0000 68.3238 24.1865 0.0000
69.3286 24.1865 0.0000 70.3333 24.1865 0.0000 71.3381 24.1865 0.0000
72.3428 24.1865 0.0000 73.3476 24.1865 0.0000 74.3524 24.1865 0.0000
75.3571 24.1865 0.0000 76.3619 24.1865 0.0000 77.3667 24.1865 0.0000
78.3714 24.1865 0.0000 79.3762 24.1865 0.0000 80.3809 24.1865 0.0000
81.3857 24.1865 0.0000 82.3905 24.1865 0.0000 83.3952 24.1865 0.0000
84.4000 24.1865 0.0000 85.4047 24.1865 0.0000 86.4095 24.1865 0.0000
87.4143 24.1865 0.0000 88.4190 24.1865 0.0000 89.4238 24.1865 0.0000
90.4286 24.1865 0.0000 91.4333 24.1865 0.0000 92.4381 24.1865 0.0000
93.4428 24.1865 0.0000 94.4476 24.1865 0.0000 95.4524 24.1865 0.0000
96.4571 24.1865 0.0000 97.4619 24.1865 0.0000 98.4667 24.1865 0.0000
99.4714 24.1865 0.0000 100.4762 24.1865 0.0000 101.4809 24.1865 0.0000
102.4857 24.1865 0.0000 103.4905 24.1865 0.0000 104.4952 24.1865 0.0000
105.5000 24.1865 0.0000 106.5047 24.1865 0.0000 107.5095 24.1865 0.0000
108.5143 24.1865 0.0000 109.5190 24.1865 0.0000 110.5238 24.1865 0.0000
111.5286 24.1865 0.0000 112.5333 24.1865 0.0000 113.5381 24.1865 0.0000
114.5428 24.1865 0.0000 115.5476 24.1865 0.0000 116.5524 24.1865 0.0000
117.5571 24.1865 0.0000 118.5619 24.1865 0.0000 119.5666 24.1865 0.0000
0.0000 25.1943 0.0000 1.0048 25.1943 0.0000 2.0095 25.1943 0.0000
3.0143 25.1943 0.0000 4.0190 25.1943 0.0000 5.0238 25.1943 0.0000
6.0286 25.1943 0.0000 7.0333 25.1943 0.0000 8.0381 25.1943 0.0000
9.0429 25.1943 0.0000 10.0476 25.1943 0.0000 11.0524 25.1943 0.0000
12.0571 25.1943 0.0000 13.0619 25.1943 0.0000 14.0667 25.1943 0.0000
15.0714 25.1943 0.0000 16.0762 25.1943 0.0000 17.0809 25.1943 0.0000
18.0857 25.1943 0.0000 19.0905 25.1943 0.0000 20.0952 25.1943 0.0000
21.1000 25.1943 0.0000 22.1048 25.1943 0.0000 23.1095 25.1943 0.0000
24.1143 25.1943 0.0000 25.1190 25.1943 0.0000 26.1238 25.1943 0.0000
27.1286 25.1943 0.0000 28.1333 25.1943 0.0000 29.1381 25.1943 0.0000
30.1429 25.1943 0.0000 31.1476 25.1943 0.0000 32.1524 25.1943 0.0000
33.1571 25.1943 0.0000 34.1619 25.1943 0.0000 35.1667 25.1943 0.0000
36.1714 25.1943 0.0000 37.1762 25.1943 0.0000 38.1809 25.1943 0.0000
39.1857 25.1943 0.0000 40.1905 25.1943 0.0000 41.1952 25.1943 0.0000
42.2000 25.1943 0.0000 43.2048 25.1943 0.0000 44.2095 25.1943 0.0000
45.2143 25.1943 0.0000 46.2190 25.1943 0.0000 47.2238 25.1943 0.0000
48.2286 25.1943 0.0000 49.2333 25.1943 0.0000 50.2381 25.1943 0.0000
51.2428 25.1943 0.0000 52.2476 25.1943 0.0000 53.2524 25.1943 0.0000
54.2571 25.1943 0.0000 55.2619 25.1943 0.0000 56.2667 25.1943 0.0000
57.2714 25.1943 0.0000 58.2762 25.1943 0.0000 59.2809 25.1943 0.0000
60.2857 25.1943 0.0000 61.2905 25.1943 0.0000 62.2952 25.1943 0.0000
63.3000 25.1943 0.0000 64.3048 25.1943 0.0000 65.3095 25.1943 0.0000
66.3143 25.1943 0.0000 67.3190 25.1943 0.0000 68.3238 25.1943 0.0000
69.3286 25.1943 0.0000 70.3333 25.1943 0.0000 71.3381 25.1943 0.0000
72.3428 25.1943 0.0000 73.3476 25.1943 0.0000 74.3524 25.1943 0.0000
75.3571 25.1943 0.0000 76.3619 25.1943 0.0000 77.3667 25.1943 0.0000
78.3714 25.1943 0.0000 79.3762 25.1943 0.0000 80.3809 25.1943 0.0000
81.3857 25.1943 0.0000 82.3905 25.1943 0.0000 83.3952 25.1943 0.0000
84.4000 25.1943 0.0000 85.4047 25.1943 0.0000 86.4095 25.1943 0.0000
87.4143 25.1943 0.0000 88.4190 25.1943 0.0000 89.4238 25.1943 0.0000
90.4286 25.1943 0.0000 91.4333 25.1943 0.0000 92.4381 25.1943 0.0000
93.4428 25.1943 0.0000 94.4476 25.1943 0.0000 95.4524 25.1943 0.0000
96.4571 25.1943 0.0000 97.4619 25.1943 0.0000 98.4667 25.1943 0.0000
99.4714 25.1943 0.0000 100.4762 25.1943 0.0000 101.4809 25.1943 0.0000
102.4857 25.1943 0.0000 103.4905 25.1943 0.0000 104.4952 25.1943 0.0000
105.5000 25.1943 0.0000 106.5047 25.1943 0.0000 107.5095 25.1943 0.0000
108.5143 25.1943 0.0000 109.5190 25.1943 0.0000 110.5238 25.1943 0.0000
111.5286 25.1943 0.0000 112.5333 25.1943 0.0000 113.5381 25.1943 0.0000
114.5428 25.1943 0.0000 115.5476 25.1943 0.0000 116.5524 25.1943 0.0000
117.5571 25.1943 0.0000 118.5619 25.1943 0.0000 119.5666 25.1943 0.0000
0.0000 26.2021 0.0000 1.0048 26.2021 0.0000 2.0095 26.2021 0.0000
3.0143 26.2021 0.0000 4.0190 26.2021 0.0000 5.0238 26.2021 0.0000
6.0286 26.2021 0.0000 7.0333 26.2021 0.0000 8.0381 26.2021 0.0000
9.0429 26.2021 0.0000 10.0476 26.2021 0.0000 11.0524 26.2021 0.0000
12.0571 26.2021 0.0000 13.0619 26.2021 0.0000 14.0667 26.2021 0.0000
15.0714 26.2021 0.0000 16.0762 26.2021 0.0000 17.0809 26.2021 0.0000
18.0857 26.2021 0.0000 19.0905 26.2021 0.0000 20.0952 26.2021 0.0000
21.1000 26.2021 0.0000 22.1048 26.2021 0.0000 23.1095 26.2021 0.0000
24.1143 26.2021 0.0000 25.1190 26.2021 0.0000 26.1238 26.2021 0.0000
27.1286 26.2021 0.0000 28.1333 26.2021 0.0000 29.1381 26.2021 0.0000
30.1429 26.2021 0.0000 31.1476 26.2021 0.0000 32.1524 26.2021 0.0000
33.1571 26.2021 0.0000 34.1619 26.2021 0.0000 35.1667 26.2021 0.0000
36.1714 26.2021 0.0000 37.1762 26.2021 0.0000 38.1809 26.2021 0.0000
39.1857 26.2021 0.0000 40.1905 26.2021 0.0000 41.1952 26.2021 0.0000
42.2000 26.2021 0.0000 43.2048 26.2021 0.0000 44.2095 26.2021 0.0000
45.2143 26.2021 0.0000 46.2190 26.2021 0.0000 47.2238 26.2021 0.0000
48.2286 26.2021 0.0000 49.2333 26.2021 0.0000 50.2381 26.2021 0.0000
51.2428 26.2021 0.0000 52.2476 26.2021 0.0000 53.2524 26.2021 0.0000
54.2571 26.2021 0.0000 55.2619 26.2021 0.0000 56.2667 26.2021 0.0000
57.2714 26.2021 0.0000 58.2762 26.2021 0.0000 59.2809 26.2021 0.0000
60.2857 26.2021 0.0000 61.2905 26.2021 0.0000 62.2952 26.2021 0.0000
63.3000 26.2021 0.0000 64.3048 26.2021 0.0000 65.3095 26.2021 0.0000
66.3143 26.2021 0.0000 67.3190 26.2021 0.0000 68.3238 26.2021 0.0000
69.3286 26.2021 0.0000 70.3333 26.2021 0.0000 71.3381 26.2021 0.0000
72.3428 26.2021 0.0000 73.3476 26.2021 0.0000 74.3524 26.2021 0.0000
75.3571 26.2021 0.0000 76.3619 26.2021 0.0000 77.3667 26.2021 0.0000
78.3714 26.2021 0.0000 79.3762 26.2021 0.0000 80.3809 26.2021 0.0000
81.3857 26.2021 0.0000 82.3905 26.2021 0.0000 83.3952 26.2021 0.0000
84.4000 26.2021 0.0000 85.4047 26.2021 0.0000 86.4095 26.2021 0.0000
87.4143 26.2021 0.0000 88.4190 26.2021 0.0000 89.4238 26.2021 0.0000
90.4286 26.2021 0.0000 91.4333 26.2021 0.0000 92.4381 26.2021 0.0000
93.4428 26.2021 0.0000 94.4476 26.2021 0.0000 95.4524 26.2021 0.0000
96.4571 26.2021 0.0000 97.4619 26.2021 0.0000 98.4667 26.2021 0.0000
99.4714 26.2021 0.0000 100.4762 26.2021 0.0000 101.4809 26.2021 0.0000
102.4857 26.2021 0.0000 103.4905 26.2021 0.0000 104.4952 26.2021 0.0000
105.5000 26.2021 0.0000 106.5047 26.2021 0.0000 107.5095 26.2021 0.0000
108.5143 26.2021 0.0000 109.5190 26.2021 0.0000 110.5238 26.2021 0.0000
111.5286 26.2021 0.0000 112.5333 26.2021 0.0000 113.5381 26.2021 0.0000
114.5428 26.2021 0.0000 115.5476 26.2021 0.0000 116.5524 26.2021 0.0000
117.5571 26.2021 0.0000 118.5619 26.2021 0.0000 119.5666 26.2021 0.0000
0.0000 27.2098 0.0000 1.0048 27.2098 0.0000 2.0095 27.2098 0.0000
3.0143 27.2098 0.0000 4.0190 27.2098 0.0000 5.0238 27.2098 0.0000
6.0286 27.2098 0.0000 7.0333 27.2098 0.0000 8.0381 27.2098 0.0000
9.0429 27.2098 0.0000 10.0476 27.2098 0.0000 11.0524 27.2098 0.0000
12.0571 27.2098 0.0000 13.0619 27.2098 0.0000 14.0667 27.2098 0.0000
15.0714 27.2098 0.0000 16.0762 27.2098 0.0000 17.0809 27.2098 0.0000
18.0857 27.2098 0.0000 19.0905 27.2098 0.0000 20.0952 27.2098 0.0000
21.1000 27.2098 0.0000 22.1048 27.2098 0.0000 23.1095 27.2098 0.0000
24.1143 27.2098 0.0000 25.1190 27.2098 0.0000 26.1238 27.2098 0.0000
27.1286 27.2098 0.0000 28.1333 27.2098 0.0000 29.1381 27.2098 0.0000
30.1429 27.2098 0.0000 31.1476 27.2098 0.0000 32.1524 27.2098 0.0000
33.1571 27.2098 0.0000 34.1619 27.2098 0.0000 35.1667 27.2098 0.0000
36.1714 27.2098 0.0000 37.1762 27.2098 0.0000 38.1809 27.2098 0.0000
39.1857 27.2098 0.0000 40.1905 27.2098 0.0000 41.1952 27.2098 0.0000
42.2000 27.2098 0.0000 43.2048 27.2098 0.0000 44.2095 27.2098 0.0000
45.2143 27.2098 0.0000 46.2190 27.2098 0.0000 47.2238 27.2098 0.0000
48.2286 27.2098 0.0000 49.2333 27.2098 0.0000 50.2381 27.2098 0.0000
51.2428 27.2098 0.0000 52.2476 27.2098 0.0000 53.2524 27.2098 0.0000
54.2571 27.2098 0.0000 55.2619 27.2098 0.0000 56.2667 27.2098 0.0000
57.2714 27.2098 0.0000 58.2762 27.2098 0.0000 59.2809 27.2098 0.0000
60.2857 27.2098 0.0000 61.2905 27.2098 0.0000 62.2952 27.2098 0.0000
63.3000 27.2098 0.0000 64.3048 27.2098 0.0000 65.3095 27.2098 0.0000
66.3143 27.2098 0.0000 67.3190 27.2098 0.0000 68.3238 27.2098 0.0000
69.3286 27.2098 0.0000 70.3333 27.2098 0.0000 71.3381 27.2098 0.0000
72.3428 27.2098 0.0000 73.3476 27.2098 0.0000 74.3524 27.2098 0.0000
75.3571 27.2098 0.0000 76.3619 27.2098 0.0000 77.3667 27.2098 0.0000
78.3714 27.2098 0.0000 79.3762 27.2098 0.0000 80.3809 27.2098 0.0000
81.3857 27.2098 0.0000 82.3905 27.2098 0.0000 83.3952 27.2098 0.0000
84.4000 27.2098 0.0000 85.4047 27.2098 0.0000 86.4095 27.2098 0.0000
87.4143 27.2098 0.0000 88.4190 27.2098 0.0000 89.4238 27.2098 0.0000
90.4286 27.2098 0.0000 91.4333 27.2098 0.0000 92.4381 27.2098 0.0000
93.4428 27.2098 0.0000 94.4476 27.2098 0.0000 95.4524 27.2098 0.0000
96.4571 27.2098 0.0000 97.4619 27.2098 0.0000 98.4667 27.2098 0.0000
99.4714 27.2098 0.0000 100.4762 27.2098 0.0000 101.4809 27.2098 0.0000
102.4857 27.2098 0.0000 103.4905 27.2098 0.0000 104.4952 27.2098 0.0000
105.5000 27.2098 0.0000 106.5047 27.2098 0.0000 107.5095 27.2098 0.0000
108.5143 27.2098 0.0000 109.5190 27.2098 0.0000 110.5238 27.2098 0.0000
111.5286 27.2098 0.0000 112.5333 27.2098 0.0000 113.5381 27.2098 0.0000
114.5428 27.2098 0.0000 115.5476 27.2098 0.0000 116.5524 27.2098 0.0000
117.5571 27.2098 0.0000 118.5619 27.2098 0.0000 119.5666 27.2098 0.0000
0.0000 28.2176 0.0000 1.0048 28.2176 0.0000 2.0095 28.2176 0.0000
3.0143 28.2176 0.0000 4.0190 28.2176 0.0000 5.0238 28.2176 0.0000
6.0286 28.2176 0.0000 7.0333 28.2176 0.0000 8.0381 28.2176 0.0000
9.0429 28.2176 0.0000 10.0476 28.2176 0.0000 11.0524 28.2176 0.0000
12.0571 28.2176 0.0000 13.0619 28.2176 0.0000 14.0667 28.2176 0.0000
15.0714 28.2176 0.0000 16.0762 28.2176 0.0000 17.0809 28.2176 0.0000
18.0857 28.2176 0.0000 19.0905 28.2176 0.0000 20.0952 28.2176 0.0000
21.1000 28.2176 0.0000 22.1048 28.2176 0.0000 23.1095 28.2176 0.0000
24.1143 28.2176 0.0000 25.1190 28.2176 0.0000 26.1238 28.2176 0.0000
27.1286 28.2176 0.0000 28.1333 28.2176 0.0000 29.1381 28.2176 0.0000
30.1429 28.2176 0.0000 31.1476 28.2176 0.0000 32.1524 28.2176 0.0000
33.1571 28.2176 0.0000 34.1619 28.2176 0.0000 35.1667 28.2176 0.0000
36.1714 28.2176 0.0000 37.1762 28.2176 0.0000 38.1809 28.2176 0.0000
39.1857 28.2176 0.0000 40.1905 28.2176 0.0000 41.1952 28.2176 0.0000
42.2000 28.2176 0.0000 43.2048 28.2176 0.0000 44.2095 28.2176 0.0000
45.2143 28.2176 0.0000 46.2190 28.2176 0.0000 47.2238 28.2176 0.0000
48.2286 28.2176 0.0000 49.2333 28.2176 0.0000 50.2381 28.2176 0.0000
51.2428 28.2176 0.0000 52.2476 28.2176 0.0000 53.2524 28.2176 0.0000
54.2571 28.2176 0.0000 55.2619 28.2176 0.0000 56.2667 28.2176 0.0000
57.2714 28.2176 0.0000 58.2762 28.2176 0.0000 59.2809 28.2176 0.0000
60.2857 28.2176 0.0000 61.2905 28.2176 0.0000 62.2952 28.2176 0.0000
63.3000 28.2176 0.0000 64.3048 28.2176 0.0000 65.3095 28.2176 0.0000
66.3143 28.2176 0.0000 67.3190 28.2176 0.0000 68.3238 28.2176 0.0000
69.3286 28.2176 0.0000 70.3333 28.2176 0.0000 71.3381 28.2176 0.0000
72.3428 28.2176 0.0000 73.3476 28.2176 0.0000 74.3524 28.2176 0.0000
75.3571 28.2176 0.0000 76.3619 28.2176 0.0000 77.3667 28.2176 0.0000
78.3714 28.2176 0.0000 79.3762 28.2176 0.0000 80.3809 28.2176 0.0000
81.3857 28.2176 0.0000 82.3905 28.2176 0.0000 83.3952 28.2176 0.0000
84.4000 28.2176 0.0000 85.4047 28.2176 0.0000 86.4095 28.2176 0.0000
87.4143 28.2176 0.0000 88.4190 28.2176 0.0000 89.4238 28.2176 0.0000
90.4286 28.2176 0.0000 91.4333 28.2176 0.0000 92.4381 28.2176 0.0000
93.4428 28.2176 0.0000 94.4476 28.2176 0.0000 95.4524 28.2176 0.0000
96.4571 28.2176 0.0000 97.4619 28.2176 0.0000 98.4667 28.2176 0.0000
99.4714 28.2176 0.0000 100.4762 28.2176 0.0000 101.4809 28.2176 0.0000
102.4857 28.2176 0.0000 103.4905 28.2176 0.0000 104.4952 28.2176 0.0000
105.5000 28.2176 0.0000 106.5047 28.2176 0.0000 107.5095 28.2176 0.0000
108.5143 28.2176 0.0000 109.5190 28.2176 0.0000 110.5238 28.2176 0.0000
111.5286 28.2176 0.0000 112.5333 28.2176 0.0000 113.5381 28.2176 0.0000
114.5428 28.2176 0.0000 115.5476 28.2176 0.0000 116.5524 28.2176 0.0000
117.5571 28.2176 0.0000 118.5619 28.2176 0.0000 119.5666 28.2176 0.0000
0.0000 29.2254 0.0000 1.0048 29.2254 0.0000 2.0095 29.2254 0.0000
3.0143 29.2254 0.0000 4.0190 29.2254 0.0000 5.0238 29.2254 0.0000
6.0286 29.2254 0.0000 7.0333 29.2254 0.0000 8.0381 29.2254 0.0000
9.0429 29.2254 0.0000 10.0476 29.2254 0.0000 11.0524 29.2254 0.0000
12.0571 29.2254 0.0000 13.0619 29.2254 0.0000 14.0667 29.2254 0.0000
15.0714 29.2254 0.0000 16.0762 29.2254 0.0000 17.0809 29.2254 0.0000
18.0857 29.2254 0.0000 19.0905 29.2254 0.0000 20.0952 29.2254 0.0000
21.1000 29.2254 0.0000 22.1048 29.2254 0.0000 23.1095 29.2254 0.0000
24.1143 29.2254 0.0000 25.1190 29.2254 0.0000 26.1238 29.2254 0.0000
27.1286 29.2254 0.0000 28.1333 29.2254 0.0000 29.1381 29.2254 0.0000
30.1429 29.2254 0.0000 31.1476 29.2254 0.0000 32.1524 29.2254 0.0000
33.1571 29.2254 0.0000 34.1619 29.2254 0.0000 35.1667 29.2254 0.0000
36.1714 29.2254 0.0000 37.1762 29.2254 0.0000 38.1809 29.2254 0.0000
39.1857 29.2254 0.0000 40.1905 29.2254 0.0000 41.1952 29.2254 0.0000
42.2000 29.2254 0.0000 43.2048 29.2254 0.0000 44.2095 29.2254 0.0000
45.2143 29.2254 0.0000 46.2190 29.2254 0.0000 47.2238 29.2254 0.0000
48.2286 29.2254 0.0000 49.2333 29.2254 0.0000 50.2381 29.2254 0.0000
51.2428 29.2254 0.0000 52.2476 29.2254 0.0000 53.2524 29.2254 0.0000
54.2571 29.2254 0.0000 55.2619 29.2254 0.0000 56.2667 29.2254 0.0000
57.2714 29.2254 0.0000 58.2762 29.2254 0.0000 59.2809 29.2254 0.0000
60.2857 29.2254 0.0000 61.2905 29.2254 0.0000 62.2952 29.2254 0.0000
63.3000 29.2254 0.0000 64.3048 29.2254 0.0000 65.3095 29.2254 0.0000
66.3143 29.2254 0.0000 67.3190 29.2254 0.0000 68.3238 29.2254 0.0000
69.3286 29.2254 0.0000 70.3333 29.2254 0.0000 71.3381 29.2254 0.0000
72.3428 29.2254 0.0000 73.3476 29.2254 0.0000 74.3524 29.2254 0.0000
75.3571 29.2254 0.0000 76.3619 29.2254 0.0000 77.3667 29.2254 0.0000
78.3714 29.2254 0.0000 79.3762 29.2254 0.0000 80.3809 29.2254 0.0000
81.3857 29.2254 0.0000 82.3905 29.2254 0.0000 83.3952 29.2254 0.0000
84.4000 29.2254 0.0000 85.4047 29.2254 0.0000 86.4095 29.2254 0.0000
87.4143 29.2254 0.0000 88.4190 29.2254 0.0000 89.4238 29.2254 0.0000
90.4286 29.2254 0.0000 91.4333 29.2254 0.0000 92.4381 29.2254 0.0000
93.4428 29.2254 0.0000 94.4476 29.2254 0.0000 95.4524 29.2254 0.0000
96.4571 29.2254 0.0000 97.4619 29.2254 0.0000 98.4667 29.2254 0.0000
99.4714 29.2254 0.0000 100.4762 29.2254 0.0000 101.4809 29.2254 0.0000
102.4857 29.2254 0.0000 103.4905 29.2254 0.0000 104.4952 29.2254 0.0000
105.5000 29.2254 0.0000 106.5047 29.2254 0.0000 107.5095 29.2254 0.0000
108.5143 29.2254 0.0000 109.5190 29.2254 0.0000 110.5238 29.2254 0.0000
111.5286 29.2254 0.0000 112.5333 29.2254 0.0000 113.5381 29.2254 0.0000
114.5428 29.2254 0.0000 115.5476 29.2254 0.0000 116.5524 29.2254 0.0000
117.5571 29.2254 0.0000 118.5619 29.2254 0.0000 119.5666 29.2254 0.0000
0.0000 30.2331 0.0000 1.0048 30.2331 0.0000 2.0095 30.2331 0.0000
3.0143 30.2331 0.0000 4.0190 30.2331 0.0000 5.0238 30.2331 0.0000
6.0286 30.2331 0.0000 7.0333 30.2331 0.0000 8.0381 30.2331 0.0000
9.0429 30.2331 0.0000 10.0476 30.2331 0.0000 11.0524 30.2331 0.0000
12.0571 30.2331 0.0000 13.0619 30.2331 0.0000 14.0667 30.2331 0.0000
15.0714 30.2331 0.0000 16.0762 30.2331 0.0000 17.0809 30.2331 0.0000
18.0857 30.2331 0.0000 19.0905 30.2331 0.0000 20.0952 30.2331 0.0000
21.1000 30.2331 0.0000 22.1048 30.2331 0.0000 23.1095 30.2331 0.0000
24.1143 30.2331 0.0000 25.1190 30.2331 0.0000 26.1238 30.2331 0.0000
27.1286 30.2331 0.0000 28.1333 30.2331 0.0000 29.1381 30.2331 0.0000
30.1429 30.2331 0.0000 31.1476 30.2331 0.0000 32.1524 30.2331 0.0000
33.1571 30.2331 0.0000 34.1619 30.2331 0.0000 35.1667 30.2331 0.0000
36.1714 30.2331 0.0000 37.1762 30.2331 0.0000 38.1809 30.2331 0.0000
39.1857 30.2331 0.0000 40.1905 30.2331 0.0000 41.1952 30.2331 0.0000
42.2000 30.2331 0.0000 43.2048 30.2331 0.0000 44.2095 30.2331 0.0000
45.2143 30.2331 0.0000 46.2190 30.2331 0.0000 47.2238 30.2331 0.0000
48.2286 30.2331 0.0000 49.2333 30.2331 0.0000 50.2381 30.2331 0.0000
51.2428 30.2331 0.0000 52.2476 30.2331 0.0000 53.2524 30.2331 0.0000
54.2571 30.2331 0.0000 55.2619 30.2331 0.0000 56.2667 30.2331 0.0000
57.2714 30.2331 0.0000 58.2762 30.2331 0.0000 59.2809 30.2331 0.0000
60.2857 30.2331 0.0000 61.2905 30.2331 0.0000 62.2952 30.2331 0.0000
63.3000 30.2331 0.0000 64.3048 30.2331 0.0000 65.3095 30.2331 0.0000
66.3143 30.2331 0.0000 67.3190 30.2331 0.0000 68.3238 30.2331 0.0000
69.3286 30.2331 0.0000 70.3333 30.2331 0.0000 71.3381 30.2331 0.0000
72.3428 30.2331 0.0000 73.3476 30.2331 0.0000 74.3524 30.2331 0.0000
75.3571 30.2331 0.0000 76.3619 30.2331 0.0000 77.3667 30.2331 0.0000
78.3714 30.2331 0.0000 79.3762 30.2331 0.0000 80.3809 30.2331 0.0000
81.3857 30.2331 0.0000 82.3905 30.2331 0.0000 83.3952 30.2331 0.0000
84.4000 30.2331 0.0000 85.4047 30.2331 0.0000 86.4095 30.2331 0.0000
87.4143 30.2331 0.0000 88.4190 30.2331 0.0000 89.4238 30.2331 0.0000
90.4286 30.2331 0.0000 91.4333 30.2331 0.0000 92.4381 30.2331 0.0000
93.4428 30.2331 0.0000 94.4476 30.2331 0.0000 95.4524 30.2331 0.0000
96.4571 30.2331 0.0000 97.4619 30.2331 0.0000 98.4667 30.2331 0.0000
99.4714 30.2331 0.0000 100.4762 30.2331 0.0000 101.4809 30.2331 0.0000
102.4857 30.2331 0.0000 103.4905 30.2331 0.0000 104.4952 30.2331 0.0000
105.5000 30.2331 0.0000 106.5047 30.2331 0.0000 107.5095 30.2331 0.0000
108.5143 30.2331 0.0000 109.5190 30.2331 0.0000 110.5238 30.2331 0.0000
111.5286 30.2331 0.0000 112.5333 30.2331 0.0000 113.5381 30.2331 0.0000
114.5428 30.2331 0.0000 115.5476 30.2331 0.0000 116.5524 30.2331 0.0000
117.5571 30.2331 0.0000 118.5619 30.2331 0.0000 119.5666 30.2331 0.0000
0.0000 31.2409 0.0000 1.0048 31.2409 0.0000 2.0095 31.2409 0.0000
3.0143 31.2409 0.0000 4.0190 31.2409 0.0000 5.0238 31.2409 0.0000
6.0286 31.2409 0.0000 7.0333 31.2409 0.0000 8.0381 31.2409 0.0000
9.0429 31.2409 0.0000 10.0476 31.2409 0.0000 11.0524 31.2409 0.0000
12.0571 31.2409 0.0000 13.0619 31.2409 0.0000 14.0667 31.2409 0.0000
15.0714 31.2409 0.0000 16.0762 31.2409 0.0000 17.0809 31.2409 0.0000
18.0857 31.2409 0.0000 19.0905 31.2409 0.0000 20.0952 31.2409 0.0000
21.1000 31.2409 0.0000 22.1048 31.2409 0.0000 23.1095 31.2409 0.0000
24.1143 31.2409 0.0000 25.1190 31.2409 0.0000 26.1238 31.2409 0.0000
27.1286 31.2409 0.0000 28.1333 31.2409 0.0000 29.1381 31.2409 0.0000
30.1429 31.2409 0.0000 31.1476 31.2409 0.0000 32.1524 31.2409 0.0000
33.1571 31.2409 0.0000 34.1619 31.2409 0.0000 35.1667 31.2409 0.0000
36.1714 31.2409 0.0000 37.1762 31.2409 0.0000 38.1809 31.2409 0.0000
39.1857 31.2409 0.0000 40.1905 31.2409 0.0000 41.1952 31.2409 0.0000
42.2000 31.2409 0.0000 43.2048 31.2409 0.0000 44.2095 31.2409 0.0000
45.2143 31.2409 0.0000 46.2190 31.2409 0.0000 47.2238 31.2409 0.0000
48.2286 31.2409 0.0000 49.2333 31.2409 0.0000 50.2381 31.2409 0.0000
51.2428 31.2409 0.0000 52.2476 31.2409 0.0000 53.2524 31.2409 0.0000
54.2571 31.2409 0.0000 55.2619 31.2409 0.0000 56.2667 31.2409 0.0000
57.2714 31.2409 0.0000 58.2762 31.2409 0.0000 59.2809 31.2409 0.0000
60.2857 31.2409 0.0000 61.2905 31.2409 0.0000 62.2952 31.2409 0.0000
63.3000 31.2409 0.0000 64.3048 31.2409 0.0000 65.3095 31.2409 0.0000
66.3143 31.2409 0.0000 67.3190 31.2409 0.0000 68.3238 31.2409 0.0000
69.3286 31.2409 0.0000 70.3333 31.2409 0.0000 71.3381 31.2409 0.0000
72.3428 31.2409 0.0000 73.3476 31.2409 0.0000 74.3524 31.2409 0.0000
75.3571 31.2409 0.0000 76.3619 31.2409 0.0000 77.3667 31.2409 0.0000
78.3714 31.2409 0.0000 79.3762 31.2409 0.0000 80.3809 31.2409 0.0000
81.3857 31.2409 0.0000 82.3905 31.2409 0.0000 83.3952 31.2409 0.0000
84.4000 31.2409 0.0000 85.4047 31.2409 0.0000 86.4095 31.2409 0.0000
87.4143 31.2409 0.0000 88.4190 31.2409 0.0000 89.4238 31.2409 0.0000
90.4286 31.2409 0.0000 91.4333 31.2409 0.0000 92.4381 31.2409 0.0000
93.4428 31.2409 0.0000 94.4476 31.2409 0.0000 95.4524 31.2409 0.0000
96.4571 31.2409 0.0000 97.4619 31.2409 0.0000 98.4667 31.2409 0.0000
99.4714 31.2409 0.0000 100.4762 31.2409 0.0000 101.4809 31.2409 0.0000
102.4857 31.2409 0.0000 103.4905 31.2409 0.0000 104.4952 31.2409 0.0000
105.5000 31.2409 0.0000 106.5047 31.2409 0.0000 107.5095 31.2409 0.0000
108.5143 31.2409 0.0000 109.5190 31.2409 0.0000 110.5238 31.2409 0.0000
111.5286 31.2409 0.0000 112.5333 31.2409 0.0000 113.5381 31.2409 0.0000
114.5428 31.2409 0.0000 115.5476 31.2409 0.0000 116.5524 31.2409 0.0000
117.5571 31.2409 0.0000 118.5619 31.2409 0.0000 119.5666 31.2409 0.0000
0.0000 32.2487 0.0000 1.0048 32.2487 0.0000 2.0095 32.2487 0.0000
3.0143 32.2487 0.0000 4.0190 32.2487 0.0000 5.0238 32.2487 0.0000
6.0286 32.2487 0.0000 7.0333 32.2487 0.0000 8.0381 32.2487 0.0000
9.0429 32.2487 0.0000 10.0476 32.2487 0.0000 11.0524 32.2487 0.0000
12.0571 32.2487 0.0000 13.0619 32.2487 0.0000 14.0667 32.2487 0.0000
15.0714 32.2487 0.0000 16.0762 32.2487 0.0000 17.0809 32.2487 0.0000
18.0857 32.2487 0.0000 19.0905 32.2487 0.0000 20.0952 32.2487 0.0000
21.1000 32.2487 0.0000 22.1048 32.2487 0.0000 23.1095 32.2487 0.0000
24.1143 32.2487 0.0000 25.1190 32.2487 0.0000 26.1238 32.2487 0.0000
27.1286 32.2487 0.0000 28.1333 32.2487 0.0000 29.1381 32.2487 0.0000
30.1429 32.2487 0.0000 31.1476 32.2487 0.0000 32.1524 32.2487 0.0000
33.1571 32.2487 0.0000 34.1619 32.2487 0.0000 35.1667 32.2487 0.0000
36.1714 32.2487 0.0000 37.1762 32.2487 0.0000 38.1809 32.2487 0.0000
39.1857 32.2487 0.0000 40.1905 32.2487 0.0000 41.1952 32.2487 0.0000
42.2000 32.2487 0.0000 43.2048 32.2487 0.0000 44.2095 32.2487 0.0000
45.2143 32.2487 0.0000 46.2190 32.2487 0.0000 47.2238 32.2487 0.0000
48.2286 32.2487 0.0000 49.2333 32.2487 0.0000 50.2381 32.2487 0.0000
51.2428 32.2487 0.0000 52.2476 32.2487 0.0000 53.2524 32.2487 0.0000
54.2571 32.2487 0.0000 55.2619 32.2487 0.0000 56.2667 32.2487 0.0000
57.2714 32.2487 0.0000 58.2762 32.2487 0.0000 59.2809 32.2487 0.0000
60.2857 32.2487 0.0000 61.2905 32.2487 0.0000 62.2952 32.2487 0.0000
63.3000 32.2487 0.0000 64.3048 32.2487 0.0000 65.3095 32.2487 0.0000
66.3143 32.2487 0.0000 67.3190 32.2487 0.0000 68.3238 32.2487 0.0000
69.3286 32.2487 0.0000 70.3333 32.2487 0.0000 71.3381 32.2487 0.0000
72.3428 32.2487 0.0000 73.3476 32.2487 0.0000 74.3524 32.2487 0.0000
75.3571 32.2487 0.0000 76.3619 32.2487 0.0000 77.3667 32.2487 0.0000
78.3714 32.2487 0.0000 79.3762 32.2487 0.0000 80.3809 32.2487 0.0000
81.3857 32.2487 0.0000 82.3905 32.2487 0.0000 83.3952 32.2487 0.0000
84.4000 32.2487 0.0000 85.4047 32.2487 0.0000 86.4095 32.2487 0.0000
87.4143 32.2487 0.0000 88.4190 32.2487 0.0000 89.4238 32.2487 0.0000
90.4286 32.2487 0.0000 91.4333 32.2487 0.0000 92.4381 32.2487 0.0000
93.4428 32.2487 0.0000 94.4476 32.2487 0.0000 95.4524 32.2487 0.0000
96.4571 32.2487 0.0000 97.4619 32.2487 0.0000 98.4667 32.2487 0.0000
99.4714 32.2487 0.0000 100.4762 32.2487 0.0000 101.4809 32.2487 0.0000
102.4857 32.2487 0.0000 103.4905 32.2487 0.0000 104.4952 32.2487 0.0000
105.5000 32.2487 0.0000 106.5047 32.2487 0.0000 107.5095 32.2487 0.0000
108.5143 32.2487 0.0000 109.5190 32.2487 0.0000 110.5238 32.2487 0.0000
111.5286 32.2487 0.0000 112.5333 32.2487 0.0000 113.5381 32.2487 0.0000
114.5428 32.2487 0.0000 115.5476 32.2487 0.0000 116.5524 32.2487 0.0000
117.5571 32.2487 0.0000 118.5619 32.2487 0.0000 119.5666 32.2487 0.0000
0.0000 33.2565 0.0000 1.0048 33.2565 0.0000 2.0095 33.2565 0.0000
3.0143 33.2565 0.0000 4.0190 33.2565 0.0000 5.0238 33.2565 0.0000
6.0286 33.2565 0.0000 7.0333 33.2565 0.0000 8.0381 33.2565 0.0000
9.0429 33.2565 0.0000 10.0476 33.2565 0.0000 11.0524 33.2565 0.0000
12.0571 33.2565 0.0000 13.0619 33.2565 0.0000 14.0667 33.2565 0.0000
15.0714 33.2565 0.0000 16.0762 33.2565 0.0000 17.0809 33.2565 0.0000
18.0857 33.2565 0.0000 19.0905 33.2565 0.0000 20.0952 33.2565 0.0000
21.1000 33.2565 0.0000 22.1048 33.2565 0.0000 23.1095 33.2565 0.0000
24.1143 33.2565 0.0000 25.1190 33.2565 0.0000 26.1238 33.2565 0.0000
27.1286 33.2565 0.0000 28.1333 33.2565 0.0000 29.1381 33.2565 0.0000
30.1429 33.2565 0.0000 31.1476 33.2565 0.0000 32.1524 33.2565 0.0000
33.1571 33.2565 0.0000 34.1619 33.2565 0.0000 35.1667 33.2565 0.0000
36.1714 33.2565 0.0000 37.1762 33.2565 0.0000 38.1809 33.2565 0.0000
39.1857 33.2565 0.0000 40.1905 33.2565 0.0000 41.1952 33.2565 0.0000
42.2000 33.2565 0.0000 43.2048 33.2565 0.0000 44.2095 33.2565 0.0000
45.2143 33.2565 0.0000 46.2190 33.2565 0.0000 47.2238 33.2565 0.0000
48.2286 33.2565 0.0000 49.2333 33.2565 0.0000 50.2381 33.2565 0.0000
51.2428 33.2565 0.0000 52.2476 33.2565 0.0000 53.2524 33.2565 0.0000
54.2571 33.2565 0.0000 55.2619 33.2565 0.0000 56.2667 33.2565 0.0000
57.2714 33.2565 0.0000 58.2762 33.2565 0.0000 59.2809 33.2565 0.0000
60.2857 33.2565 0.0000 61.2905 33.2565 0.0000 62.2952 33.2565 0.0000
63.3000 33.2565 0.0000 64.3048 33.2565 0.0000 65.3095 33.2565 0.0000
66.3143 33.2565 0.0000 67.3190 33.2565 0.0000 68.3238 33.2565 0.0000
69.3286 33.2565 0.0000 70.3333 33.2565 0.0000 71.3381 33.2565 0.0000
72.3428 33.2565 0.0000 73.3476 33.2565 0.0000 74.3524 33.2565 0.0000
75.3571 33.2565 0.0000 76.3619 33.2565 0.0000 77.3667 33.2565 0.0000
78.3714 33.2565 0.0000 79.3762 33.2565 0.0000 80.3809 33.2565 0.0000
81.3857 33.2565 0.0000 82.3905 33.2565 0.0000 83.3952 33.2565 0.0000
84.4000 33.2565 0.0000 85.4047 33.2565 0.0000 86.4095 33.2565 0.0000
87.4143 33.2565 0.0000 88.4190 33.2565 0.0000 89.4238 33.2565 0.0000
90.4286 33.2565 0.0000 91.4333 33.2565 0.0000 92.4381 33.2565 0.0000
93.4428 33.2565 0.0000 94.4476 33.2565 0.0000 95.4524 33.2565 0.0000
96.4571 33.2565 0.0000 97.4619 33.2565 0.0000 98.4667 33.2565 0.0000
99.4714 33.2565 0.0000 100.4762 33.2565 0.0000 101.4809 33.2565 0.0000
102.4857 33.2565 0.0000 103.4905 33.2565 0.0000 104.4952 33.2565 0.0000
105.5000 33.2565 0.0000 106.5047 33.2565 0.0000 107.5095 33.2565 0.0000
108.5143 33.2565 0.0000 109.5190 33.2565 0.0000 110.5238 33.2565 0.0000
111.5286 33.2565 0.0000 112.5333 33.2565 0.0000 113.5381 33.2565 0.0000
114.5428 33.2565 0.0000 115.5476 33.2565 0.0000 116.5524 33.2565 0.0000
117.5571 33.2565 0.0000 118.5619 33.2565 0.0000 119.5666 33.2565 0.0000
0.0000 34.2642 0.0000 1.0048 34.2642 0.0000 2.0095 34.2642 0.0000
3.0143 34.2642 0.0000 4.0190 34.2642 0.0000 5.0238 34.2642 0.0000
6.0286 34.2642 0.0000 7.0333 34.2642 0.0000 8.0381 34.2642 0.0000
9.0429 34.2642 0.0000 10.0476 34.2642 0.0000 11.0524 34.2642 0.0000
12.0571 34.2642 0.0000 13.0619 34.2642 0.0000 14.0667 34.2642 0.0000
15.0714 34.2642 0.0000 16.0762 34.2642 0.0000 17.0809 34.2642 0.0000
18.0857 34.2642 0.0000 19.0905 34.2642 0.0000 20.0952 34.2642 0.0000
21.1000 34.2642 0.0000 22.1048 34.2642 0.0000 23.1095 34.2642 0.0000
24.1143 34.2642 0.0000 25.1190 34.2642 0.0000 26.1238 34.2642 0.0000
27.1286 34.2642 0.0000 28.1333 34.2642 0.0000 29.1381 34.2642 0.0000
30.1429 34.2642 0.0000 31.1476 34.2642 0.0000 32.1524 34.2642 0.0000
33.1571 34.2642 0.0000 34.1619 34.2642 0.0000 35.1667 34.2642 0.0000
36.1714 34.2642 0.0000 37.1762 34.2642 0.0000 38.1809 34.2642 0.0000
39.1857 34.2642 0.0000 40.1905 34.2642 0.0000 41.1952 34.2642 0.0000
42.2000 34.2642 0.0000 43.2048 34.2642 0.0000 44.2095 34.2642 0.0000
45.2143 34.2642 0.0000 46.2190 34.2642 0.0000 47.2238 34.2642 0.0000
48.2286 34.2642 0.0000 49.2333 34.2642 0.0000 50.2381 34.2642 0.0000
51.2428 34.2642 0.0000 52.2476 34.2642 0.0000 53.2524 34.2642 0.0000
54.2571 34.2642 0.0000 55.2619 34.2642 0.0000 56.2667 34.2642 0.0000
57.2714 34.2642 0.0000 58.2762 34.2642 0.0000 59.2809 34.2642 0.0000
60.2857 34.2642 0.0000 61.2905 34.2642 0.0000 62.2952 34.2642 0.0000
63.3000 34.2642 0.0000 64.3048 34.2642 0.0000 65.3095 34.2642 0.0000
66.3143 34.2642 0.0000 67.3190 34.2642 0.0000 68.3238 34.2642 0.0000
69.3286 34.2642 0.0000 70.3333 34.2642 0.0000 71.3381 34.2642 0.0000
72.3428 34.2642 0.0000 73.3476 34.2642 0.0000 74.3524 34.2642 0.0000
75.3571 34.2642 0.0000 76.3619 34.2642 0.0000 77.3667 34.2642 0.0000
78.3714 34.2642 0.0000 79.3762 34.2642 0.0000 80.3809 34.2642 0.0000
81.3857 34.2642 0.0000 82.3905 34.2642 0.0000 83.3952 34.2642 0.0000
84.4000 34.2642 0.0000 85.4047 34.2642 0.0000 86.4095 34.2642 0.0000
87.4143 34.2642 0.0000 88.4190 34.2642 0.0000 89.4238 34.2642 0.0000
90.4286 34.2642 0.0000 91.4333 34.2642 0.0000 92.4381 34.2642 0.0000
93.4428 34.2642 0.0000 94.4476 34.2642 0.0000 95.4524 34.2642 0.0000
96.4571 34.2642 0.0000 97.4619 34.2642 0.0000 98.4667 34.2642 0.0000
99.4714 34.2642 0.0000 100.4762 34.2642 0.0000 101.4809 34.2642 0.0000
102.4857 34.2642 0.0000 103.4905 34.2642 0.0000 104.4952 34.2642 0.0000
105.5000 34.2642 0.0000 106.5047 34.2642 0.0000 107.5095 34.2642 0.0000
108.5143 34.2642 0.0000 109.5190 34.2642 0.0000 110.5238 34.2642 0.0000
111.5286 34.2642 0.0000 112.5333 34.2642 0.0000 113.5381 34.2642 0.0000
114.5428 34.2642 0.0000 115.5476 34.2642 0.0000 116.5524 34.2642 0.0000
117.5571 34.2642 0.0000 118.5619 34.2642 0.0000 119.5666 34.2642 0.0000
0.0000 35.2720 0.0000 1.0048 35.2720 0.0000 2.0095 35.2720 0.0000
3.0143 35.2720 0.0000 4.0190 35.2720 0.0000 5.0238 35.2720 0.0000
6.0286 35.2720 0.0000 7.0333 35.2720 0.0000 8.0381 35.2720 0.0000
9.0429 35.2720 0.0000 10.0476 35.2720 0.0000 11.0524 35.2720 0.0000
12.0571 35.2720 0.0000 13.0619 35.2720 0.0000 14.0667 35.2720 0.0000
15.0714 35.2720 0.0000 16.0762 35.2720 0.0000 17.0809 35.2720 0.0000
18.0857 35.2720 0.0000 19.0905 35.2720 0.0000 20.0952 35.2720 0.0000
21.1000 35.2720 0.0000 22.1048 35.2720 0.0000 23.1095 35.2720 0.0000
24.1143 35.2720 0.0000 25.1190 35.2720 0.0000 26.1238 35.2720 0.0000
27.1286 35.2720 0.0000 28.1333 35.2720 0.0000 29.1381 35.2720 0.0000
30.1429 35.2720 0.0000 31.1476 35.2720 0.0000 32.1524 35.2720 0.0000
33.1571 35.2720 0.0000 34.1619 35.2720 0.0000 35.1667 35.2720 0.0000
36.1714 35.2720 0.0000 37.1762 35.2720 0.0000 38.1809 35.2720 0.0000
39.1857 35.2720 0.0000 40.1905 35.2720 0.0000 41.1952 35.2720 0.0000
42.2000 35.2720 0.0000 43.2048 35.2720 0.0000 44.2095 35.2720 0.0000
45.2143 35.2720 0.0000 46.2190 35.2720 0.0000 47.2238 35.2720 0.0000
48.2286 35.2720 0.0000 49.2333 35.2720 0.0000 50.2381 35.2720 0.0000
51.2428 35.2720 0.0000 52.2476 35.2720 0.0000 53.2524 35.2720 0.0000
54.2571 35.2720 0.0000 55.2619 35.2720 0.0000 56.2667 35.2720 0.0000
57.2714 35.2720 0.0000 58.2762 35.2720 0.0000 59.2809 35.2720 0.0000
60.2857 35.2720 0.0000 61.2905 35.2720 0.0000 62.2952 35.2720 0.0000
63.3000 35.2720 0.0000 64.3048 35.2720 0.0000 65.3095 35.2720 0.0000
66.3143 35.2720 0.0000 67.3190 35.2720 0.0000 68.3238 35.2720 0.0000
69.3286 35.2720 0.0000 70.3333 35.2720 0.0000 71.3381 35.2720 0.0000
72.3428 35.2720 0.0000 73.3476 35.2720 0.0000 74.3524 35.2720 0.0000
75.3571 35.2720 0.0000 76.3619 35.2720 0.0000 77.3667 35.2720 0.0000
78.3714 35.2720 0.0000 79.3762 35.2720 0.0000 80.3809 35.2720 0.0000
81.3857 35.2720 0.0000 82.3905 35.2720 0.0000 83.3952 35.2720 0.0000
84.4000 35.2720 0.0000 85.4047 35.2720 0.0000 86.4095 35.2720 0.0000
87.4143 35.2720 0.0000 88.4190 35.2720 0.0000 89.4238 35.2720 0.0000
90.4286 35.2720 0.0000 91.4333 35.2720 0.0000 92.4381 35.2720 0.0000
93.4428 35.2720 0.0000 94.4476 35.2720 0.0000 95.4524 35.2720 0.0000
96.4571 35.2720 0.0000 97.4619 35.2720 0.0000 98.4667 35.2720 0.0000
99.4714 35.2720 0.0000 100.4762 35.2720 0.0000 101.4809 35.2720 0.0000
102.4857 35.2720 0.0000 103.4905 35.2720 0.0000 104.4952 35.2720 0.0000
105.5000 35.2720 0.0000 106.5047 35.2720 0.0000 107.5095 35.2720 0.0000
108.5143 35.2720 0.0000 109.5190 35.2720 0.0000 110.5238 35.2720 0.0000
111.5286 35.2720 0.0000 112.5333 35.2720 0.0000 113.5381 35.2720 0.0000
114.5428 35.2720 0.0000 115.5476 35.2720 0.0000 116.5524 35.2720 0.0000
117.5571 35.2720 0.0000 118.5619 35.2720 0.0000 119.5666 35.2720 0.0000
0.0000 36.2798 0.0000 1.0048 36.2798 0.0000 2.0095 36.2798 0.0000
3.0143 36.2798 0.0000 4.0190 36.2798 0.0000 5.0238 36.2798 0.0000
6.0286 36.2798 0.0000 7.0333 36.2798 0.0000 8.0381 36.2798 0.0000
9.0429 36.2798 0.0000 10.0476 36.2798 0.0000 11.0524 36.2798 0.0000
12.0571 36.2798 0.0000 13.0619 36.2798 0.0000 14.0667 36.2798 0.0000
15.0714 36.2798 0.0000 16.0762 36.2798 0.0000 17.0809 36.2798 0.0000
18.0857 36.2798 0.0000 19.0905 36.2798 0.0000 20.0952 36.2798 0.0000
21.1000 36.2798 0.0000 22.1048 36.2798 0.0000 23.1095 36.2798 0.0000
24.1143 36.2798 0.0000 25.1190 36.2798 0.0000 26.1238 36.2798 0.0000
27.1286 36.2798 0.0000 28.1333 36.2798 0.0000 29.1381 36.2798 0.0000
30.1429 36.2798 0.0000 31.1476 36.2798 0.0000 32.1524 36.2798 0.0000
33.1571 36.2798 0.0000 34.1619 36.2798 0.0000 35.1667 36.2798 0.0000
36.1714 36.2798 0.0000 37.1762 36.2798 0.0000 38.1809 36.2798 0.0000
39.1857 36.2798 0.0000 40.1905 36.2798 0.0000 41.1952 36.2798 0.0000
42.2000 36.2798 0.0000 43.2048 36.2798 0.0000 44.2095 36.2798 0.0000
45.2143 36.2798 0.0000 46.2190 36.2798 0.0000 47.2238 36.2798 0.0000
48.2286 36.2798 0.0000 49.2333 36.2798 0.0000 50.2381 36.2798 0.0000
51.2428 36.2798 0.0000 52.2476 36.2798 0.0000 53.2524 36.2798 0.0000
54.2571 36.2798 0.0000 55.2619 36.2798 0.0000 56.2667 36.2798 0.0000
57.2714 36.2798 0.0000 58.2762 36.2798 0.0000 59.2809 36.2798 0.0000
60.2857 36.2798 0.0000 61.2905 36.2798 0.0000 62.2952 36.2798 0.0000
63.3000 36.2798 0.0000 64.3048 36.2798 0.0000 65.3095 36.2798 0.0000
66.3143 36.2798 0.0000 67.3190 36.2798 0.0000 68.3238 36.2798 0.0000
69.3286 36.2798 0.0000 70.3333 36.2798 0.0000 71.3381 36.2798 0.0000
72.3428 36.2798 0.0000 73.3476 36.2798 0.0000 74.3524 36.2798 0.0000
75.3571 36.2798 0.0000 76.3619 36.2798 0.0000 77.3667 36.2798 0.0000
78.3714 36.2798 0.0000 79.3762 36.2798 0.0000 80.3809 36.2798 0.0000
81.3857 36.2798 0.0000 82.3905 36.2798 0.0000 83.3952 36.2798 0.0000
84.4000 36.2798 0.0000 85.4047 36.2798 0.0000 86.4095 36.2798 0.0000
87.4143 36.2798 0.0000 88.4190 36.2798 0.0000 89.4238 36.2798 0.0000
90.4286 36.2798 0.0000 91.4333 36.2798 0.0000 92.4381 36.2798 0.0000
93.4428 36.2798 0.0000 94.4476 36.2798 0.0000 95.4524 36.2798 0.0000
96.4571 36.2798 0.0000 97.4619 36.2798 0.0000 98.4667 36.2798 0.0000
99.4714 36.2798 0.0000 100.4762 36.2798 0.0000 101.4809 36.2798 0.0000
102.4857 36.2798 0.0000 103.4905 36.2798 0.0000 104.4952 36.2798 0.0000
105.5000 36.2798 0.0000 106.5047 36.2798 0.0000 107.5095 36.2798 0.0000
108.5143 36.2798 0.0000 109.5190 36.2798 0.0000 110.5238 36.2798 0.0000
111.5286 36.2798 0.0000 112.5333 36.2798 0.0000 113.5381 36.2798 0.0000
114.5428 36.2798 0.0000 115.5476 36.2798 0.0000 116.5524 36.2798 0.0000
117.5571 36.2798 0.0000 118.5619 36.2798 0.0000 119.5666 36.2798 0.0000
0.0000 37.2875 0.0000 1.0048 37.2875 0.0000 2.0095 37.2875 0.0000
3.0143 37.2875 0.0000 4.0190 37.2875 0.0000 5.0238 37.2875 0.0000
6.0286 37.2875 0.0000 7.0333 37.2875 0.0000 8.0381 37.2875 0.0000
9.0429 37.2875 0.0000 10.0476 37.2875 0.0000 11.0524 37.2875 0.0000
12.0571 37.2875 0.0000 13.0619 37.2875 0.0000 14.0667 37.2875 0.0000
15.0714 37.2875 0.0000 16.0762 37.2875 0.0000 17.0809 37.2875 0.0000
18.0857 37.2875 0.0000 19.0905 37.2875 0.0000 20.0952 37.2875 0.0000
21.1000 37.2875 0.0000 22.1048 37.2875 0.0000 23.1095 37.2875 0.0000
24.1143 37.2875 0.0000 25.1190 37.2875 0.0000 26.1238 37.2875 0.0000
27.1286 37.2875 0.0000 28.1333 37.2875 0.0000 29.1381 37.2875 0.0000
30.1429 37.2875 0.0000 31.1476 37.2875 0.0000 32.1524 37.2875 0.0000
33.1571 37.2875 0.0000 34.1619 37.2875 0.0000 35.1667 37.2875 0.0000
36.1714 37.2875 0.0000 37.1762 37.2875 0.0000 38.1809 37.2875 0.0000
39.1857 37.2875 0.0000 40.1905 37.2875 0.0000 41.1952 37.2875 0.0000
42.2000 37.2875 0.0000 43.2048 37.2875 0.0000 44.2095 37.2875 0.0000
45.2143 37.2875 0.0000 46.2190 37.2875 0.0000 47.2238 37.2875 0.0000
48.2286 37.2875 0.0000 49.2333 37.2875 0.0000 50.2381 37.2875 0.0000
51.2428 37.2875 0.0000 52.2476 37.2875 0.0000 53.2524 37.2875 0.0000
54.2571 37.2875 0.0000 55.2619 37.2875 0.0000 56.2667 37.2875 0.0000
57.2714 37.2875 0.0000 58.2762 37.2875 0.0000 59.2809 37.2875 0.0000
60.2857 37.2875 0.0000 61.2905 37.2875 0.0000 62.2952 37.2875 0.0000
63.3000 37.2875 0.0000 64.3048 37.2875 0.0000 65.3095 37.2875 0.0000
66.3143 37.2875 0.0000 67.3190 37.2875 0.0000 68.3238 37.2875 0.0000
69.3286 37.2875 0.0000 70.3333 37.2875 0.0000 71.3381 37.2875 0.0000
72.3428 37.2875 0.0000 73.3476 37.2875 0.0000 74.3524 37.2875 0.0000
75.3571 37.2875 0.0000 76.3619 37.2875 0.0000 77.3667 37.2875 0.0000
78.3714 37.2875 0.0000 79.3762 37.2875 0.0000 80.3809 37.2875 0.0000
81.3857 37.2875 0.0000 82.3905 37.2875 0.0000 83.3952 37.2875 0.0000
84.4000 37.2875 0.0000 85.4047 37.2875 0.0000 86.4095 37.2875 0.0000
87.4143 37.2875 0.0000 88.4190 37.2875 0.0000 89.4238 37.2875 0.0000
90.4286 37.2875 0.0000 91.4333 37.2875 0.0000 92.4381 37.2875 0.0000
93.4428 37.2875 0.0000 94.4476 37.2875 0.0000 95.4524 37.2875 0.0000
96.4571 37.2875 0.0000 97.4619 37.2875 0.0000 98.4667 37.2875 0.0000
99.4714 37.2875 0.0000 100.4762 37.2875 0.0000 101.4809 37.2875 0.0000
102.4857 37.2875 0.0000 103.4905 37.2875 0.0000 104.4952 37.2875 0.0000
105.5000 37.2875 0.0000 106.5047 37.2875 0.0000 107.5095 37.2875 0.0000
108.5143 37.2875 0.0000 109.5190 37.2875 0.0000 110.5238 37.2875 0.0000
111.5286 37.2875 0.0000 112.5333 37.2875 0.0000 113.5381 37.2875 0.0000
114.5428 37.2875 0.0000 115.5476 37.2875 0.0000 116.5524 37.2875 0.0000
117.5571 37.2875 0.0000 118.5619 37.2875 0.0000 119.5666 37.2875 0.0000
0.0000 38.2953 0.0000 1.0048 38.2953 0.0000 2.0095 38.2953 0.0000
3.0143 38.2953 0.0000 4.0190 38.2953 0.0000 5.0238 38.2953 0.0000
6.0286 38.2953 0.0000 7.0333 38.2953 0.0000 8.0381 38.2953 0.0000
9.0429 38.2953 0.0000 10.0476 38.2953 0.0000 11.0524 38.2953 0.0000
12.0571 38.2953 0.0000 13.0619 38.2953 0.0000 14.0667 38.2953 0.0000
15.0714 38.2953 0.0000 16.0762 38.2953 0.0000 17.0809 38.2953 0.0000
18.0857 38.2953 0.0000 19.0905 38.2953 0.0000 20.0952 38.2953 0.0000
21.1000 38.2953 0.0000 22.1048 38.2953 0.0000 23.1095 38.2953 0.0000
24.1143 38.2953 0.0000 25.1190 38.2953 0.0000 26.1238 38.2953 0.0000
27.1286 38.2953 0.0000 28.1333 38.2953 0.0000 29.1381 38.2953 0.0000
30.1429 38.2953 0.0000 31.1476 38.2953 0.0000 32.1524 38.2953 0.0000
33.1571 38.2953 0.0000 34.1619 38.2953 0.0000 35.1667 38.2953 0.0000
36.1714 38.2953 0.0000 37.1762 38.2953 0.0000 38.1809 38.2953 0.0000
39.1857 38.2953 0.0000 40.1905 38.2953 0.0000 41.1952 38.2953 0.0000
42.2000 38.2953 0.0000 43.2048 38.2953 0.0000 44.2095 38.2953 0.0000
45.2143 38.2953 0.0000 46.2190 38.2953 0.0000 47.2238 38.2953 0.0000
48.2286 38.2953 0.0000 49.2333 38.2953 0.0000 50.2381 38.2953 0.0000
51.2428 38.2953 0.0000 52.2476 38.2953 0.0000 53.2524 38.2953 0.0000
54.2571 38.2953 0.0000 55.2619 38.2953 0.0000 56.2667 38.2953 0.0000
57.2714 38.2953 0.0000 58.2762 38.2953 0.0000 59.2809 38.2953 0.0000
60.2857 38.2953 0.0000 61.2905 38.2953 0.0000 62.2952 38.2953 0.0000
63.3000 38.2953 0.0000 64.3048 38.2953 0.0000 65.3095 38.2953 0.0000
66.3143 38.2953 0.0000 67.3190 38.2953 0.0000 68.3238 38.2953 0.0000
69.3286 38.2953 0.0000 70.3333 38.2953 0.0000 71.3381 38.2953 0.0000
72.3428 38.2953 0.0000 73.3476 38.2953 0.0000 74.3524 38.2953 0.0000
75.3571 38.2953 0.0000 76.3619 38.2953 0.0000 77.3667 38.2953 0.0000
78.3714 38.2953 0.0000 79.3762 38.2953 0.0000 80.3809 38.2953 0.0000
81.3857 38.2953 0.0000 82.3905 38.2953 0.0000 83.3952 38.2953 0.0000
84.4000 38.2953 0.0000 85.4047 38.2953 0.0000 86.4095 38.2953 0.0000
87.4143 38.2953 0.0000 88.4190 38.2953 0.0000 89.4238 38.2953 0.0000
90.4286 38.2953 0.0000 91.4333 38.2953 0.0000 92.4381 38.2953 0.0000
93.4428 38.2953 0.0000 94.4476 38.2953 0.0000 95.4524 38.2953 0.0000
96.4571 38.2953 0.0000 97.4619 38.2953 0.0000 98.4667 38.2953 0.0000
99.4714 38.2953 0.0000 100.4762 38.2953 0.0000 101.4809 38.2953 0.0000
102.4857 38.2953 0.0000 103.4905 38.2953 0.0000 104.4952 38.2953 0.0000
105.5000 38.2953 0.0000 106.5047 38.2953 0.0000 107.5095 38.2953 0.0000
108.5143 38.2953 0.0000 109.5190 38.2953 0.0000 110.5238 38.2953 0.0000
111.5286 38.2953 0.0000 112.5333 38.2953 0.0000 113.5381 38.2953 0.0000
114.5428 38.2953 0.0000 115.5476 38.2953 0.0000 116.5524 38.2953 0.0000
117.5571 38.2953 0.0000 118.5619 38.2953 0.0000 119.5666 38.2953 0.0000
0.0000 39.3031 0.0000 1.0048 39.3031 0.0000 2.0095 39.3031 0.0000
3.0143 39.3031 0.0000 4.0190 39.3031 0.0000 5.0238 39.3031 0.0000
6.0286 39.3031 0.0000 7.0333 39.3031 0.0000 8.0381 39.3031 0.0000
9.0429 39.3031 0.0000 10.0476 39.3031 0.0000 11.0524 39.3031 0.0000
12.0571 39.3031 0.0000 13.0619 39.3031 0.0000 14.0667 39.3031 0.0000
15.0714 39.3031 0.0000 16.0762 39.3031 0.0000 17.0809 39.3031 0.0000
18.0857 39.3031 0.0000 19.0905 39.3031 0.0000 20.0952 39.3031 0.0000
21.1000 39.3031 0.0000 22.1048 39.3031 0.0000 23.1095 39.3031 0.0000
24.1143 39.3031 0.0000 25.1190 39.3031 0.0000 26.1238 39.3031 0.0000
27.1286 39.3031 0.0000 28.1333 39.3031 0.0000 29.1381 39.3031 0.0000
30.1429 39.3031 0.0000 31.1476 39.3031 0.0000 32.1524 39.3031 0.0000
33.1571 39.3031 0.0000 34.1619 39.3031 0.0000 35.1667 39.3031 0.0000
36.1714 39.3031 0.0000 37.1762 39.3031 0.0000 38.1809 39.3031 0.0000
39.1857 39.3031 0.0000 40.1905 39.3031 0.0000 41.1952 39.3031 0.0000
42.2000 39.3031 0.0000 43.2048 39.3031 0.0000 44.2095 39.3031 0.0000
45.2143 39.3031 0.0000 46.2190 39.3031 0.0000 47.2238 39.3031 0.0000
48.2286 39.3031 0.0000 49.2333 39.3031 0.0000 50.2381 39.3031 0.0000
51.2428 39.3031 0.0000 52.2476 39.3031 0.0000 53.2524 39.3031 0.0000
54.2571 39.3031 0.0000 55.2619 39.3031 0.0000 56.2667 39.3031 0.0000
57.2714 39.3031 0.0000 58.2762 39.3031 0.0000 59.2809 39.3031 0.0000
60.2857 39.3031 0.0000 61.2905 39.3031 0.0000 62.2952 39.3031 0.0000
63.3000 39.3031 0.0000 64.3048 39.3031 0.0000 65.3095 39.3031 0.0000
66.3143 39.3031 0.0000 67.3190 39.3031 0.0000 68.3238 39.3031 0.0000
69.3286 39.3031 0.0000 70.3333 39.3031 0.0000 71.3381 39.3031 0.0000
72.3428 39.3031 0.0000 73.3476 39.3031 0.0000 74.3524 39.3031 0.0000
75.3571 39.3031 0.0000 76.3619 39.3031 0.0000 77.3667 39.3031 0.0000
78.3714 39.3031 0.0000 79.3762 39.3031 0.0000 80.3809 39.3031 0.0000
81.3857 39.3031 0.0000 82.3905 39.3031 0.0000 83.3952 39.3031 0.0000
84.4000 39.3031 0.0000 85.4047 39.3031 0.0000 86.4095 39.3031 0.0000
87.4143 39.3031 0.0000 88.4190 39.3031 0.0000 89.4238 39.3031 0.0000
90.4286 39.3031 0.0000 91.4333 39.3031 0.0000 92.4381 39.3031 0.0000
93.4428 39.3031 0.0000 94.4476 39.3031 0.0000 95.4524 39.3031 0.0000
96.4571 39.3031 0.0000 97.4619 39.3031 0.0000 98.4667 39.3031 0.0000
99.4714 39.3031 0.0000 100.4762 39.3031 0.0000 101.4809 39.3031 0.0000
102.4857 39.3031 0.0000 103.4905 39.3031 0.0000 104.4952 39.3031 0.0000
105.5000 39.3031 0.0000 106.5047 39.3031 0.0000 107.5095 39.3031 0.0000
108.5143 39.3031 0.0000 109.5190 39.3031 0.0000 110.5238 39.3031 0.0000
111.5286 39.3031 0.0000 112.5333 39.3031 0.0000 113.5381 39.3031 0.0000
114.5428 39.3031 0.0000 115.5476 39.3031 0.0000 116.5524 39.3031 0.0000
117.5571 39.3031 0.0000 118.5619 39.3031 0.0000 119.5666 39.3031 0.0000
0.0000 40.3109 0.0000 1.0048 40.3109 0.0000 2.0095 40.3109 0.0000
3.0143 40.3109 0.0000 4.0190 40.3109 0.0000 5.0238 40.3109 0.0000
6.0286 40.3109 0.0000 7.0333 40.3109 0.0000 8.0381 40.3109 0.0000
9.0429 40.3109 0.0000 10.0476 40.3109 0.0000 11.0524 40.3109 0.0000
12.0571 40.3109 0.0000 13.0619 40.3109 0.0000 14.0667 40.3109 0.0000
15.0714 40.3109 0.0000 16.0762 40.3109 0.0000 17.0809 40.3109 0.0000
18.0857 40.3109 0.0000 19.0905 40.3109 0.0000 20.0952 40.3109 0.0000
21.1000 40.3109 0.0000 22.1048 40.3109 0.0000 23.1095 40.3109 0.0000
24.1143 40.3109 0.0000 25.1190 40.3109 0.0000 26.1238 40.3109 0.0000
27.1286 40.3109 0.0000 28.1333 40.3109 0.0000 29.1381 40.3109 0.0000
30.1429 40.3109 0.0000 31.1476 40.3109 0.0000 32.1524 40.3109 0.0000
33.1571 40.3109 0.0000 34.1619 40.3109 0.0000 35.1667 40.3109 0.0000
36.1714 40.3109 0.0000 37.1762 40.3109 0.0000 38.1809 40.3109 0.0000
39.1857 40.3109 0.0000 40.1905 40.3109 0.0000 41.1952 40.3109 0.0000
42.2000 40.3109 0.0000 43.2048 40.3109 0.0000 44.2095 40.3109 0.0000
45.2143 40.3109 0.0000 46.2190 40.3109 0.0000 47.2238 40.3109 0.0000
48.2286 40.3109 0.0000 49.2333 40.3109 0.0000 50.2381 40.3109 0.0000
51.2428 40.3109 0.0000 52.2476 40.3109 0.0000 53.2524 40.3109 0.0000
54.2571 40.3109 0.0000 55.2619 40.3109 0.0000 56.2667 40.3109 0.0000
57.2714 40.3109 0.0000 58.2762 40.3109 0.0000 59.2809 40.3109 0.0000
60.2857 40.3109 0.0000 61.2905 40.3109 0.0000 62.2952 40.3109 0.0000
63.3000 40.3109 0.0000 64.3048 40.3109 0.0000 65.3095 40.3109 0.0000
66.3143 40.3109 0.0000 67.3190 40.3109 0.0000 68.3238 40.3109 0.0000
69.3286 40.3109 0.0000 70.3333 40.3109 0.0000 71.3381 40.3109 0.0000
72.3428 40.3109 0.0000 73.3476 40.3109 0.0000 74.3524 40.3109 0.0000
75.3571 40.3109 0.0000 76.3619 40.3109 0.0000 77.3667 40.3109 0.0000
78.3714 40.3109 0.0000 79.3762 40.3109 0.0000 80.3809 40.3109 0.0000
81.3857 40.3109 0.0000 82.3905 40.3109 0.0000 83.3952 40.3109 0.0000
84.4000 40.3109 0.0000 85.4047 40.3109 0.0000 86.4095 40.3109 0.0000
87.4143 40.3109 0.0000 88.4190 40.3109 0.0000 89.4238 40.3109 0.0000
90.4286 40.3109 0.0000 91.4333 40.3109 0.0000 92.4381 40.3109 0.0000
93.4428 40.3109 0.0000 94.4476 40.3109 0.0000 95.4524 40.3109 0.0000
96.4571 40.3109 0.0000 97.4619 40.3109 0.0000 98.4667 40.3109 0.0000
99.4714 40.3109 0.0000 100.4762 40.3109 0.0000 101.4809 40.3109 0.0000
102.4857 40.3109 0.0000 103.4905 40.3109 0.0000 104.4952 40.3109 0.0000
105.5000 40.3109 0.0000 106.5047 40.3109 0.0000 107.5095 40.3109 0.0000
108.5143 40.3109 0.0000 109.5190 40.3109 0.0000 110.5238 40.3109 0.0000
111.5286 40.3109 0.0000 112.5333 40.3109 0.0000 113.5381 40.3109 0.0000
114.5428 40.3109 0.0000 115.5476 40.3109 0.0000 116.5524 40.3109 0.0000
117.5571 40.3109 0.0000 118.5619 40.3109 0.0000 119.5666 40.3109 0.0000
0.0000 41.3186 0.0000 1.0048 41.3186 0.0000 2.0095 41.3186 0.0000
3.0143 41.3186 0.0000 4.0190 41.3186 0.0000 5.0238 41.3186 0.0000
6.0286 41.3186 0.0000 7.0333 41.3186 0.0000 8.0381 41.3186 0.0000
9.0429 41.3186 0.0000 10.0476 41.3186 0.0000 11.0524 41.3186 0.0000
12.0571 41.3186 0.0000 13.0619 41.3186 0.0000 14.0667 41.3186 0.0000
15.0714 41.3186 0.0000 16.0762 41.3186 0.0000 17.0809 41.3186 0.0000
18.0857 41.3186 0.0000 19.0905 41.3186 0.0000 20.0952 41.3186 0.0000
21.1000 41.3186 0.0000 22.1048 41.3186 0.0000 23.1095 41.3186 0.0000
24.1143 41.3186 0.0000 25.1190 41.3186 0.0000 26.1238 41.3186 0.0000
27.1286 41.3186 0.0000 28.1333 41.3186 0.0000 29.1381 41.3186 0.0000
30.1429 41.3186 0.0000 31.1476 41.3186 0.0000 32.1524 41.3186 0.0000
33.1571 41.3186 0.0000 34.1619 41.3186 0.0000 35.1667 41.3186 0.0000
36.1714 41.3186 0.0000 37.1762 41.3186 0.0000 38.1809 41.3186 0.0000
39.1857 41.3186 0.0000 40.1905 41.3186 0.0000 41.1952 41.3186 0.0000
42.2000 41.3186 0.0000 43.2048 41.3186 0.0000 44.2095 41.3186 0.0000
45.2143 41.3186 0.0000 46.2190 41.3186 0.0000 47.2238 41.3186 0.0000
48.2286 41.3186 0.0000 49.2333 41.3186 0.0000 50.2381 41.3186 0.0000
51.2428 41.3186 0.0000 52.2476 41.3186 0.0000 53.2524 41.3186 0.0000
54.2571 41.3186 0.0000 55.2619 41.3186 0.0000 56.2667 41.3186 0.0000
57.2714 41.3186 0.0000 58.2762 41.3186 0.0000 59.2809 41.3186 0.0000
60.2857 41.3186 0.0000 61.2905 41.3186 0.0000 62.2952 41.3186 0.0000
63.3000 41.3186 0.0000 64.3048 41.3186 0.0000 65.3095 41.3186 0.0000
66.3143 41.3186 0.0000 67.3190 41.3186 0.0000 68.3238 41.3186 0.0000
69.3286 41.3186 0.0000 70.3333 41.3186 0.0000 71.3381 41.3186 0.0000
72.3428 41.3186 0.0000 73.3476 41.3186 0.0000 74.3524 41.3186 0.0000
75.3571 41.3186 0.0000 76.3619 41.3186 0.0000 77.3667 41.3186 0.0000
78.3714 41.3186 0.0000 79.3762 41.3186 0.0000 80.3809 41.3186 0.0000
81.3857 41.3186 0.0000 82.3905 41.3186 0.0000 83.3952 41.3186 0.0000
84.4000 41.3186 0.0000 85.4047 41.3186 0.0000 86.4095 41.3186 0.0000
87.4143 41.3186 0.0000 88.4190 41.3186 0.0000 89.4238 41.3186 0.0000
90.4286 41.3186 0.0000 91.4333 41.3186 0.0000 92.4381 41.3186 0.0000
93.4428 41.3186 0.0000 94.4476 41.3186 0.0000 95.4524 41.3186 0.0000
96.4571 41.3186 0.0000 97.4619 41.3186 0.0000 98.4667 41.3186 0.0000
99.4714 41.3186 0.0000 100.4762 41.3186 0.0000 101.4809 41.3186 0.0000
102.4857 41.3186 0.0000 103.4905 41.3186 0.0000 104.4952 41.3186 0.0000
105.5000 41.3186 0.0000 106.5047 41.3186 0.0000 107.5095 41.3186 0.0000
108.5143 41.3186 0.0000 109.5190 41.3186 0.0000 110.5238 41.3186 0.0000
111.5286 41.3186 0.0000 112.5333 41.3186 0.0000 113.5381 41.3186 0.0000
114.5428 41.3186 0.0000 115.5476 41.3186 0.0000 116.5524 41.3186 0.0000
117.5571 41.3186 0.0000 118.5619 41.3186 0.0000 119.5666 41.3186 0.0000
0.0000 42.3264 0.0000 1.0048 42.3264 0.0000 2.0095 42.3264 0.0000
3.0143 42.3264 0.0000 4.0190 42.3264 0.0000 5.0238 42.3264 0.0000
6.0286 42.3264 0.0000 7.0333 42.3264 0.0000 8.0381 42.3264 0.0000
9.0429 42.3264 0.0000 10.0476 42.3264 0.0000 11.0524 42.3264 0.0000
12.0571 42.3264 0.0000 13.0619 42.3264 0.0000 14.0667 42.3264 0.0000
15.0714 42.3264 0.0000 16.0762 42.3264 0.0000 17.0809 42.3264 0.0000
18.0857 42.3264 0.0000 19.0905 42.3264 0.0000 20.0952 42.3264 0.0000
21.1000 42.3264 0.0000 22.1048 42.3264 0.0000 23.1095 42.3264 0.0000
24.1143 42.3264 0.0000 25.1190 42.3264 0.0000 26.1238 42.3264 0.0000
27.1286 42.3264 0.0000 28.1333 42.3264 0.0000 29.1381 42.3264 0.0000
30.1429 42.3264 0.0000 31.1476 42.3264 0.0000 32.1524 42.3264 0.0000
33.1571 42.3264 0.0000 34.1619 42.3264 0.0000 35.1667 42.3264 0.0000
36.1714 42.3264 0.0000 37.1762 42.3264 0.0000 38.1809 42.3264 0.0000
39.1857 42.3264 0.0000 40.1905 42.3264 0.0000 41.1952 42.3264 0.0000
42.2000 42.3264 0.0000 43.2048 42.3264 0.0000 44.2095 42.3264 0.0000
45.2143 42.3264 0.0000 46.2190 42.3264 0.0000 47.2238 42.3264 0.0000
48.2286 42.3264 0.0000 49.2333 42.3264 0.0000 50.2381 42.3264 0.0000
51.2428 42.3264 0.0000 52.2476 42.3264 0.0000 53.2524 42.3264 0.0000
54.2571 42.3264 0.0000 55.2619 42.3264 0.0000 56.2667 42.3264 0.0000
57.2714 42.3264 0.0000 58.2762 42.3264 0.0000 59.2809 42.3264 0.0000
60.2857 42.3264 0.0000 61.2905 42.3264 0.0000 62.2952 42.3264 0.0000
63.3000 42.3264 0.0000 64.3048 42.3264 0.0000 65.3095 42.3264 0.0000
66.3143 42.3264 0.0000 67.3190 42.3264 0.0000 68.3238 42.3264 0.0000
69.3286 42.3264 0.0000 70.3333 42.3264 0.0000 71.3381 42.3264 0.0000
72.3428 42.3264 0.0000 73.3476 42.3264 0.0000 74.3524 42.3264 0.0000
75.3571 42.3264 0.0000 76.3619 42.3264 0.0000 77.3667 42.3264 0.0000
78.3714 42.3264 0.0000 79.3762 42.3264 0.0000 80.3809 42.3264 0.0000
81.3857 42.3264 0.0000 82.3905 42.3264 0.0000 83.3952 42.3264 0.0000
84.4000 42.3264 0.0000 85.4047 42.3264 0.0000 86.4095 42.3264 0.0000
87.4143 42.3264 0.0000 88.4190 42.3264 0.0000 89.4238 42.3264 0.0000
90.4286 42.3264 0.0000 91.4333 42.3264 0.0000 92.4381 42.3264 0.0000
93.4428 42.3264 0.0000 94.4476 42.3264 0.0000 95.4524 42.3264 0.0000
96.4571 42.3264 0.0000 97.4619 42.3264 0.0000 98.4667 42.3264 0.0000
99.4714 42.3264 0.0000 100.4762 42.3264 0.0000 101.4809 42.3264 0.0000
102.4857 42.3264 0.0000 103.4905 42.3264 0.0000 104.4952 42.3264 0.0000
105.5000 42.3264 0.0000 106.5047 42.3264 0.0000 107.5095 42.3264 0.0000
108.5143 42.3264 0.0000 109.5190 42.3264 0.0000 110.5238 42.3264 0.0000
111.5286 42.3264 0.0000 112.5333 42.3264 0.0000 113.5381 42.3264 0.0000
114.5428 42.3264 0.0000 115.5476 42.3264 0.0000 116.5524 42.3264 0.0000
117.5571 42.3264 0.0000 118.5619 42.3264 0.0000 119.5666 42.3264 0.0000
0.0000 43.3342 0.0000 1.0048 43.3342 0.0000 2.0095 43.3342 0.0000
3.0143 43.3342 0.0000 4.0190 43.3342 0.0000 5.0238 43.3342 0.0000
6.0286 43.3342 0.0000 7.0333 43.3342 0.0000 8.0381 43.3342 0.0000
9.0429 43.3342 0.0000 10.0476 43.3342 0.0000 11.0524 43.3342 0.0000
12.0571 43.3342 0.0000 13.0619 43.3342 0.0000 14.0667 43.3342 0.0000
15.0714 43.3342 0.0000 16.0762 43.3342 0.0000 17.0809 43.3342 0.0000
18.0857 43.3342 0.0000 19.0905 43.3342 0.0000 20.0952 43.3342 0.0000
21.1000 43.3342 0.0000 22.1048 43.3342 0.0000 23.1095 43.3342 0.0000
24.1143 43.3342 0.0000 25.1190 43.3342 0.0000 26.1238 43.3342 0.0000
27.1286 43.3342 0.0000 28.1333 43.3342 0.0000 29.1381 43.3342 0.0000
30.1429 43.3342 0.0000 31.1476 43.3342 0.0000 32.1524 43.3342 0.0000
33.1571 43.3342 0.0000 34.1619 43.3342 0.0000 35.1667 43.3342 0.0000
36.1714 43.3342 0.0000 37.1762 43.3342 0.0000 38.1809 43.3342 0.0000
39.1857 43.3342 0.0000 40.1905 43.3342 0.0000 41.1952 43.3342 0.0000
42.2000 43.3342 0.0000 43.2048 43.3342 0.0000 44.2095 43.3342 0.0000
45.2143 43.3342 0.0000 46.2190 43.3342 0.0000 47.2238 43.3342 0.0000
48.2286 43.3342 0.0000 49.2333 43.3342 0.0000 50.2381 43.3342 0.0000
51.2428 43.3342 0.0000 52.2476 43.3342 0.0000 53.2524 43.3342 0.0000
54.2571 43.3342 0.0000 55.2619 43.3342 0.0000 56.2667 43.3342 0.0000
57.2714 43.3342 0.0000 58.2762 43.3342 0.0000 59.2809 43.3342 0.0000
60.2857 43.3342 0.0000 61.2905 43.3342 0.0000 62.2952 43.3342 0.0000
63.3000 43.3342 0.0000 64.3048 43.3342 0.0000 65.3095 43.3342 0.0000
66.3143 43.3342 0.0000 67.3190 43.3342 0.0000 68.3238 43.3342 0.0000
69.3286 43.3342 0.0000 70.3333 43.3342 0.0000 71.3381 43.3342 0.0000
72.3428 43.3342 0.0000 73.3476 43.3342 0.0000 74.3524 43.3342 0.0000
75.3571 43.3342 0.0000 76.3619 43.3342 0.0000 77.3667 43.3342 0.0000
78.3714 43.3342 0.0000 79.3762 43.3342 0.0000 80.3809 43.3342 0.0000
81.3857 43.3342 0.0000 82.3905 43.3342 0.0000 83.3952 43.3342 0.0000
84.4000 43.3342 0.0000 85.4047 43.3342 0.0000 86.4095 43.3342 0.0000
87.4143 43.3342 0.0000 88.4190 43.3342 0.0000 89.4238 43.3342 0.0000
90.4286 43.3342 0.0000 91.4333 43.3342 0.0000 92.4381 43.3342 0.0000
93.4428 43.3342 0.0000 94.4476 43.3342 0.0000 95.4524 43.3342 0.0000
96.4571 43.3342 0.0000 97.4619 43.3342 0.0000 98.4667 43.3342 0.0000
99.4714 43.3342 0.0000 100.4762 43.3342 0.0000 101.4809 43.3342 0.0000
102.4857 43.3342 0.0000 103.4905 43.3342 0.0000 104.4952 43.3342 0.0000
105.5000 43.3342 0.0000 106.5047 43.3342 0.0000 107.5095 43.3342 0.0000
108.5143 43.3342 0.0000 109.5190 43.3342 0.0000 110.5238 43.3342 0.0000
111.5286 43.3342 0.0000 112.5333 43.3342 0.0000 113.5381 43.3342 0.0000
114.5428 43.3342 0.0000 115.5476 43.3342 0.0000 116.5524 43.3342 0.0000
117.5571 43.3342 0.0000 118.5619 43.3342 0.0000 119.5666 43.3342 0.0000
0.0000 44.3420 0.0000 1.0048 44.3420 0.0000 2.0095 44.3420 0.0000
3.0143 44.3420 0.0000 4.0190 44.3420 0.0000 5.0238 44.3420 0.0000
6.0286 44.3420 0.0000 7.0333 44.3420 0.0000 8.0381 44.3420 0.0000
9.0429 44.3420 0.0000 10.0476 44.3420 0.0000 11.0524 44.3420 0.0000
12.0571 44.3420 0.0000 13.0619 44.3420 0.0000 14.0667 44.3420 0.0000
15.0714 44.3420 0.0000 16.0762 44.3420 0.0000 17.0809 44.3420 0.0000
18.0857 44.3420 0.0000 19.0905 44.3420 0.0000 20.0952 44.3420 0.0000
21.1000 44.3420 0.0000 22.1048 44.3420 0.0000 23.1095 44.3420 0.0000
24.1143 44.3420 0.0000 25.1190 44.3420 0.0000 26.1238 44.3420 0.0000
27.1286 44.3420 0.0000 28.1333 44.3420 0.0000 29.1381 44.3420 0.0000
30.1429 44.3420 0.0000 31.1476 44.3420 0.0000 32.1524 44.3420 0.0000
33.1571 44.3420 0.0000 34.1619 44.3420 0.0000 35.1667 44.3420 0.0000
36.1714 44.3420 0.0000 37.1762 44.3420 0.0000 38.1809 44.3420 0.0000
39.1857 44.3420 0.0000 40.1905 44.3420 0.0000 41.1952 44.3420 0.0000
42.2000 44.3420 0.0000 43.2048 44.3420 0.0000 44.2095 44.3420 0.0000
45.2143 44.3420 0.0000 46.2190 44.3420 0.0000 47.2238 44.3420 0.0000
48.2286 44.3420 0.0000 49.2333 44.3420 0.0000 50.2381 44.3420 0.0000
51.2428 44.3420 0.0000 52.2476 44.3420 0.0000 53.2524 44.3420 0.0000
54.2571 44.3420 0.0000 55.2619 44.3420 0.0000 56.2667 44.3420 0.0000
57.2714 44.3420 0.0000 58.2762 44.3420 0.0000 59.2809 44.3420 0.0000
60.2857 44.3420 0.0000 61.2905 44.3420 0.0000 62.2952 44.3420 0.0000
63.3000 44.3420 0.0000 64.3048 44.3420 0.0000 65.3095 44.3420 0.0000
66.3143 44.3420 0.0000 67.3190 44.3420 0.0000 68.3238 44.3420 0.0000
69.3286 44.3420 0.0000 70.3333 44.3420 0.0000 71.3381 44.3420 0.0000
72.3428 44.3420 0.0000 73.3476 44.3420 0.0000 74.3524 44.3420 0.0000
75.3571 44.3420 0.0000 76.3619 44.3420 0.0000 77.3667 44.3420 0.0000
78.3714 44.3420 0.0000 79.3762 44.3420 0.0000 80.3809 44.3420 0.0000
81.3857 44.3420 0.0000 82.3905 44.3420 0.0000 83.3952 44.3420 0.0000
84.4000 44.3420 0.0000 85.4047 44.3420 0.0000 86.4095 44.3420 0.0000
87.4143 44.3420 0.0000 88.4190 44.3420 0.0000 89.4238 44.3420 0.0000
90.4286 44.3420 0.0000 91.4333 44.3420 0.0000 92.4381 44.3420 0.0000
93.4428 44.3420 0.0000 94.4476 44.3420 0.0000 95.4524 44.3420 0.0000
96.4571 44.3420 0.0000 97.4619 44.3420 0.0000 98.4667 44.3420 0.0000
99.4714 44.3420 0.0000 100.4762 44.3420 0.0000 101.4809 44.3420 0.0000
102.4857 44.3420 0.0000 103.4905 44.3420 0.0000 104.4952 44.3420 0.0000
105.5000 44.3420 0.0000 106.5047 44.3420 0.0000 107.5095 44.3420 0.0000
108.5143 44.3420 0.0000 109.5190 44.3420 0.0000 110.5238 44.3420 0.0000
111.5286 44.3420 0.0000 112.5333 44.3420 0.0000 113.5381 44.3420 0.0000
114.5428 44.3420 0.0000 115.5476 44.3420 0.0000 116.5524 44.3420 0.0000
117.5571 44.3420 0.0000 118.5619 44.3420 0.0000 119.5666 44.3420 0.0000
0.0000 45.3497 0.0000 1.0048 45.3497 0.0000 2.0095 45.3497 0.0000
3.0143 45.3497 0.0000 4.0190 45.3497 0.0000 5.0238 45.3497 0.0000
6.0286 45.3497 0.0000 7.0333 45.3497 0.0000 8.0381 45.3497 0.0000
9.0429 45.3497 0.0000 10.0476 45.3497 0.0000 11.0524 45.3497 0.0000
12.0571 45.3497 0.0000 13.0619 45.3497 0.0000 14.0667 45.3497 0.0000
15.0714 45.3497 0.0000 16.0762 45.3497 0.0000 17.0809 45.3497 0.0000
18.0857 45.3497 0.0000 19.0905 45.3497 0.0000 20.0952 45.3497 0.0000
21.1000 45.3497 0.0000 22.1048 45.3497 0.0000 23.1095 45.3497 0.0000
24.1143 45.3497 0.0000 25.1190 45.3497 0.0000 26.1238 45.3497 0.0000
27.1286 45.3497 0.0000 28.1333 45.3497 0.0000 29.1381 45.3497 0.0000
30.1429 45.3497 0.0000 31.1476 45.3497 0.0000 32.1524 45.3497 0.0000
33.1571 45.3497 0.0000 34.1619 45.3497 0.0000 35.1667 45.3497 0.0000
36.1714 45.3497 0.0000 37.1762 45.3497 0.0000 38.1809 45.3497 0.0000
39.1857 45.3497 0.0000 40.1905 45.3497 0.0000 41.1952 45.3497 0.0000
42.2000 45.3497 0.0000 43.2048 45.3497 0.0000 44.2095 45.3497 0.0000
45.2143 45.3497 0.0000 46.2190 45.3497 0.0000 47.2238 45.3497 0.0000
48.2286 45.3497 0.0000 49.2333 45.3497 0.0000 50.2381 45.3497 0.0000
51.2428 45.3497 0.0000 52.2476 45.3497 0.0000 53.2524 45.3497 0.0000
54.2571 45.3497 0.0000 55.2619 45.3497 0.0000 56.2667 45.3497 0.0000
57.2714 45.3497 0.0000 58.2762 45.3497 0.0000 59.2809 45.3497 0.0000
60.2857 45.3497 0.0000 61.2905 45.3497 0.0000 62.2952 45.3497 0.0000
63.3000 45.3497 0.0000 64.3048 45.3497 0.0000 65.3095 45.3497 0.0000
66.3143 45.3497 0.0000 67.3190 45.3497 0.0000 68.3238 45.3497 0.0000
69.3286 45.3497 0.0000 70.3333 45.3497 0.0000 71.3381 45.3497 0.0000
72.3428 45.3497 0.0000 73.3476 45.3497 0.0000 74.3524 45.3497 0.0000
75.3571 45.3497 0.0000 76.3619 45.3497 0.0000 77.3667 45.3497 0.0000
78.3714 45.3497 0.0000 79.3762 45.3497 0.0000 80.3809 45.3497 0.0000
81.3857 45.3497 0.0000 82.3905 45.3497 0.0000 83.3952 45.3497 0.0000
84.4000 45.3497 0.0000 85.4047 45.3497 0.0000 86.4095 45.3497 0.0000
87.4143 45.3497 0.0000 88.4190 45.3497 0.0000 89.4238 45.3497 0.0000
90.4286 45.3497 0.0000 91.4333 45.3497 0.0000 92.4381 45.3497 0.0000
93.4428 45.3497 0.0000 94.4476 45.3497 0.0000 95.4524 45.3497 0.0000
96.4571 45.3497 0.0000 97.4619 45.3497 0.0000 98.4667 45.3497 0.0000
99.4714 45.3497 0.0000 100.4762 45.3497 0.0000 101.4809 45.3497 0.0000
102.4857 45.3497 0.0000 103.4905 45.3497 0.0000 104.4952 45.3497 0.0000
105.5000 45.3497 0.0000 106.5047 45.3497 0.0000 107.5095 45.3497 0.0000
108.5143 45.3497 0.0000 109.5190 45.3497 0.0000 110.5238 45.3497 0.0000
111.5286 45.3497 0.0000 112.5333 45.3497 0.0000 113.5381 45.3497 0.0000
114.5428 45.3497 0.0000 115.5476 45.3497 0.0000 116.5524 45.3497 0.0000
117.5571 45.3497 0.0000 118.5619 45.3497 0.0000 119.5666 45.3497 0.0000
0.0000 46.3575 0.0000 1.0048 46.3575 0.0000 2.0095 46.3575 0.0000
3.0143 46.3575 0.0000 4.0190 46.3575 0.0000 5.0238 46.3575 0.0000
6.0286 46.3575 0.0000 7.0333 46.3575 0.0000 8.0381 46.3575 0.0000
9.0429 46.3575 0.0000 10.0476 46.3575 0.0000 11.0524 46.3575 0.0000
12.0571 46.3575 0.0000 13.0619 46.3575 0.0000 14.0667 46.3575 0.0000
15.0714 46.3575 0.0000 16.0762 46.3575 0.0000 17.0809 46.3575 0.0000
18.0857 46.3575 0.0000 19.0905 46.3575 0.0000 20.0952 46.3575 0.0000
21.1000 46.3575 0.0000 22.1048 46.3575 0.0000 23.1095 46.3575 0.0000
24.1143 46.3575 0.0000 25.1190 46.3575 0.0000 26.1238 46.3575 0.0000
27.1286 46.3575 0.0000 28.1333 46.3575 0.0000 29.1381 46.3575 0.0000
30.1429 46.3575 0.0000 31.1476 46.3575 0.0000 32.1524 46.3575 0.0000
33.1571 46.3575 0.0000 34.1619 46.3575 0.0000 35.1667 46.3575 0.0000
36.1714 46.3575 0.0000 37.1762 46.3575 0.0000 38.1809 46.3575 0.0000
39.1857 46.3575 0.0000 40.1905 46.3575 0.0000 41.1952 46.3575 0.0000
42.2000 46.3575 0.0000 43.2048 46.3575 0.0000 44.2095 46.3575 0.0000
45.2143 46.3575 0.0000 46.2190 46.3575 0.0000 47.2238 46.3575 0.0000
48.2286 46.3575 0.0000 49.2333 46.3575 0.0000 50.2381 46.3575 0.0000
51.2428 46.3575 0.0000 52.2476 46.3575 0.0000 53.2524 46.3575 0.0000
54.2571 46.3575 0.0000 55.2619 46.3575 0.0000 56.2667 46.3575 0.0000
57.2714 46.3575 0.0000 58.2762 46.3575 0.0000 59.2809 46.3575 0.0000
60.2857 46.3575 0.0000 61.2905 46.3575 0.0000 62.2952 46.3575 0.0000
63.3000 46.3575 0.0000 64.3048 46.3575 0.0000 65.3095 46.3575 0.0000
66.3143 46.3575 0.0000 67.3190 46.3575 0.0000 68.3238 46.3575 0.0000
69.3286 46.3575 0.0000 70.3333 46.3575 0.0000 71.3381 46.3575 0.0000
72.3428 46.3575 0.0000 73.3476 46.3575 0.0000 74.3524 46.3575 0.0000
75.3571 46.3575 0.0000 76.3619 46.3575 0.0000 77.3667 46.3575 0.0000
78.3714 46.3575 0.0000 79.3762 46.3575 0.0000 80.3809 46.3575 0.0000
81.3857 46.3575 0.0000 82.3905 46.3575 0.0000 83.3952 46.3575 0.0000
84.4000 46.3575 0.0000 85.4047 46.3575 0.0000 86.4095 46.3575 0.0000
87.4143 46.3575 0.0000 88.4190 46.3575 0.0000 89.4238 46.3575 0.0000
90.4286 46.3575 0.0000 91.4333 46.3575 0.0000 92.4381 46.3575 0.0000
93.4428 46.3575 0.0000 94.4476 46.3575 0.0000 95.4524 46.3575 0.0000
96.4571 46.3575 0.0000 97.4619 46.3575 0.0000 98.4667 46.3575 0.0000
99.4714 46.3575 0.0000 100.4762 46.3575 0.0000 101.4809 46.3575 0.0000
102.4857 46.3575 0.0000 103.4905 46.3575 0.0000 104.4952 46.3575 0.0000
105.5000 46.3575 0.0000 106.5047 46.3575 0.0000 107.5095 46.3575 0.0000
108.5143 46.3575 0.0000 109.5190 46.3575 0.0000 110.5238 46.3575 0.0000
111.5286 46.3575 0.0000 112.5333 46.3575 0.0000 113.5381 46.3575 0.0000
114.5428 46.3575 0.0000 115.5476 46.3575 0.0000 116.5524 46.3575 0.0000
117.5571 46.3575 0.0000 118.5619 46.3575 0.0000 119.5666 46.3575 0.0000
0.0000 47.3653 0.0000 1.0048 47.3653 0.0000 2.0095 47.3653 0.0000
3.0143 47.3653 0.0000 4.0190 47.3653 0.0000 5.0238 47.3653 0.0000
6.0286 47.3653 0.0000 7.0333 47.3653 0.0000 8.0381 47.3653 0.0000
9.0429 47.3653 0.0000 10.0476 47.3653 0.0000 11.0524 47.3653 0.0000
12.0571 47.3653 0.0000 13.0619 47.3653 0.0000 14.0667 47.3653 0.0000
15.0714 47.3653 0.0000 16.0762 47.3653 0.0000 17.0809 47.3653 0.0000
18.0857 47.3653 0.0000 19.0905 47.3653 0.0000 20.0952 47.3653 0.0000
21.1000 47.3653 0.0000 22.1048 47.3653 0.0000 23.1095 47.3653 0.0000
24.1143 47.3653 0.0000 25.1190 47.3653 0.0000 26.1238 47.3653 0.0000
27.1286 47.3653 0.0000 28.1333 47.3653 0.0000 29.1381 47.3653 0.0000
30.1429 47.3653 0.0000 31.1476 47.3653 0.0000 32.1524 47.3653 0.0000
33.1571 47.3653 0.0000 34.1619 47.3653 0.0000 35.1667 47.3653 0.0000
36.1714 47.3653 0.0000 37.1762 47.3653 0.0000 38.1809 47.3653 0.0000
39.1857 47.3653 0.0000 40.1905 47.3653 0.0000 41.1952 47.3653 0.0000
42.2000 47.3653 0.0000 43.2048 47.3653 0.0000 44.2095 47.3653 0.0000
45.2143 47.3653 0.0000 46.2190 47.3653 0.0000 47.2238 47.3653 0.0000
48.2286 47.3653 0.0000 49.2333 47.3653 0.0000 50.2381 47.3653 0.0000
51.2428 47.3653 0.0000 52.2476 47.3653 0.0000 53.2524 47.3653 0.0000
54.2571 47.3653 0.0000 55.2619 47.3653 0.0000 56.2667 47.3653 0.0000
57.2714 47.3653 0.0000 58.2762 47.3653 0.0000 59.2809 47.3653 0.0000
60.2857 47.3653 0.0000 61.2905 47.3653 0.0000 62.2952 47.3653 0.0000
63.3000 47.3653 0.0000 64.3048 47.3653 0.0000 65.3095 47.3653 0.0000
66.3143 47.3653 0.0000 67.3190 47.3653 0.0000 68.3238 47.3653 0.0000
69.3286 47.3653 0.0000 70.3333 47.3653 0.0000 71.3381 47.3653 0.0000
72.3428 47.3653 0.0000 73.3476 47.3653 0.0000 74.3524 47.3653 0.0000
75.3571 47.3653 0.0000 76.3619 47.3653 0.0000 77.3667 47.3653 0.0000
78.3714 47.3653 0.0000 79.3762 47.3653 0.0000 80.3809 47.3653 0.0000
81.3857 47.3653 0.0000 82.3905 47.3653 0.0000 83.3952 47.3653 0.0000
84.4000 47.3653 0.0000 85.4047 47.3653 0.0000 86.4095 47.3653 0.0000
87.4143 47.3653 0.0000 88.4190 47.3653 0.0000 89.4238 47.3653 0.0000
90.4286 47.3653 0.0000 91.4333 47.3653 0.0000 92.4381 47.3653 0.0000
93.4428 47.3653 0.0000 94.4476 47.3653 0.0000 95.4524 47.3653 0.0000
96.4571 47.3653 0.0000 97.4619 47.3653 0.0000 98.4667 47.3653 0.0000
99.4714 47.3653 0.0000 100.4762 47.3653 0.0000 101.4809 47.3653 0.0000
102.4857 47.3653 0.0000 103.4905 47.3653 0.0000 104.4952 47.3653 0.0000
105.5000 47.3653 0.0000 106.5047 47.3653 0.0000 107.5095 47.3653 0.0000
108.5143 47.3653 0.0000 109.5190 47.3653 0.0000 110.5238 47.3653 0.0000
111.5286 47.3653 0.0000 112.5333 47.3653 0.0000 113.5381 47.3653 0.0000
114.5428 47.3653 0.0000 115.5476 47.3653 0.0000 116.5524 47.3653 0.0000
117.5571 47.3653 0.0000 118.5619 47.3653 0.0000 119.5666 47.3653 0.0000
0.0000 48.3730 0.0000 1.0048 48.3730 0.0000 2.0095 48.3730 0.0000
3.0143 48.3730 0.0000 4.0190 48.3730 0.0000 5.0238 48.3730 0.0000
6.0286 48.3730 0.0000 7.0333 48.3730 0.0000 8.0381 48.3730 0.0000
9.0429 48.3730 0.0000 10.0476 48.3730 0.0000 11.0524 48.3730 0.0000
12.0571 48.3730 0.0000 13.0619 48.3730 0.0000 14.0667 48.3730 0.0000
15.0714 48.3730 0.0000 16.0762 48.3730 0.0000 17.0809 48.3730 0.0000
18.0857 48.3730 0.0000 19.0905 48.3730 0.0000 20.0952 48.3730 0.0000
21.1000 48.3730 0.0000 22.1048 48.3730 0.0000 23.1095 48.3730 0.0000
24.1143 48.3730 0.0000 25.1190 48.3730 0.0000 26.1238 48.3730 0.0000
27.1286 48.3730 0.0000 28.1333 48.3730 0.0000 29.1381 48.3730 0.0000
30.1429 48.3730 0.0000 31.1476 48.3730 0.0000 32.1524 48.3730 0.0000
33.1571 48.3730 0.0000 34.1619 48.3730 0.0000 35.1667 48.3730 0.0000
36.1714 48.3730 0.0000 37.1762 48.3730 0.0000 38.1809 48.3730 0.0000
39.1857 48.3730 0.0000 40.1905 48.3730 0.0000 41.1952 48.3730 0.0000
42.2000 48.3730 0.0000 43.2048 48.3730 0.0000 44.2095 48.3730 0.0000
45.2143 48.3730 0.0000 46.2190 48.3730 0.0000 47.2238 48.3730 0.0000
48.2286 48.3730 0.0000 49.2333 48.3730 0.0000 50.2381 48.3730 0.0000
51.2428 48.3730 0.0000 52.2476 48.3730 0.0000 53.2524 48.3730 0.0000
54.2571 48.3730 0.0000 55.2619 48.3730 0.0000 56.2667 48.3730 0.0000
57.2714 48.3730 0.0000 58.2762 48.3730 0.0000 59.2809 48.3730 0.0000
60.2857 48.3730 0.0000 61.2905 48.3730 0.0000 62.2952 48.3730 0.0000
63.3000 48.3730 0.0000 64.3048 48.3730 0.0000 65.3095 48.3730 0.0000
66.3143 48.3730 0.0000 67.3190 48.3730 0.0000 68.3238 48.3730 0.0000
69.3286 48.3730 0.0000 70.3333 48.3730 0.0000 71.3381 48.3730 0.0000
72.3428 48.3730 0.0000 73.3476 48.3730 0.0000 74.3524 48.3730 0.0000
75.3571 48.3730 0.0000 76.3619 48.3730 0.0000 77.3667 48.3730 0.0000
78.3714 48.3730 0.0000 79.3762 48.3730 0.0000 80.3809 48.3730 0.0000
81.3857 48.3730 0.0000 82.3905 48.3730 0.0000 83.3952 48.3730 0.0000
84.4000 48.3730 0.0000 85.4047 48.3730 0.0000 86.4095 48.3730 0.0000
87.4143 48.3730 0.0000 88.4190 48.3730 0.0000 89.4238 48.3730 0.0000
90.4286 48.3730 0.0000 91.4333 48.3730 0.0000 92.4381 48.3730 0.0000
93.4428 48.3730 0.0000 94.4476 48.3730 0.0000 95.4524 48.3730 0.0000
96.4571 48.3730 0.0000 97.4619 48.3730 0.0000 98.4667 48.3730 0.0000
99.4714 48.3730 0.0000 100.4762 48.3730 0.0000 101.4809 48.3730 0.0000
102.4857 48.3730 0.0000 103.4905 48.3730 0.0000 104.4952 48.3730 0.0000
105.5000 48.3730 0.0000 106.5047 48.3730 0.0000 107.5095 48.3730 0.0000
108.5143 48.3730 0.0000 109.5190 48.3730 0.0000 110.5238 48.3730 0.0000
111.5286 48.3730 0.0000 112.5333 48.3730 0.0000 113.5381 48.3730 0.0000
114.5428 48.3730 0.0000 115.5476 48.3730 0.0000 116.5524 48.3730 0.0000
117.5571 48.3730 0.0000 118.5619 48.3730 0.0000 119.5666 48.3730 0.0000
0.0000 49.3808 0.0000 1.0048 49.3808 0.0000 2.0095 49.3808 0.0000
3.0143 49.3808 0.0000 4.0190 49.3808 0.0000 5.0238 49.3808 0.0000
6.0286 49.3808 0.0000 7.0333 49.3808 0.0000 8.0381 49.3808 0.0000
9.0429 49.3808 0.0000 10.0476 49.3808 0.0000 11.0524 49.3808 0.0000
12.0571 49.3808 0.0000 13.0619 49.3808 0.0000 14.0667 49.3808 0.0000
15.0714 49.3808 0.0000 16.0762 49.3808 0.0000 17.0809 49.3808 0.0000
18.0857 49.3808 0.0000 19.0905 49.3808 0.0000 20.0952 49.3808 0.0000
21.1000 49.3808 0.0000 22.1048 49.3808 0.0000 23.1095 49.3808 0.0000
24.1143 49.3808 0.0000 25.1190 49.3808 0.0000 26.1238 49.3808 0.0000
27.1286 49.3808 0.0000 28.1333 49.3808 0.0000 29.1381 49.3808 0.0000
30.1429 49.3808 0.0000 31.1476 49.3808 0.0000 32.1524 49.3808 0.0000
33.1571 49.3808 0.0000 34.1619 49.3808 0.0000 35.1667 49.3808 0.0000
36.1714 49.3808 0.0000 37.1762 49.3808 0.0000 38.1809 49.3808 0.0000
39.1857 49.3808 0.0000 40.1905 49.3808 0.0000 41.1952 49.3808 0.0000
42.2000 49.3808 0.0000 43.2048 49.3808 0.0000 44.2095 49.3808 0.0000
45.2143 49.3808 0.0000 46.2190 49.3808 0.0000 47.2238 49.3808 0.0000
48.2286 49.3808 0.0000 49.2333 49.3808 0.0000 50.2381 49.3808 0.0000
51.2428 49.3808 0.0000 52.2476 49.3808 0.0000 53.2524 49.3808 0.0000
54.2571 49.3808 0.0000 55.2619 49.3808 0.0000 56.2667 49.3808 0.0000
57.2714 49.3808 0.0000 58.2762 49.3808 0.0000 59.2809 49.3808 0.0000
60.2857 49.3808 0.0000 61.2905 49.3808 0.0000 62.2952 49.3808 0.0000
63.3000 49.3808 0.0000 64.3048 49.3808 0.0000 65.3095 49.3808 0.0000
66.3143 49.3808 0.0000 67.3190 49.3808 0.0000 68.3238 49.3808 0.0000
69.3286 49.3808 0.0000 70.3333 49.3808 0.0000 71.3381 49.3808 0.0000
72.3428 49.3808 0.0000 73.3476 49.3808 0.0000 74.3524 49.3808 0.0000
75.3571 49.3808 0.0000 76.3619 49.3808 0.0000 77.3667 49.3808 0.0000
78.3714 49.3808 0.0000 79.3762 49.3808 0.0000 80.3809 49.3808 0.0000
81.3857 49.3808 0.0000 82.3905 49.3808 0.0000 83.3952 49.3808 0.0000
84.4000 49.3808 0.0000 85.4047 49.3808 0.0000 86.4095 49.3808 0.0000
87.4143 49.3808 0.0000 88.4190 49.3808 0.0000 89.4238 49.3808 0.0000
90.4286 49.3808 0.0000 91.4333 49.3808 0.0000 92.4381 49.3808 0.0000
93.4428 49.3808 0.0000 94.4476 49.3808 0.0000 95.4524 49.3808 0.0000
96.4571 49.3808 0.0000 97.4619 49.3808 0.0000 98.4667 49.3808 0.0000
99.4714 49.3808 0.0000 100.4762 49.3808 0.0000 101.4809 49.3808 0.0000
102.4857 49.3808 0.0000 103.4905 49.3808 0.0000 104.4952 49.3808 0.0000
105.5000 49.3808 0.0000 106.5047 49.3808 0.0000 107.5095 49.3808 0.0000
108.5143 49.3808 0.0000 109.5190 49.3808 0.0000 110.5238 49.3808 0.0000
111.5286 49.3808 0.0000 112.5333 49.3808 0.0000 113.5381 49.3808 0.0000
114.5428 49.3808 0.0000 115.5476 49.3808 0.0000 116.5524 49.3808 0.0000
117.5571 49.3808 0.0000 118.5619 49.3808 0.0000 119.5666 49.3808 0.0000
0.0000 50.3886 0.0000 1.0048 50.3886 0.0000 2.0095 50.3886 0.0000
3.0143 50.3886 0.0000 4.0190 50.3886 0.0000 5.0238 50.3886 0.0000
6.0286 50.3886 0.0000 7.0333 50.3886 0.0000 8.0381 50.3886 0.0000
9.0429 50.3886 0.0000 10.0476 50.3886 0.0000 11.0524 50.3886 0.0000
12.0571 50.3886 0.0000 13.0619 50.3886 0.0000 14.0667 50.3886 0.0000
15.0714 50.3886 0.0000 16.0762 50.3886 0.0000 17.0809 50.3886 0.0000
18.0857 50.3886 0.0000 19.0905 50.3886 0.0000 20.0952 50.3886 0.0000
21.1000 50.3886 0.0000 22.1048 50.3886 0.0000 23.1095 50.3886 0.0000
24.1143 50.3886 0.0000 25.1190 50.3886 0.0000 26.1238 50.3886 0.0000
27.1286 50.3886 0.0000 28.1333 50.3886 0.0000 29.1381 50.3886 0.0000
30.1429 50.3886 0.0000 31.1476 50.3886 0.0000 32.1524 50.3886 0.0000
33.1571 50.3886 0.0000 34.1619 50.3886 0.0000 35.1667 50.3886 0.0000
36.1714 50.3886 0.0000 37.1762 50.3886 0.0000 38.1809 50.3886 0.0000
39.1857 50.3886 0.0000 40.1905 50.3886 0.0000 41.1952 50.3886 0.0000
42.2000 50.3886 0.0000 43.2048 50.3886 0.0000 44.2095 50.3886 0.0000
45.2143 50.3886 0.0000 46.2190 50.3886 0.0000 47.2238 50.3886 0.0000
48.2286 50.3886 0.0000 49.2333 50.3886 0.0000 50.2381 50.3886 0.0000
51.2428 50.3886 0.0000 52.2476 50.3886 0.0000 53.2524 50.3886 0.0000
54.2571 50.3886 0.0000 55.2619 50.3886 0.0000 56.2667 50.3886 0.0000
57.2714 50.3886 0.0000 58.2762 50.3886 0.0000 59.2809 50.3886 0.0000
60.2857 50.3886 0.0000 61.2905 50.3886 0.0000 62.2952 50.3886 0.0000
63.3000 50.3886 0.0000 64.3048 50.3886 0.0000 65.3095 50.3886 0.0000
66.3143 50.3886 0.0000 67.3190 50.3886 0.0000 68.3238 50.3886 0.0000
69.3286 50.3886 0.0000 70.3333 50.3886 0.0000 71.3381 50.3886 0.0000
72.3428 50.3886 0.0000 73.3476 50.3886 0.0000 74.3524 50.3886 0.0000
75.3571 50.3886 0.0000 76.3619 50.3886 0.0000 77.3667 50.3886 0.0000
78.3714 50.3886 0.0000 79.3762 50.3886 0.0000 80.3809 50.3886 0.0000
81.3857 50.3886 0.0000 82.3905 50.3886 0.0000 83.3952 50.3886 0.0000
84.4000 50.3886 0.0000 85.4047 50.3886 0.0000 86.4095 50.3886 0.0000
87.4143 50.3886 0.0000 88.4190 50.3886 0.0000 89.4238 50.3886 0.0000
90.4286 50.3886 0.0000 91.4333 50.3886 0.0000 92.4381 50.3886 0.0000
93.4428 50.3886 0.0000 94.4476 50.3886 0.0000 95.4524 50.3886 0.0000
96.4571 50.3886 0.0000 97.4619 50.3886 0.0000 98.4667 50.3886 0.0000
99.4714 50.3886 0.0000 100.4762 50.3886 0.0000 101.4809 50.3886 0.0000
102.4857 50.3886 0.0000 103.4905 50.3886 0.0000 104.4952 50.3886 0.0000
105.5000 50.3886 0.0000 106.5047 50.3886 0.0000 107.5095 50.3886 0.0000
108.5143 50.3886 0.0000 109.5190 50.3886 0.0000 110.5238 50.3886 0.0000
111.5286 50.3886 0.0000 112.5333 50.3886 0.0000 113.5381 50.3886 0.0000
114.5428 50.3886 0.0000 115.5476 50.3886 0.0000 116.5524 50.3886 0.0000
117.5571 50.3886 0.0000 118.5619 50.3886 0.0000 119.5666 50.3886 0.0000
0.0000 51.3964 0.0000 1.0048 51.3964 0.0000 2.0095 51.3964 0.0000
3.0143 51.3964 0.0000 4.0190 51.3964 0.0000 5.0238 51.3964 0.0000
6.0286 51.3964 0.0000 7.0333 51.3964 0.0000 8.0381 51.3964 0.0000
9.0429 51.3964 0.0000 10.0476 51.3964 0.0000 11.0524 51.3964 0.0000
12.0571 51.3964 0.0000 13.0619 51.3964 0.0000 14.0667 51.3964 0.0000
15.0714 51.3964 0.0000 16.0762 51.3964 0.0000 17.0809 51.3964 0.0000
18.0857 51.3964 0.0000 19.0905 51.3964 0.0000 20.0952 51.3964 0.0000
21.1000 51.3964 0.0000 22.1048 51.3964 0.0000 23.1095 51.3964 0.0000
24.1143 51.3964 0.0000 25.1190 51.3964 0.0000 26.1238 51.3964 0.0000
27.1286 51.3964 0.0000 28.1333 51.3964 0.0000 29.1381 51.3964 0.0000
30.1429 51.3964 0.0000 31.1476 51.3964 0.0000 32.1524 51.3964 0.0000
33.1571 51.3964 0.0000 34.1619 51.3964 0.0000 35.1667 51.3964 0.0000
36.1714 51.3964 0.0000 37.1762 51.3964 0.0000 38.1809 51.3964 0.0000
39.1857 51.3964 0.0000 40.1905 51.3964 0.0000 41.1952 51.3964 0.0000
42.2000 51.3964 0.0000 43.2048 51.3964 0.0000 44.2095 51.3964 0.0000
45.2143 51.3964 0.0000 46.2190 51.3964 0.0000 47.2238 51.3964 0.0000
48.2286 51.3964 0.0000 49.2333 51.3964 0.0000 50.2381 51.3964 0.0000
51.2428 51.3964 0.0000 52.2476 51.3964 0.0000 53.2524 51.3964 0.0000
54.2571 51.3964 0.0000 55.2619 51.3964 0.0000 56.2667 51.3964 0.0000
57.2714 51.3964 0.0000 58.2762 51.3964 0.0000 59.2809 51.3964 0.0000
60.2857 51.3964 0.0000 61.2905 51.3964 0.0000 62.2952 51.3964 0.0000
63.3000 51.3964 0.0000 64.3048 51.3964 0.0000 65.3095 51.3964 0.0000
66.3143 51.3964 0.0000 67.3190 51.3964 0.0000 68.3238 51.3964 0.0000
69.3286 51.3964 0.0000 70.3333 51.3964 0.0000 71.3381 51.3964 0.0000
72.3428 51.3964 0.0000 73.3476 51.3964 0.0000 74.3524 51.3964 0.0000
75.3571 51.3964 0.0000 76.3619 51.3964 0.0000 77.3667 51.3964 0.0000
78.3714 51.3964 0.0000 79.3762 51.3964 0.0000 80.3809 51.3964 0.0000
81.3857 51.3964 0.0000 82.3905 51.3964 0.0000 83.3952 51.3964 0.0000
84.4000 51.3964 0.0000 85.4047 51.3964 0.0000 86.4095 51.3964 0.0000
87.4143 51.3964 0.0000 88.4190 51.3964 0.0000 89.4238 51.3964 0.0000
90.4286 51.3964 0.0000 91.4333 51.3964 0.0000 92.4381 51.3964 0.0000
93.4428 51.3964 0.0000 94.4476 51.3964 0.0000 95.4524 51.3964 0.0000
96.4571 51.3964 0.0000 97.4619 51.3964 0.0000 98.4667 51.3964 0.0000
99.4714 51.3964 0.0000 100.4762 51.3964 0.0000 101.4809 51.3964 0.0000
102.4857 51.3964 0.0000 103.4905 51.3964 0.0000 104.4952 51.3964 0.0000
105.5000 51.3964 0.0000 106.5047 51.3964 0.0000 107.5095 51.3964 0.0000
108.5143 51.3964 0.0000 109.5190 51.3964 0.0000 110.5238 51.3964 0.0000
111.5286 51.3964 0.0000 112.5333 51.3964 0.0000 113.5381 51.3964 0.0000
114.5428 51.3964 0.0000 115.5476 51.3964 0.0000 116.5524 51.3964 0.0000
117.5571 51.3964 0.0000 118.5619 51.3964 0.0000 119.5666 51.3964 0.0000
0.0000 52.4041 0.0000 1.0048 52.4041 0.0000 2.0095 52.4041 0.0000
3.0143 52.4041 0.0000 4.0190 52.4041 0.0000 5.0238 52.4041 0.0000
6.0286 52.4041 0.0000 7.0333 52.4041 0.0000 8.0381 52.4041 0.0000
9.0429 52.4041 0.0000 10.0476 52.4041 0.0000 11.0524 52.4041 0.0000
12.0571 52.4041 0.0000 13.0619 52.4041 0.0000 14.0667 52.4041 0.0000
15.0714 52.4041 0.0000 16.0762 52.4041 0.0000 17.0809 52.4041 0.0000
18.0857 52.4041 0.0000 19.0905 52.4041 0.0000 20.0952 52.4041 0.0000
21.1000 52.4041 0.0000 22.1048 52.4041 0.0000 23.1095 52.4041 0.0000
24.1143 52.4041 0.0000 25.1190 52.4041 0.0000 26.1238 52.4041 0.0000
27.1286 52.4041 0.0000 28.1333 52.4041 0.0000 29.1381 52.4041 0.0000
30.1429 52.4041 0.0000 31.1476 52.4041 0.0000 32.1524 52.4041 0.0000
33.1571 52.4041 0.0000 34.1619 52.4041 0.0000 35.1667 52.4041 0.0000
36.1714 52.4041 0.0000 37.1762 52.4041 0.0000 38.1809 52.4041 0.0000
39.1857 52.4041 0.0000 40.1905 52.4041 0.0000 41.1952 52.4041 0.0000
42.2000 52.4041 0.0000 43.2048 52.4041 0.0000 44.2095 52.4041 0.0000
45.2143 52.4041 0.0000 46.2190 52.4041 0.0000 47.2238 52.4041 0.0000
48.2286 52.4041 0.0000 49.2333 52.4041 0.0000 50.2381 52.4041 0.0000
51.2428 52.4041 0.0000 52.2476 52.4041 0.0000 53.2524 52.4041 0.0000
54.2571 52.4041 0.0000 55.2619 52.4041 0.0000 56.2667 52.4041 0.0000
57.2714 52.4041 0.0000 58.2762 52.4041 0.0000 59.2809 52.4041 0.0000
60.2857 52.4041 0.0000 61.2905 52.4041 0.0000 62.2952 52.4041 0.0000
63.3000 52.4041 0.0000 64.3048 52.4041 0.0000 65.3095 52.4041 0.0000
66.3143 52.4041 0.0000 67.3190 52.4041 0.0000 68.3238 52.4041 0.0000
69.3286 52.4041 0.0000 70.3333 52.4041 0.0000 71.3381 52.4041 0.0000
72.3428 52.4041 0.0000 73.3476 52.4041 0.0000 74.3524 52.4041 0.0000
75.3571 52.4041 0.0000 76.3619 52.4041 0.0000 77.3667 52.4041 0.0000
78.3714 52.4041 0.0000 79.3762 52.4041 0.0000 80.3809 52.4041 0.0000
81.3857 52.4041 0.0000 82.3905 52.4041 0.0000 83.3952 52.4041 0.0000
84.4000 52.4041 0.0000 85.4047 52.4041 0.0000 86.4095 52.4041 0.0000
87.4143 52.4041 0.0000 88.4190 52.4041 0.0000 89.4238 52.4041 0.0000
90.4286 52.4041 0.0000 91.4333 52.4041 0.0000 92.4381 52.4041 0.0000
93.4428 52.4041 0.0000 94.4476 52.4041 0.0000 95.4524 52.4041 0.0000
96.4571 52.4041 0.0000 97.4619 52.4041 0.0000 98.4667 52.4041 0.0000
99.4714 52.4041 0.0000 100.4762 52.4041 0.0000 101.4809 52.4041 0.0000
102.4857 52.4041 0.0000 103.4905 52.4041 0.0000 104.4952 52.4041 0.0000
105.5000 52.4041 0.0000 106.5047 52.4041 0.0000 107.5095 52.4041 0.0000
108.5143 52.4041 0.0000 109.5190 52.4041 0.0000 110.5238 52.4041 0.0000
111.5286 52.4041 0.0000 112.5333 52.4041 0.0000 113.5381 52.4041 0.0000
114.5428 52.4041 0.0000 115.5476 52.4041 0.0000 116.5524 52.4041 0.0000
117.5571 52.4041 0.0000 118.5619 52.4041 0.0000 119.5666 52.4041 0.0000
0.0000 53.4119 0.0000 1.0048 53.4119 0.0000 2.0095 53.4119 0.0000
3.0143 53.4119 0.0000 4.0190 53.4119 0.0000 5.0238 53.4119 0.0000
6.0286 53.4119 0.0000 7.0333 53.4119 0.0000 8.0381 53.4119 0.0000
9.0429 53.4119 0.0000 10.0476 53.4119 0.0000 11.0524 53.4119 0.0000
12.0571 53.4119 0.0000 13.0619 53.4119 0.0000 14.0667 53.4119 0.0000
15.0714 53.4119 0.0000 16.0762 53.4119 0.0000 17.0809 53.4119 0.0000
18.0857 53.4119 0.0000 19.0905 53.4119 0.0000 20.0952 53.4119 0.0000
21.1000 53.4119 0.0000 22.1048 53.4119 0.0000 23.1095 53.4119 0.0000
24.1143 53.4119 0.0000 25.1190 53.4119 0.0000 26.1238 53.4119 0.0000
27.1286 53.4119 0.0000 28.1333 53.4119 0.0000 29.1381 53.4119 0.0000
30.1429 53.4119 0.0000 31.1476 53.4119 0.0000 32.1524 53.4119 0.0000
33.1571 53.4119 0.0000 34.1619 53.4119 0.0000 35.1667 53.4119 0.0000
36.1714 53.4119 0.0000 37.1762 53.4119 0.0000 38.1809 53.4119 0.0000
39.1857 53.4119 0.0000 40.1905 53.4119 0.0000 41.1952 53.4119 0.0000
42.2000 53.4119 0.0000 43.2048 53.4119 0.0000 44.2095 53.4119 0.0000
45.2143 53.4119 0.0000 46.2190 53.4119 0.0000 47.2238 53.4119 0.0000
48.2286 53.4119 0.0000 49.2333 53.4119 0.0000 50.2381 53.4119 0.0000
51.2428 53.4119 0.0000 52.2476 53.4119 0.0000 53.2524 53.4119 0.0000
54.2571 53.4119 0.0000 55.2619 53.4119 0.0000 56.2667 53.4119 0.0000
57.2714 53.4119 0.0000 58.2762 53.4119 0.0000 59.2809 53.4119 0.0000
60.2857 53.4119 0.0000 61.2905 53.4119 0.0000 62.2952 53.4119 0.0000
63.3000 53.4119 0.0000 64.3048 53.4119 0.0000 65.3095 53.4119 0.0000
66.3143 53.4119 0.0000 67.3190 53.4119 0.0000 68.3238 53.4119 0.0000
69.3286 53.4119 0.0000 70.3333 53.4119 0.0000 71.3381 53.4119 0.0000
72.3428 53.4119 0.0000 73.3476 53.4119 0.0000 74.3524 53.4119 0.0000
75.3571 53.4119 0.0000 76.3619 53.4119 0.0000 77.3667 53.4119 0.0000
78.3714 53.4119 0.0000 79.3762 53.4119 0.0000 80.3809 53.4119 0.0000
81.3857 53.4119 0.0000 82.3905 53.4119 0.0000 83.3952 53.4119 0.0000
84.4000 53.4119 0.0000 85.4047 53.4119 0.0000 86.4095 53.4119 0.0000
87.4143 53.4119 0.0000 88.4190 53.4119 0.0000 89.4238 53.4119 0.0000
90.4286 53.4119 0.0000 91.4333 53.4119 0.0000 92.4381 53.4119 0.0000
93.4428 53.4119 0.0000 94.4476 53.4119 0.0000 95.4524 53.4119 0.0000
96.4571 53.4119 0.0000 97.4619 53.4119 0.0000 98.4667 53.4119 0.0000
99.4714 53.4119 0.0000 100.4762 53.4119 0.0000 101.4809 53.4119 0.0000
102.4857 53.4119 0.0000 103.4905 53.4119 0.0000 104.4952 53.4119 0.0000
105.5000 53.4119 0.0000 106.5047 53.4119 0.0000 107.5095 53.4119 0.0000
108.5143 53.4119 0.0000 109.5190 53.4119 0.0000 110.5238 53.4119 0.0000
111.5286 53.4119 0.0000 112.5333 53.4119 0.0000 113.5381 53.4119 0.0000
114.5428 53.4119 0.0000 115.5476 53.4119 0.0000 116.5524 53.4119 0.0000
117.5571 53.4119 0.0000 118.5619 53.4119 0.0000 119.5666 53.4119 0.0000
0.0000 54.4197 0.0000 1.0048 54.4197 0.0000 2.0095 54.4197 0.0000
3.0143 54.4197 0.0000 4.0190 54.4197 0.0000 5.0238 54.4197 0.0000
6.0286 54.4197 0.0000 7.0333 54.4197 0.0000 8.0381 54.4197 0.0000
9.0429 54.4197 0.0000 10.0476 54.4197 0.0000 11.0524 54.4197 0.0000
12.0571 54.4197 0.0000 13.0619 54.4197 0.0000 14.0667 54.4197 0.0000
15.0714 54.4197 0.0000 16.0762 54.4197 0.0000 17.0809 54.4197 0.0000
18.0857 54.4197 0.0000 19.0905 54.4197 0.0000 20.0952 54.4197 0.0000
21.1000 54.4197 0.0000 22.1048 54.4197 0.0000 23.1095 54.4197 0.0000
24.1143 54.4197 0.0000 25.1190 54.4197 0.0000 26.1238 54.4197 0.0000
27.1286 54.4197 0.0000 28.1333 54.4197 0.0000 29.1381 54.4197 0.0000
30.1429 54.4197 0.0000 31.1476 54.4197 0.0000 32.1524 54.4197 0.0000
33.1571 54.4197 0.0000 34.1619 54.4197 0.0000 35.1667 54.4197 0.0000
36.1714 54.4197 0.0000 37.1762 54.4197 0.0000 38.1809 54.4197 0.0000
39.1857 54.4197 0.0000 40.1905 54.4197 0.0000 41.1952 54.4197 0.0000
42.2000 54.4197 0.0000 43.2048 54.4197 0.0000 44.2095 54.4197 0.0000
45.2143 54.4197 0.0000 46.2190 54.4197 0.0000 47.2238 54.4197 0.0000
48.2286 54.4197 0.0000 49.2333 54.4197 0.0000 50.2381 54.4197 0.0000
51.2428 54.4197 0.0000 52.2476 54.4197 0.0000 53.2524 54.4197 0.0000
54.2571 54.4197 0.0000 55.2619 54.4197 0.0000 56.2667 54.4197 0.0000
57.2714 54.4197 0.0000 58.2762 54.4197 0.0000 59.2809 54.4197 0.0000
60.2857 54.4197 0.0000 61.2905 54.4197 0.0000 62.2952 54.4197 0.0000
63.3000 54.4197 0.0000 64.3048 54.4197 0.0000 65.3095 54.4197 0.0000
66.3143 54.4197 0.0000 67.3190 54.4197 0.0000 68.3238 54.4197 0.0000
69.3286 54.4197 0.0000 70.3333 54.4197 0.0000 71.3381 54.4197 0.0000
72.3428 54.4197 0.0000 73.3476 54.4197 0.0000 74.3524 54.4197 0.0000
75.3571 54.4197 0.0000 76.3619 54.4197 0.0000 77.3667 54.4197 0.0000
78.3714 54.4197 0.0000 79.3762 54.4197 0.0000 80.3809 54.4197 0.0000
81.3857 54.4197 0.0000 82.3905 54.4197 0.0000 83.3952 54.4197 0.0000
84.4000 54.4197 0.0000 85.4047 54.4197 0.0000 86.4095 54.4197 0.0000
87.4143 54.4197 0.0000 88.4190 54.4197 0.0000 89.4238 54.4197 0.0000
90.4286 54.4197 0.0000 91.4333 54.4197 0.0000 92.4381 54.4197 0.0000
93.4428 54.4197 0.0000 94.4476 54.4197 0.0000 95.4524 54.4197 0.0000
96.4571 54.4197 0.0000 97.4619 54.4197 0.0000 98.4667 54.4197 0.0000
99.4714 54.4197 0.0000 100.4762 54.4197 0.0000 101.4809 54.4197 0.0000
102.4857 54.4197 0.0000 103.4905 54.4197 0.0000 104.4952 54.4197 0.0000
105.5000 54.4197 0.0000 106.5047 54.4197 0.0000 107.5095 54.4197 0.0000
108.5143 54.4197 0.0000 109.5190 54.4197 0.0000 110.5238 54.4197 0.0000
111.5286 54.4197 0.0000 112.5333 54.4197 0.0000 113.5381 54.4197 0.0000
114.5428 54.4197 0.0000 115.5476 54.4197 0.0000 116.5524 54.4197 0.0000
117.5571 54.4197 0.0000 118.5619 54.4197 0.0000 119.5666 54.4197 0.0000
0.0000 55.4274 0.0000 1.0048 55.4274 0.0000 2.0095 55.4274 0.0000
3.0143 55.4274 0.0000 4.0190 55.4274 0.0000 5.0238 55.4274 0.0000
6.0286 55.4274 0.0000 7.0333 55.4274 0.0000 8.0381 55.4274 0.0000
9.0429 55.4274 0.0000 10.0476 55.4274 0.0000 11.0524 55.4274 0.0000
12.0571 55.4274 0.0000 13.0619 55.4274 0.0000 14.0667 55.4274 0.0000
15.0714 55.4274 0.0000 16.0762 55.4274 0.0000 17.0809 55.4274 0.0000
18.0857 55.4274 0.0000 19.0905 55.4274 0.0000 20.0952 55.4274 0.0000
21.1000 55.4274 0.0000 22.1048 55.4274 0.0000 23.1095 55.4274 0.0000
24.1143 55.4274 0.0000 25.1190 55.4274 0.0000 26.1238 55.4274 0.0000
27.1286 55.4274 0.0000 28.1333 55.4274 0.0000 29.1381 55.4274 0.0000
30.1429 55.4274 0.0000 31.1476 55.4274 0.0000 32.1524 55.4274 0.0000
33.1571 55.4274 0.0000 34.1619 55.4274 0.0000 35.1667 55.4274 0.0000
36.1714 55.4274 0.0000 37.1762 55.4274 0.0000 38.1809 55.4274 0.0000
39.1857 55.4274 0.0000 40.1905 55.4274 0.0000 41.1952 55.4274 0.0000
42.2000 55.4274 0.0000 43.2048 55.4274 0.0000 44.2095 55.4274 0.0000
45.2143 55.4274 0.0000 46.2190 55.4274 0.0000 47.2238 55.4274 0.0000
48.2286 55.4274 0.0000 49.2333 55.4274 0.0000 50.2381 55.4274 0.0000
51.2428 55.4274 0.0000 52.2476 55.4274 0.0000 53.2524 55.4274 0.0000
54.2571 55.4274 0.0000 55.2619 55.4274 0.0000 56.2667 55.4274 0.0000
57.2714 55.4274 0.0000 58.2762 55.4274 0.0000 59.2809 55.4274 0.0000
60.2857 55.4274 0.0000 61.2905 55.4274 0.0000 62.2952 55.4274 0.0000
63.3000 55.4274 0.0000 64.3048 55.4274 0.0000 65.3095 55.4274 0.0000
66.3143 55.4274 0.0000 67.3190 55.4274 0.0000 68.3238 55.4274 0.0000
69.3286 55.4274 0.0000 70.3333 55.4274 0.0000 71.3381 55.4274 0.0000
72.3428 55.4274 0.0000 73.3476 55.4274 0.0000 74.3524 55.4274 0.0000
75.3571 55.4274 0.0000 76.3619 55.4274 0.0000 77.3667 55.4274 0.0000
78.3714 55.4274 0.0000 79.3762 55.4274 0.0000 80.3809 55.4274 0.0000
81.3857 55.4274 0.0000 82.3905 55.4274 0.0000 83.3952 55.4274 0.0000
84.4000 55.4274 0.0000 85.4047 55.4274 0.0000 86.4095 55.4274 0.0000
87.4143 55.4274 0.0000 88.4190 55.4274 0.0000 89.4238 55.4274 0.0000
90.4286 55.4274 0.0000 91.4333 55.4274 0.0000 92.4381 55.4274 0.0000
93.4428 55.4274 0.0000 94.4476 55.4274 0.0000 95.4524 55.4274 0.0000
96.4571 55.4274 0.0000 97.4619 55.4274 0.0000 98.4667 55.4274 0.0000
99.4714 55.4274 0.0000 100.4762 55.4274 0.0000 101.4809 55.4274 0.0000
102.4857 55.4274 0.0000 103.4905 55.4274 0.0000 104.4952 55.4274 0.0000
105.5000 55.4274 0.0000 106.5047 55.4274 0.0000 107.5095 55.4274 0.0000
108.5143 55.4274 0.0000 109.5190 55.4274 0.0000 110.5238 55.4274 0.0000
111.5286 55.4274 0.0000 112.5333 55.4274 0.0000 113.5381 55.4274 0.0000
114.5428 55.4274 0.0000 115.5476 55.4274 0.0000 116.5524 55.4274 0.0000
117.5571 55.4274 0.0000 118.5619 55.4274 0.0000 119.5666 55.4274 0.0000
0.0000 56.4352 0.0000 1.0048 56.4352 0.0000 2.0095 56.4352 0.0000
3.0143 56.4352 0.0000 4.0190 56.4352 0.0000 5.0238 56.4352 0.0000
6.0286 56.4352 0.0000 7.0333 56.4352 0.0000 8.0381 56.4352 0.0000
9.0429 56.4352 0.0000 10.0476 56.4352 0.0000 11.0524 56.4352 0.0000
12.0571 56.4352 0.0000 13.0619 56.4352 0.0000 14.0667 56.4352 0.0000
15.0714 56.4352 0.0000 16.0762 56.4352 0.0000 17.0809 56.4352 0.0000
18.0857 56.4352 0.0000 19.0905 56.4352 0.0000 20.0952 56.4352 0.0000
21.1000 56.4352 0.0000 22.1048 56.4352 0.0000 23.1095 56.4352 0.0000
24.1143 56.4352 0.0000 25.1190 56.4352 0.0000 26.1238 56.4352 0.0000
27.1286 56.4352 0.0000 28.1333 56.4352 0.0000 29.1381 56.4352 0.0000
30.1429 56.4352 0.0000 31.1476 56.4352 0.0000 32.1524 56.4352 0.0000
33.1571 56.4352 0.0000 34.1619 56.4352 0.0000 35.1667 56.4352 0.0000
36.1714 56.4352 0.0000 37.1762 56.4352 0.0000 38.1809 56.4352 0.0000
39.1857 56.4352 0.0000 40.1905 56.4352 0.0000 41.1952 56.4352 0.0000
42.2000 56.4352 0.0000 43.2048 56.4352 0.0000 44.2095 56.4352 0.0000
45.2143 56.4352 0.0000 46.2190 56.4352 0.0000 47.2238 56.4352 0.0000
48.2286 56.4352 0.0000 49.2333 56.4352 0.0000 50.2381 56.4352 0.0000
51.2428 56.4352 0.0000 52.2476 56.4352 0.0000 53.2524 56.4352 0.0000
54.2571 56.4352 0.0000 55.2619 56.4352 0.0000 56.2667 56.4352 0.0000
57.2714 56.4352 0.0000 58.2762 56.4352 0.0000 59.2809 56.4352 0.0000
60.2857 56.4352 0.0000 61.2905 56.4352 0.0000 62.2952 56.4352 0.0000
63.3000 56.4352 0.0000 64.3048 56.4352 0.0000 65.3095 56.4352 0.0000
66.3143 56.4352 0.0000 67.3190 56.4352 0.0000 68.3238 56.4352 0.0000
69.3286 56.4352 0.0000 70.3333 56.4352 0.0000 71.3381 56.4352 0.0000
72.3428 56.4352 0.0000 73.3476 56.4352 0.0000 74.3524 56.4352 0.0000
75.3571 56.4352 0.0000 76.3619 56.4352 0.0000 77.3667 56.4352 0.0000
78.3714 56.4352 0.0000 79.3762 56.4352 0.0000 80.3809 56.4352 0.0000
81.3857 56.4352 0.0000 82.3905 56.4352 0.0000 83.3952 56.4352 0.0000
84.4000 56.4352 0.0000 85.4047 56.4352 0.0000 86.4095 56.4352 0.0000
87.4143 56.4352 0.0000 88.4190 56.4352 0.0000 89.4238 56.4352 0.0000
90.4286 56.4352 0.0000 91.4333 56.4352 0.0000 92.4381 56.4352 0.0000
93.4428 56.4352 0.0000 94.4476 56.4352 0.0000 95.4524 56.4352 0.0000
96.4571 56.4352 0.0000 97.4619 56.4352 0.0000 98.4667 56.4352 0.0000
99.4714 56.4352 0.0000 100.4762 56.4352 0.0000 101.4809 56.4352 0.0000
102.4857 56.4352 0.0000 103.4905 56.4352 0.0000 104.4952 56.4352 0.0000
105.5000 56.4352 0.0000 106.5047 56.4352 0.0000 107.5095 56.4352 0.0000
108.5143 56.4352 0.0000 109.5190 56.4352 0.0000 110.5238 56.4352 0.0000
111.5286 56.4352 0.0000 112.5333 56.4352 0.0000 113.5381 56.4352 0.0000
114.5428 56.4352 0.0000 115.5476 56.4352 0.0000 116.5524 56.4352 0.0000
117.5571 56.4352 0.0000 118.5619 56.4352 0.0000 119.5666 56.4352 0.0000
0.0000 57.4430 0.0000 1.0048 57.4430 0.0000 2.0095 57.4430 0.0000
3.0143 57.4430 0.0000 4.0190 57.4430 0.0000 5.0238 57.4430 0.0000
6.0286 57.4430 0.0000 7.0333 57.4430 0.0000 8.0381 57.4430 0.0000
9.0429 57.4430 0.0000 10.0476 57.4430 0.0000 11.0524 57.4430 0.0000
12.0571 57.4430 0.0000 13.0619 57.4430 0.0000 14.0667 57.4430 0.0000
15.0714 57.4430 0.0000 16.0762 57.4430 0.0000 17.0809 57.4430 0.0000
18.0857 57.4430 0.0000 19.0905 57.4430 0.0000 20.0952 57.4430 0.0000
21.1000 57.4430 0.0000 22.1048 57.4430 0.0000 23.1095 57.4430 0.0000
24.1143 57.4430 0.0000 25.1190 57.4430 0.0000 26.1238 57.4430 0.0000
27.1286 57.4430 0.0000 28.1333 57.4430 0.0000 29.1381 57.4430 0.0000
30.1429 57.4430 0.0000 31.1476 57.4430 0.0000 32.1524 57.4430 0.0000
33.1571 57.4430 0.0000 34.1619 57.4430 0.0000 35.1667 57.4430 0.0000
36.1714 57.4430 0.0000 37.1762 57.4430 0.0000 38.1809 57.4430 0.0000
39.1857 57.4430 0.0000 40.1905 57.4430 0.0000 41.1952 57.4430 0.0000
42.2000 57.4430 0.0000 43.2048 57.4430 0.0000 44.2095 57.4430 0.0000
45.2143 57.4430 0.0000 46.2190 57.4430 0.0000 47.2238 57.4430 0.0000
48.2286 57.4430 0.0000 49.2333 57.4430 0.0000 50.2381 57.4430 0.0000
51.2428 57.4430 0.0000 52.2476 57.4430 0.0000 53.2524 57.4430 0.0000
54.2571 57.4430 0.0000 55.2619 57.4430 0.0000 56.2667 57.4430 0.0000
57.2714 57.4430 0.0000 58.2762 57.4430 0.0000 59.2809 57.4430 0.0000
60.2857 57.4430 0.0000 61.2905 57.4430 0.0000 62.2952 57.4430 0.0000
63.3000 57.4430 0.0000 64.3048 57.4430 0.0000 65.3095 57.4430 0.0000
66.3143 57.4430 0.0000 67.3190 57.4430 0.0000 68.3238 57.4430 0.0000
69.3286 57.4430 0.0000 70.3333 57.4430 0.0000 71.3381 57.4430 0.0000
72.3428 57.4430 0.0000 73.3476 57.4430 0.0000 74.3524 57.4430 0.0000
75.3571 57.4430 0.0000 76.3619 57.4430 0.0000 77.3667 57.4430 0.0000
78.3714 57.4430 0.0000 79.3762 57.4430 0.0000 80.3809 57.4430 0.0000
81.3857 57.4430 0.0000 82.3905 57.4430 0.0000 83.3952 57.4430 0.0000
84.4000 57.4430 0.0000 85.4047 57.4430 0.0000 86.4095 57.4430 0.0000
87.4143 57.4430 0.0000 88.4190 57.4430 0.0000 89.4238 57.4430 0.0000
90.4286 57.4430 0.0000 91.4333 57.4430 0.0000 92.4381 57.4430 0.0000
93.4428 57.4430 0.0000 94.4476 57.4430 0.0000 95.4524 57.4430 0.0000
96.4571 57.4430 0.0000 97.4619 57.4430 0.0000 98.4667 57.4430 0.0000
99.4714 57.4430 0.0000 100.4762 57.4430 0.0000 101.4809 57.4430 0.0000
102.4857 57.4430 0.0000 103.4905 57.4430 0.0000 104.4952 57.4430 0.0000
105.5000 57.4430 0.0000 106.5047 57.4430 0.0000 107.5095 57.4430 0.0000
108.5143 57.4430 0.0000 109.5190 57.4430 0.0000 110.5238 57.4430 0.0000
111.5286 57.4430 0.0000 112.5333 57.4430 0.0000 113.5381 57.4430 0.0000
114.5428 57.4430 0.0000 115.5476 57.4430 0.0000 116.5524 57.4430 0.0000
117.5571 57.4430 0.0000 118.5619 57.4430 0.0000 119.5666 57.4430 0.0000
0.0000 58.4508 0.0000 1.0048 58.4508 0.0000 2.0095 58.4508 0.0000
3.0143 58.4508 0.0000 4.0190 58.4508 0.0000 5.0238 58.4508 0.0000
6.0286 58.4508 0.0000 7.0333 58.4508 0.0000 8.0381 58.4508 0.0000
9.0429 58.4508 0.0000 10.0476 58.4508 0.0000 11.0524 58.4508 0.0000
12.0571 58.4508 0.0000 13.0619 58.4508 0.0000 14.0667 58.4508 0.0000
15.0714 58.4508 0.0000 16.0762 58.4508 0.0000 17.0809 58.4508 0.0000
18.0857 58.4508 0.0000 19.0905 58.4508 0.0000 20.0952 58.4508 0.0000
21.1000 58.4508 0.0000 22.1048 58.4508 0.0000 23.1095 58.4508 0.0000
24.1143 58.4508 0.0000 25.1190 58.4508 0.0000 26.1238 58.4508 0.0000
27.1286 58.4508 0.0000 28.1333 58.4508 0.0000 29.1381 58.4508 0.0000
30.1429 58.4508 0.0000 31.1476 58.4508 0.0000 32.1524 58.4508 0.0000
33.1571 58.4508 0.0000 34.1619 58.4508 0.0000 35.1667 58.4508 0.0000
36.1714 58.4508 0.0000 37.1762 58.4508 0.0000 38.1809 58.4508 0.0000
39.1857 58.4508 0.0000 40.1905 58.4508 0.0000 41.1952 58.4508 0.0000
42.2000 58.4508 0.0000 43.2048 58.4508 0.0000 44.2095 58.4508 0.0000
45.2143 58.4508 0.0000 46.2190 58.4508 0.0000 47.2238 58.4508 0.0000
48.2286 58.4508 0.0000 49.2333 58.4508 0.0000 50.2381 58.4508 0.0000
51.2428 58.4508 0.0000 52.2476 58.4508 0.0000 53.2524 58.4508 0.0000
54.2571 58.4508 0.0000 55.2619 58.4508 0.0000 56.2667 58.4508 0.0000
57.2714 58.4508 0.0000 58.2762 58.4508 0.0000 59.2809 58.4508 0.0000
60.2857 58.4508 0.0000 61.2905 58.4508 0.0000 62.2952 58.4508 0.0000
63.3000 58.4508 0.0000 64.3048 58.4508 0.0000 65.3095 58.4508 0.0000
66.3143 58.4508 0.0000 67.3190 58.4508 0.0000 68.3238 58.4508 0.0000
69.3286 58.4508 0.0000 70.3333 58.4508 0.0000 71.3381 58.4508 0.0000
72.3428 58.4508 0.0000 73.3476 58.4508 0.0000 74.3524 58.4508 0.0000
75.3571 58.4508 0.0000 76.3619 58.4508 0.0000 77.3667 58.4508 0.0000
78.3714 58.4508 0.0000 79.3762 58.4508 0.0000 80.3809 58.4508 0.0000
81.3857 58.4508 0.0000 82.3905 58.4508 0.0000 83.3952 58.4508 0.0000
84.4000 58.4508 0.0000 85.4047 58.4508 0.0000 86.4095 58.4508 0.0000
87.4143 58.4508 0.0000 88.4190 58.4508 0.0000 89.4238 58.4508 0.0000
90.4286 58.4508 0.0000 91.4333 58.4508 0.0000 92.4381 58.4508 0.0000
93.4428 58.4508 0.0000 94.4476 58.4508 0.0000 95.4524 58.4508 0.0000
96.4571 58.4508 0.0000 97.4619 58.4508 0.0000 98.4667 58.4508 0.0000
99.4714 58.4508 0.0000 100.4762 58.4508 0.0000 101.4809 58.4508 0.0000
102.4857 58.4508 0.0000 103.4905 58.4508 0.0000 104.4952 58.4508 0.0000
105.5000 58.4508 0.0000 106.5047 58.4508 0.0000 107.5095 58.4508 0.0000
108.5143 58.4508 0.0000 109.5190 58.4508 0.0000 110.5238 58.4508 0.0000
111.5286 58.4508 0.0000 112.5333 58.4508 0.0000 113.5381 58.4508 0.0000
114.5428 58.4508 0.0000 115.5476 58.4508 0.0000 116.5524 58.4508 0.0000
117.5571 58.4508 0.0000 118.5619 58.4508 0.0000 119.5666 58.4508 0.0000
0.0000 59.4585 0.0000 1.0048 59.4585 0.0000 2.0095 59.4585 0.0000
3.0143 59.4585 0.0000 4.0190 59.4585 0.0000 5.0238 59.4585 0.0000
6.0286 59.4585 0.0000 7.0333 59.4585 0.0000 8.0381 59.4585 0.0000
9.0429 59.4585 0.0000 10.0476 59.4585 0.0000 11.0524 59.4585 0.0000
12.0571 59.4585 0.0000 13.0619 59.4585 0.0000 14.0667 59.4585 0.0000
15.0714 59.4585 0.0000 16.0762 59.4585 0.0000 17.0809 59.4585 0.0000
18.0857 59.4585 0.0000 19.0905 59.4585 0.0000 20.0952 59.4585 0.0000
21.1000 59.4585 0.0000 22.1048 59.4585 0.0000 23.1095 59.4585 0.0000
24.1143 59.4585 0.0000 25.1190 59.4585 0.0000 26.1238 59.4585 0.0000
27.1286 59.4585 0.0000 28.1333 59.4585 0.0000 29.1381 59.4585 0.0000
30.1429 59.4585 0.0000 31.1476 59.4585 0.0000 32.1524 59.4585 0.0000
33.1571 59.4585 0.0000 34.1619 59.4585 0.0000 35.1667 59.4585 0.0000
36.1714 59.4585 0.0000 37.1762 59.4585 0.0000 38.1809 59.4585 0.0000
39.1857 59.4585 0.0000 40.1905 59.4585 0.0000 41.1952 59.4585 0.0000
42.2000 59.4585 0.0000 43.2048 59.4585 0.0000 44.2095 59.4585 0.0000
45.2143 59.4585 0.0000 46.2190 59.4585 0.0000 47.2238 59.4585 0.0000
48.2286 59.4585 0.0000 49.2333 59.4585 0.0000 50.2381 59.4585 0.0000
51.2428 59.4585 0.0000 52.2476 59.4585 0.0000 53.2524 59.4585 0.0000
54.2571 59.4585 0.0000 55.2619 59.4585 0.0000 56.2667 59.4585 0.0000
57.2714 59.4585 0.0000 58.2762 59.4585 0.0000 59.2809 59.4585 0.0000
60.2857 59.4585 0.0000 61.2905 59.4585 0.0000 62.2952 59.4585 0.0000
63.3000 59.4585 0.0000 64.3048 59.4585 0.0000 65.3095 59.4585 0.0000
66.3143 59.4585 0.0000 67.3190 59.4585 0.0000 68.3238 59.4585 0.0000
69.3286 59.4585 0.0000 70.3333 59.4585 0.0000 71.3381 59.4585 0.0000
72.3428 59.4585 0.0000 73.3476 59.4585 0.0000 74.3524 59.4585 0.0000
75.3571 59.4585 0.0000 76.3619 59.4585 0.0000 77.3667 59.4585 0.0000
78.3714 59.4585 0.0000 79.3762 59.4585 0.0000 80.3809 59.4585 0.0000
81.3857 59.4585 0.0000 82.3905 59.4585 0.0000 83.3952 59.4585 0.0000
84.4000 59.4585 0.0000 85.4047 59.4585 0.0000 86.4095 59.4585 0.0000
87.4143 59.4585 0.0000 88.4190 59.4585 0.0000 89.4238 59.4585 0.0000
90.4286 59.4585 0.0000 91.4333 59.4585 0.0000 92.4381 59.4585 0.0000
93.4428 59.4585 0.0000 94.4476 59.4585 0.0000 95.4524 59.4585 0.0000
96.4571 59.4585 0.0000 97.4619 59.4585 0.0000 98.4667 59.4585 0.0000
99.4714 59.4585 0.0000 100.4762 59.4585 0.0000 101.4809 59.4585 0.0000
102.4857 59.4585 0.0000 103.4905 59.4585 0.0000 104.4952 59.4585 0.0000
105.5000 59.4585 0.0000 106.5047 59.4585 0.0000 107.5095 59.4585 0.0000
108.5143 59.4585 0.0000 109.5190 59.4585 0.0000 110.5238 59.4585 0.0000
111.5286 59.4585 0.0000 112.5333 59.4585 0.0000 113.5381 59.4585 0.0000
114.5428 59.4585 0.0000 115.5476 59.4585 0.0000 116.5524 59.4585 0.0000
117.5571 59.4585 0.0000 118.5619 59.4585 0.0000 119.5666 59.4585 0.0000
0.0000 60.4663 0.0000 1.0048 60.4663 0.0000 2.0095 60.4663 0.0000
3.0143 60.4663 0.0000 4.0190 60.4663 0.0000 5.0238 60.4663 0.0000
6.0286 60.4663 0.0000 7.0333 60.4663 0.0000 8.0381 60.4663 0.0000
9.0429 60.4663 0.0000 10.0476 60.4663 0.0000 11.0524 60.4663 0.0000
12.0571 60.4663 0.0000 13.0619 60.4663 0.0000 14.0667 60.4663 0.0000
15.0714 60.4663 0.0000 16.0762 60.4663 0.0000 17.0809 60.4663 0.0000
18.0857 60.4663 0.0000 19.0905 60.4663 0.0000 20.0952 60.4663 0.0000
21.1000 60.4663 0.0000 22.1048 60.4663 0.0000 23.1095 60.4663 0.0000
24.1143 60.4663 0.0000 25.1190 60.4663 0.0000 26.1238 60.4663 0.0000
27.1286 60.4663 0.0000 28.1333 60.4663 0.0000 29.1381 60.4663 0.0000
30.1429 60.4663 0.0000 31.1476 60.4663 0.0000 32.1524 60.4663 0.0000
33.1571 60.4663 0.0000 34.1619 60.4663 0.0000 35.1667 60.4663 0.0000
36.1714 60.4663 0.0000 37.1762 60.4663 0.0000 38.1809 60.4663 0.0000
39.1857 60.4663 0.0000 40.1905 60.4663 0.0000 41.1952 60.4663 0.0000
42.2000 60.4663 0.0000 43.2048 60.4663 0.0000 44.2095 60.4663 0.0000
45.2143 60.4663 0.0000 46.2190 60.4663 0.0000 47.2238 60.4663 0.0000
48.2286 60.4663 0.0000 49.2333 60.4663 0.0000 50.2381 60.4663 0.0000
51.2428 60.4663 0.0000 52.2476 60.4663 0.0000 53.2524 60.4663 0.0000
54.2571 60.4663 0.0000 55.2619 60.4663 0.0000 56.2667 60.4663 0.0000
57.2714 60.4663 0.0000 58.2762 60.4663 0.0000 59.2809 60.4663 0.0000
60.2857 60.4663 0.0000 61.2905 60.4663 0.0000 62.2952 60.4663 0.0000
63.3000 60.4663 0.0000 64.3048 60.4663 0.0000 65.3095 60.4663 0.0000
66.3143 60.4663 0.0000 67.3190 60.4663 0.0000 68.3238 60.4663 0.0000
69.3286 60.4663 0.0000 70.3333 60.4663 0.0000 71.3381 60.4663 0.0000
72.3428 60.4663 0.0000 73.3476 60.4663 0.0000 74.3524 60.4663 0.0000
75.3571 60.4663 0.0000 76.3619 60.4663 0.0000 77.3667 60.4663 0.0000
78.3714 60.4663 0.0000 79.3762 60.4663 0.0000 80.3809 60.4663 0.0000
81.3857 60.4663 0.0000 82.3905 60.4663 0.0000 83.3952 60.4663 0.0000
84.4000 60.4663 0.0000 85.4047 60.4663 0.0000 86.4095 60.4663 0.0000
87.4143 60.4663 0.0000 88.4190 60.4663 0.0000 89.4238 60.4663 0.0000
90.4286 60.4663 0.0000 91.4333 60.4663 0.0000 92.4381 60.4663 0.0000
93.4428 60.4663 0.0000 94.4476 60.4663 0.0000 95.4524 60.4663 0.0000
96.4571 60.4663 0.0000 97.4619 60.4663 0.0000 98.4667 60.4663 0.0000
99.4714 60.4663 0.0000 100.4762 60.4663 0.0000 101.4809 60.4663 0.0000
102.4857 60.4663 0.0000 103.4905 60.4663 0.0000 104.4952 60.4663 0.0000
105.5000 60.4663 0.0000 106.5047 60.4663 0.0000 107.5095 60.4663 0.0000
108.5143 60.4663 0.0000 109.5190 60.4663 0.0000 110.5238 60.4663 0.0000
111.5286 60.4663 0.0000 112.5333 60.4663 0.0000 113.5381 60.4663 0.0000
114.5428 60.4663 0.0000 115.5476 60.4663 0.0000 116.5524 60.4663 0.0000
117.5571 60.4663 0.0000 118.5619 60.4663 0.0000 119.5666 60.4663 0.0000
0.0000 61.4741 0.0000 1.0048 61.4741 0.0000 2.0095 61.4741 0.0000
3.0143 61.4741 0.0000 4.0190 61.4741 0.0000 5.0238 61.4741 0.0000
6.0286 61.4741 0.0000 7.0333 61.4741 0.0000 8.0381 61.4741 0.0000
9.0429 61.4741 0.0000 10.0476 61.4741 0.0000 11.0524 61.4741 0.0000
12.0571 61.4741 0.0000 13.0619 61.4741 0.0000 14.0667 61.4741 0.0000
15.0714 61.4741 0.0000 16.0762 61.4741 0.0000 17.0809 61.4741 0.0000
18.0857 61.4741 0.0000 19.0905 61.4741 0.0000 20.0952 61.4741 0.0000
21.1000 61.4741 0.0000 22.1048 61.4741 0.0000 23.1095 61.4741 0.0000
24.1143 61.4741 0.0000 25.1190 61.4741 0.0000 26.1238 61.4741 0.0000
27.1286 61.4741 0.0000 28.1333 61.4741 0.0000 29.1381 61.4741 0.0000
30.1429 61.4741 0.0000 31.1476 61.4741 0.0000 32.1524 61.4741 0.0000
33.1571 61.4741 0.0000 34.1619 61.4741 0.0000 35.1667 61.4741 0.0000
36.1714 61.4741 0.0000 37.1762 61.4741 0.0000 38.1809 61.4741 0.0000
39.1857 61.4741 0.0000 40.1905 61.4741 0.0000 41.1952 61.4741 0.0000
42.2000 61.4741 0.0000 43.2048 61.4741 0.0000 44.2095 61.4741 0.0000
45.2143 61.4741 0.0000 46.2190 61.4741 0.0000 47.2238 61.4741 0.0000
48.2286 61.4741 0.0000 49.2333 61.4741 0.0000 50.2381 61.4741 0.0000
51.2428 61.4741 0.0000 52.2476 61.4741 0.0000 53.2524 61.4741 0.0000
54.2571 61.4741 0.0000 55.2619 61.4741 0.0000 56.2667 61.4741 0.0000
57.2714 61.4741 0.0000 58.2762 61.4741 0.0000 59.2809 61.4741 0.0000
60.2857 61.4741 0.0000 61.2905 61.4741 0.0000 62.2952 61.4741 0.0000
63.3000 61.4741 0.0000 64.3048 61.4741 0.0000 65.3095 61.4741 0.0000
66.3143 61.4741 0.0000 67.3190 61.4741 0.0000 68.3238 61.4741 0.0000
69.3286 61.4741 0.0000 70.3333 61.4741 0.0000 71.3381 61.4741 0.0000
72.3428 61.4741 0.0000 73.3476 61.4741 0.0000 74.3524 61.4741 0.0000
75.3571 61.4741 0.0000 76.3619 61.4741 0.0000 77.3667 61.4741 0.0000
78.3714 61.4741 0.0000 79.3762 61.4741 0.0000 80.3809 61.4741 0.0000
81.3857 61.4741 0.0000 82.3905 61.4741 0.0000 83.3952 61.4741 0.0000
84.4000 61.4741 0.0000 85.4047 61.4741 0.0000 86.4095 61.4741 0.0000
87.4143 61.4741 0.0000 88.4190 61.4741 0.0000 89.4238 61.4741 0.0000
90.4286 61.4741 0.0000 91.4333 61.4741 0.0000 92.4381 61.4741 0.0000
93.4428 61.4741 0.0000 94.4476 61.4741 0.0000 95.4524 61.4741 0.0000
96.4571 61.4741 0.0000 97.4619 61.4741 0.0000 98.4667 61.4741 0.0000
99.4714 61.4741 0.0000 100.4762 61.4741 0.0000 101.4809 61.4741 0.0000
102.4857 61.4741 0.0000 103.4905 61.4741 0.0000 104.4952 61.4741 0.0000
105.5000 61.4741 0.0000 106.5047 61.4741 0.0000 107.5095 61.4741 0.0000
108.5143 61.4741 0.0000 109.5190 61.4741 0.0000 110.5238 61.4741 0.0000
111.5286 61.4741 0.0000 112.5333 61.4741 0.0000 113.5381 61.4741 0.0000
114.5428 61.4741 0.0000 115.5476 61.4741 0.0000 116.5524 61.4741 0.0000
117.5571 61.4741 0.0000 118.5619 61.4741 0.0000 119.5666 61.4741 0.0000
0.0000 62.4818 0.0000 1.0048 62.4818 0.0000 2.0095 62.4818 0.0000
3.0143 62.4818 0.0000 4.0190 62.4818 0.0000 5.0238 62.4818 0.0000
6.0286 62.4818 0.0000 7.0333 62.4818 0.0000 8.0381 62.4818 0.0000
9.0429 62.4818 0.0000 10.0476 62.4818 0.0000 11.0524 62.4818 0.0000
12.0571 62.4818 0.0000 13.0619 62.4818 0.0000 14.0667 62.4818 0.0000
15.0714 62.4818 0.0000 16.0762 62.4818 0.0000 17.0809 62.4818 0.0000
18.0857 62.4818 0.0000 19.0905 62.4818 0.0000 20.0952 62.4818 0.0000
21.1000 62.4818 0.0000 22.1048 62.4818 0.0000 23.1095 62.4818 0.0000
24.1143 62.4818 0.0000 25.1190 62.4818 0.0000 26.1238 62.4818 0.0000
27.1286 62.4818 0.0000 28.1333 62.4818 0.0000 29.1381 62.4818 0.0000
30.1429 62.4818 0.0000 31.1476 62.4818 0.0000 32.1524 62.4818 0.0000
33.1571 62.4818 0.0000 34.1619 62.4818 0.0000 35.1667 62.4818 0.0000
36.1714 62.4818 0.0000 37.1762 62.4818 0.0000 38.1809 62.4818 0.0000
39.1857 62.4818 0.0000 40.1905 62.4818 0.0000 41.1952 62.4818 0.0000
42.2000 62.4818 0.0000 43.2048 62.4818 0.0000 44.2095 62.4818 0.0000
45.2143 62.4818 0.0000 46.2190 62.4818 0.0000 47.2238 62.4818 0.0000
48.2286 62.4818 0.0000 49.2333 62.4818 0.0000 50.2381 62.4818 0.0000
51.2428 62.4818 0.0000 52.2476 62.4818 0.0000 53.2524 62.4818 0.0000
54.2571 62.4818 0.0000 55.2619 62.4818 0.0000 56.2667 62.4818 0.0000
57.2714 62.4818 0.0000 58.2762 62.4818 0.0000 59.2809 62.4818 0.0000
60.2857 62.4818 0.0000 61.2905 62.4818 0.0000 62.2952 62.4818 0.0000
63.3000 62.4818 0.0000 64.3048 62.4818 0.0000 65.3095 62.4818 0.0000
66.3143 62.4818 0.0000 67.3190 62.4818 0.0000 68.3238 62.4818 0.0000
69.3286 62.4818 0.0000 70.3333 62.4818 0.0000 71.3381 62.4818 0.0000
72.3428 62.4818 0.0000 73.3476 62.4818 0.0000 74.3524 62.4818 0.0000
75.3571 62.4818 0.0000 76.3619 62.4818 0.0000 77.3667 62.4818 0.0000
78.3714 62.4818 0.0000 79.3762 62.4818 0.0000 80.3809 62.4818 0.0000
81.3857 62.4818 0.0000 82.3905 62.4818 0.0000 83.3952 62.4818 0.0000
84.4000 62.4818 0.0000 85.4047 62.4818 0.0000 86.4095 62.4818 0.0000
87.4143 62.4818 0.0000 88.4190 62.4818 0.0000 89.4238 62.4818 0.0000
90.4286 62.4818 0.0000 91.4333 62.4818 0.0000 92.4381 62.4818 0.0000
93.4428 62.4818 0.0000 94.4476 62.4818 0.0000 95.4524 62.4818 0.0000
96.4571 62.4818 0.0000 97.4619 62.4818 0.0000 98.4667 62.4818 0.0000
99.4714 62.4818 0.0000 100.4762 62.4818 0.0000 101.4809 62.4818 0.0000
102.4857 62.4818 0.0000 103.4905 62.4818 0.0000 104.4952 62.4818 0.0000
105.5000 62.4818 0.0000 106.5047 62.4818 0.0000 107.5095 62.4818 0.0000
108.5143 62.4818 0.0000 109.5190 62.4818 0.0000 110.5238 62.4818 0.0000
111.5286 62.4818 0.0000 112.5333 62.4818 0.0000 113.5381 62.4818 0.0000
114.5428 62.4818 0.0000 115.5476 62.4818 0.0000 116.5524 62.4818 0.0000
117.5571 62.4818 0.0000 118.5619 62.4818 0.0000 119.5666 62.4818 0.0000
0.0000 63.4896 0.0000 1.0048 63.4896 0.0000 2.0095 63.4896 0.0000
3.0143 63.4896 0.0000 4.0190 63.4896 0.0000 5.0238 63.4896 0.0000
6.0286 63.4896 0.0000 7.0333 63.4896 0.0000 8.0381 63.4896 0.0000
9.0429 63.4896 0.0000 10.0476 63.4896 0.0000 11.0524 63.4896 0.0000
12.0571 63.4896 0.0000 13.0619 63.4896 0.0000 14.0667 63.4896 0.0000
15.0714 63.4896 0.0000 16.0762 63.4896 0.0000 17.0809 63.4896 0.0000
18.0857 63.4896 0.0000 19.0905 63.4896 0.0000 20.0952 63.4896 0.0000
21.1000 63.4896 0.0000 22.1048 63.4896 0.0000 23.1095 63.4896 0.0000
24.1143 63.4896 0.0000 25.1190 63.4896 0.0000 26.1238 63.4896 0.0000
27.1286 63.4896 0.0000 28.1333 63.4896 0.0000 29.1381 63.4896 0.0000
30.1429 63.4896 0.0000 31.1476 63.4896 0.0000 32.1524 63.4896 0.0000
33.1571 63.4896 0.0000 34.1619 63.4896 0.0000 35.1667 63.4896 0.0000
36.1714 63.4896 0.0000 37.1762 63.4896 0.0000 38.1809 63.4896 0.0000
39.1857 63.4896 0.0000 40.1905 63.4896 0.0000 41.1952 63.4896 0.0000
42.2000 63.4896 0.0000 43.2048 63.4896 0.0000 44.2095 63.4896 0.0000
45.2143 63.4896 0.0000 46.2190 63.4896 0.0000 47.2238 63.4896 0.0000
48.2286 63.4896 0.0000 49.2333 63.4896 0.0000 50.2381 63.4896 0.0000
51.2428 63.4896 0.0000 52.2476 63.4896 0.0000 53.2524 63.4896 0.0000
54.2571 63.4896 0.0000 55.2619 63.4896 0.0000 56.2667 63.4896 0.0000
57.2714 63.4896 0.0000 58.2762 63.4896 0.0000 59.2809 63.4896 0.0000
60.2857 63.4896 0.0000 61.2905 63.4896 0.0000 62.2952 63.4896 0.0000
63.3000 63.4896 0.0000 64.3048 63.4896 0.0000 65.3095 63.4896 0.0000
66.3143 63.4896 0.0000 67.3190 63.4896 0.0000 68.3238 63.4896 0.0000
69.3286 63.4896 0.0000 70.3333 63.4896 0.0000 71.3381 63.4896 0.0000
72.3428 63.4896 0.0000 73.3476 63.4896 0.0000 74.3524 63.4896 0.0000
75.3571 63.4896 0.0000 76.3619 63.4896 0.0000 77.3667 63.4896 0.0000
78.3714 63.4896 0.0000 79.3762 63.4896 0.0000 80.3809 63.4896 0.0000
81.3857 63.4896 0.0000 82.3905 63.4896 0.0000 83.3952 63.4896 0.0000
84.4000 63.4896 0.0000 85.4047 63.4896 0.0000 86.4095 63.4896 0.0000
87.4143 63.4896 0.0000 88.4190 63.4896 0.0000 89.4238 63.4896 0.0000
90.4286 63.4896 0.0000 91.4333 63.4896 0.0000 92.4381 63.4896 0.0000
93.4428 63.4896 0.0000 94.4476 63.4896 0.0000 95.4524 63.4896 0.0000
96.4571 63.4896 0.0000 97.4619 63.4896 0.0000 98.4667 63.4896 0.0000
99.4714 63.4896 0.0000 100.4762 63.4896 0.0000 101.4809 63.4896 0.0000
102.4857 63.4896 0.0000 103.4905 63.4896 0.0000 104.4952 63.4896 0.0000
105.5000 63.4896 0.0000 106.5047 63.4896 0.0000 107.5095 63.4896 0.0000
108.5143 63.4896 0.0000 109.5190 63.4896 0.0000 110.5238 63.4896 0.0000
111.5286 63.4896 0.0000 112.5333 63.4896 0.0000 113.5381 63.4896 0.0000
114.5428 63.4896 0.0000 115.5476 63.4896 0.0000 116.5524 63.4896 0.0000
117.5571 63.4896 0.0000 118.5619 63.4896 0.0000 119.5666 63.4896 0.0000
0.0000 64.4974 0.0000 1.0048 64.4974 0.0000 2.0095 64.4974 0.0000
3.0143 64.4974 0.0000 4.0190 64.4974 0.0000 5.0238 64.4974 0.0000
6.0286 64.4974 0.0000 7.0333 64.4974 0.0000 8.0381 64.4974 0.0000
9.0429 64.4974 0.0000 10.0476 64.4974 0.0000 11.0524 64.4974 0.0000
12.0571 64.4974 0.0000 13.0619 64.4974 0.0000 14.0667 64.4974 0.0000
15.0714 64.4974 0.0000 16.0762 64.4974 0.0000 17.0809 64.4974 0.0000
18.0857 64.4974 0.0000 19.0905 64.4974 0.0000 20.0952 64.4974 0.0000
21.1000 64.4974 0.0000 22.1048 64.4974 0.0000 23.1095 64.4974 0.0000
24.1143 64.4974 0.0000 25.1190 64.4974 0.0000 26.1238 64.4974 0.0000
27.1286 64.4974 0.0000 28.1333 64.4974 0.0000 29.1381 64.4974 0.0000
30.1429 64.4974 0.0000 31.1476 64.4974 0.0000 32.1524 64.4974 0.0000
33.1571 64.4974 0.0000 34.1619 64.4974 0.0000 35.1667 64.4974 0.0000
36.1714 64.4974 0.0000 37.1762 64.4974 0.0000 38.1809 64.4974 0.0000
39.1857 64.4974 0.0000 40.1905 64.4974 0.0000 41.1952 64.4974 0.0000
42.2000 64.4974 0.0000 43.2048 64.4974 0.0000 44.2095 64.4974 0.0000
45.2143 64.4974 0.0000 46.2190 64.4974 0.0000 47.2238 64.4974 0.0000
48.2286 64.4974 0.0000 49.2333 64.4974 0.0000 50.2381 64.4974 0.0000
51.2428 64.4974 0.0000 52.2476 64.4974 0.0000 53.2524 64.4974 0.0000
54.2571 64.4974 0.0000 55.2619 64.4974 0.0000 56.2667 64.4974 0.0000
57.2714 64.4974 0.0000 58.2762 64.4974 0.0000 59.2809 64.4974 0.0000
60.2857 64.4974 0.0000 61.2905 64.4974 0.0000 62.2952 64.4974 0.0000
63.3000 64.4974 0.0000 64.3048 64.4974 0.0000 65.3095 64.4974 0.0000
66.3143 64.4974 0.0000 67.3190 64.4974 0.0000 68.3238 64.4974 0.0000
69.3286 64.4974 0.0000 70.3333 64.4974 0.0000 71.3381 64.4974 0.0000
72.3428 64.4974 0.0000 73.3476 64.4974 0.0000 74.3524 64.4974 0.0000
75.3571 64.4974 0.0000 76.3619 64.4974 0.0000 77.3667 64.4974 0.0000
78.3714 64.4974 0.0000 79.3762 64.4974 0.0000 80.3809 64.4974 0.0000
81.3857 64.4974 0.0000 82.3905 64.4974 0.0000 83.3952 64.4974 0.0000
84.4000 64.4974 0.0000 85.4047 64.4974 0.0000 86.4095 64.4974 0.0000
87.4143 64.4974 0.0000 88.4190 64.4974 0.0000 89.4238 64.4974 0.0000
90.4286 64.4974 0.0000 91.4333 64.4974 0.0000 92.4381 64.4974 0.0000
93.4428 64.4974 0.0000 94.4476 64.4974 0.0000 95.4524 64.4974 0.0000
96.4571 64.4974 0.0000 97.4619 64.4974 0.0000 98.4667 64.4974 0.0000
99.4714 64.4974 0.0000 100.4762 64.4974 0.0000 101.4809 64.4974 0.0000
102.4857 64.4974 0.0000 103.4905 64.4974 0.0000 104.4952 64.4974 0.0000
105.5000 64.4974 0.0000 106.5047 64.4974 0.0000 107.5095 64.4974 0.0000
108.5143 64.4974 0.0000 109.5190 64.4974 0.0000 110.5238 64.4974 0.0000
111.5286 64.4974 0.0000 112.5333 64.4974 0.0000 113.5381 64.4974 0.0000
114.5428 64.4974 0.0000 115.5476 64.4974 0.0000 116.5524 64.4974 0.0000
117.5571 64.4974 0.0000 118.5619 64.4974 0.0000 119.5666 64.4974 0.0000
0.0000 65.5052 0.0000 1.0048 65.5052 0.0000 2.0095 65.5052 0.0000
3.0143 65.5052 0.0000 4.0190 65.5052 0.0000 5.0238 65.5052 0.0000
6.0286 65.5052 0.0000 7.0333 65.5052 0.0000 8.0381 65.5052 0.0000
9.0429 65.5052 0.0000 10.0476 65.5052 0.0000 11.0524 65.5052 0.0000
12.0571 65.5052 0.0000 13.0619 65.5052 0.0000 14.0667 65.5052 0.0000
15.0714 65.5052 0.0000 16.0762 65.5052 0.0000 17.0809 65.5052 0.0000
18.0857 65.5052 0.0000 19.0905 65.5052 0.0000 20.0952 65.5052 0.0000
21.1000 65.5052 0.0000 22.1048 65.5052 0.0000 23.1095 65.5052 0.0000
24.1143 65.5052 0.0000 25.1190 65.5052 0.0000 26.1238 65.5052 0.0000
27.1286 65.5052 0.0000 28.1333 65.5052 0.0000 29.1381 65.5052 0.0000
30.1429 65.5052 0.0000 31.1476 65.5052 0.0000 32.1524 65.5052 0.0000
33.1571 65.5052 0.0000 34.1619 65.5052 0.0000 35.1667 65.5052 0.0000
36.1714 65.5052 0.0000 37.1762 65.5052 0.0000 38.1809 65.5052 0.0000
39.1857 65.5052 0.0000 40.1905 65.5052 0.0000 41.1952 65.5052 0.0000
42.2000 65.5052 0.0000 43.2048 65.5052 0.0000 44.2095 65.5052 0.0000
45.2143 65.5052 0.0000 46.2190 65.5052 0.0000 47.2238 65.5052 0.0000
48.2286 65.5052 0.0000 49.2333 65.5052 0.0000 50.2381 65.5052 0.0000
51.2428 65.5052 0.0000 52.2476 65.5052 0.0000 53.2524 65.5052 0.0000
54.2571 65.5052 0.0000 55.2619 65.5052 0.0000 56.2667 65.5052 0.0000
57.2714 65.5052 0.0000 58.2762 65.5052 0.0000 59.2809 65.5052 0.0000
60.2857 65.5052 0.0000 61.2905 65.5052 0.0000 62.2952 65.5052 0.0000
63.3000 65.5052 0.0000 64.3048 65.5052 0.0000 65.3095 65.5052 0.0000
66.3143 65.5052 0.0000 67.3190 65.5052 0.0000 68.3238 65.5052 0.0000
69.3286 65.5052 0.0000 70.3333 65.5052 0.0000 71.3381 65.5052 0.0000
72.3428 65.5052 0.0000 73.3476 65.5052 0.0000 74.3524 65.5052 0.0000
75.3571 65.5052 0.0000 76.3619 65.5052 0.0000 77.3667 65.5052 0.0000
78.3714 65.5052 0.0000 79.3762 65.5052 0.0000 80.3809 65.5052 0.0000
81.3857 65.5052 0.0000 82.3905 65.5052 0.0000 83.3952 65.5052 0.0000
84.4000 65.5052 0.0000 85.4047 65.5052 0.0000 86.4095 65.5052 0.0000
87.4143 65.5052 0.0000 88.4190 65.5052 0.0000 89.4238 65.5052 0.0000
90.4286 65.5052 0.0000 91.4333 65.5052 0.0000 92.4381 65.5052 0.0000
93.4428 65.5052 0.0000 94.4476 65.5052 0.0000 95.4524 65.5052 0.0000
96.4571 65.5052 0.0000 97.4619 65.5052 0.0000 98.4667 65.5052 0.0000
99.4714 65.5052 0.0000 100.4762 65.5052 0.0000 101.4809 65.5052 0.0000
102.4857 65.5052 0.0000 103.4905 65.5052 0.0000 104.4952 65.5052 0.0000
105.5000 65.5052 0.0000 106.5047 65.5052 0.0000 107.5095 65.5052 0.0000
108.5143 65.5052 0.0000 109.5190 65.5052 0.0000 110.5238 65.5052 0.0000
111.5286 65.5052 0.0000 112.5333 65.5052 0.0000 113.5381 65.5052 0.0000
114.5428 65.5052 0.0000 115.5476 65.5052 0.0000 116.5524 65.5052 0.0000
117.5571 65.5052 0.0000 118.5619 65.5052 0.0000 119.5666 65.5052 0.0000
0.0000 66.5129 0.0000 1.0048 66.5129 0.0000 2.0095 66.5129 0.0000
3.0143 66.5129 0.0000 4.0190 66.5129 0.0000 5.0238 66.5129 0.0000
6.0286 66.5129 0.0000 7.0333 66.5129 0.0000 8.0381 66.5129 0.0000
9.0429 66.5129 0.0000 10.0476 66.5129 0.0000 11.0524 66.5129 0.0000
12.0571 66.5129 0.0000 13.0619 66.5129 0.0000 14.0667 66.5129 0.0000
15.0714 66.5129 0.0000 16.0762 66.5129 0.0000 17.0809 66.5129 0.0000
18.0857 66.5129 0.0000 19.0905 66.5129 0.0000 20.0952 66.5129 0.0000
21.1000 66.5129 0.0000 22.1048 66.5129 0.0000 23.1095 66.5129 0.0000
24.1143 66.5129 0.0000 25.1190 66.5129 0.0000 26.1238 66.5129 0.0000
27.1286 66.5129 0.0000 28.1333 66.5129 0.0000 29.1381 66.5129 0.0000
30.1429 66.5129 0.0000 31.1476 66.5129 0.0000 32.1524 66.5129 0.0000
33.1571 66.5129 0.0000 34.1619 66.5129 0.0000 35.1667 66.5129 0.0000
36.1714 66.5129 0.0000 37.1762 66.5129 0.0000 38.1809 66.5129 0.0000
39.1857 66.5129 0.0000 40.1905 66.5129 0.0000 41.1952 66.5129 0.0000
42.2000 66.5129 0.0000 43.2048 66.5129 0.0000 44.2095 66.5129 0.0000
45.2143 66.5129 0.0000 46.2190 66.5129 0.0000 47.2238 66.5129 0.0000
48.2286 66.5129 0.0000 49.2333 66.5129 0.0000 50.2381 66.5129 0.0000
51.2428 66.5129 0.0000 52.2476 66.5129 0.0000 53.2524 66.5129 0.0000
54.2571 66.5129 0.0000 55.2619 66.5129 0.0000 56.2667 66.5129 0.0000
57.2714 66.5129 0.0000 58.2762 66.5129 0.0000 59.2809 66.5129 0.0000
60.2857 66.5129 0.0000 61.2905 66.5129 0.0000 62.2952 66.5129 0.0000
63.3000 66.5129 0.0000 64.3048 66.5129 0.0000 65.3095 66.5129 0.0000
66.3143 66.5129 0.0000 67.3190 66.5129 0.0000 68.3238 66.5129 0.0000
69.3286 66.5129 0.0000 70.3333 66.5129 0.0000 71.3381 66.5129 0.0000
72.3428 66.5129 0.0000 73.3476 66.5129 0.0000 74.3524 66.5129 0.0000
75.3571 66.5129 0.0000 76.3619 66.5129 0.0000 77.3667 66.5129 0.0000
78.3714 66.5129 0.0000 79.3762 66.5129 0.0000 80.3809 66.5129 0.0000
81.3857 66.5129 0.0000 82.3905 66.5129 0.0000 83.3952 66.5129 0.0000
84.4000 66.5129 0.0000 85.4047 66.5129 0.0000 86.4095 66.5129 0.0000
87.4143 66.5129 0.0000 88.4190 66.5129 0.0000 89.4238 66.5129 0.0000
90.4286 66.5129 0.0000 91.4333 66.5129 0.0000 92.4381 66.5129 0.0000
93.4428 66.5129 0.0000 94.4476 66.5129 0.0000 95.4524 66.5129 0.0000
96.4571 66.5129 0.0000 97.4619 66.5129 0.0000 98.4667 66.5129 0.0000
99.4714 66.5129 0.0000 100.4762 66.5129 0.0000 101.4809 66.5129 0.0000
102.4857 66.5129 0.0000 103.4905 66.5129 0.0000 104.4952 66.5129 0.0000
105.5000 66.5129 0.0000 106.5047 66.5129 0.0000 107.5095 66.5129 0.0000
108.5143 66.5129 0.0000 109.5190 66.5129 0.0000 110.5238 66.5129 0.0000
111.5286 66.5129 0.0000 112.5333 66.5129 0.0000 113.5381 66.5129 0.0000
114.5428 66.5129 0.0000 115.5476 66.5129 0.0000 116.5524 66.5129 0.0000
117.5571 66.5129 0.0000 118.5619 66.5129 0.0000 119.5666 66.5129 0.0000
0.0000 67.5207 0.0000 1.0048 67.5207 0.0000 2.0095 67.5207 0.0000
3.0143 67.5207 0.0000 4.0190 67.5207 0.0000 5.0238 67.5207 0.0000
6.0286 67.5207 0.0000 7.0333 67.5207 0.0000 8.0381 67.5207 0.0000
9.0429 67.5207 0.0000 10.0476 67.5207 0.0000 11.0524 67.5207 0.0000
12.0571 67.5207 0.0000 13.0619 67.5207 0.0000 14.0667 67.5207 0.0000
15.0714 67.5207 0.0000 16.0762 67.5207 0.0000 17.0809 67.5207 0.0000
18.0857 67.5207 0.0000 19.0905 67.5207 0.0000 20.0952 67.5207 0.0000
21.1000 67.5207 0.0000 22.1048 67.5207 0.0000 23.1095 67.5207 0.0000
24.1143 67.5207 0.0000 25.1190 67.5207 0.0000 26.1238 67.5207 0.0000
27.1286 67.5207 0.0000 28.1333 67.5207 0.0000 29.1381 67.5207 0.0000
30.1429 67.5207 0.0000 31.1476 67.5207 0.0000 32.1524 67.5207 0.0000
33.1571 67.5207 0.0000 34.1619 67.5207 0.0000 35.1667 67.5207 0.0000
36.1714 67.5207 0.0000 37.1762 67.5207 0.0000 38.1809 67.5207 0.0000
39.1857 67.5207 0.0000 40.1905 67.5207 0.0000 41.1952 67.5207 0.0000
42.2000 67.5207 0.0000 43.2048 67.5207 0.0000 44.2095 67.5207 0.0000
45.2143 67.5207 0.0000 46.2190 67.5207 0.0000 47.2238 67.5207 0.0000
48.2286 67.5207 0.0000 49.2333 67.5207 0.0000 50.2381 67.5207 0.0000
51.2428 67.5207 0.0000 52.2476 67.5207 0.0000 53.2524 67.5207 0.0000
54.2571 67.5207 0.0000 55.2619 67.5207 0.0000 56.2667 67.5207 0.0000
57.2714 67.5207 0.0000 58.2762 67.5207 0.0000 59.2809 67.5207 0.0000
60.2857 67.5207 0.0000 61.2905 67.5207 0.0000 62.2952 67.5207 0.0000
63.3000 67.5207 0.0000 64.3048 67.5207 0.0000 65.3095 67.5207 0.0000
66.3143 67.5207 0.0000 67.3190 67.5207 0.0000 68.3238 67.5207 0.0000
69.3286 67.5207 0.0000 70.3333 67.5207 0.0000 71.3381 67.5207 0.0000
72.3428 67.5207 0.0000 73.3476 67.5207 0.0000 74.3524 67.5207 0.0000
75.3571 67.5207 0.0000 76.3619 67.5207 0.0000 77.3667 67.5207 0.0000
78.3714 67.5207 0.0000 79.3762 67.5207 0.0000 80.3809 67.5207 0.0000
81.3857 67.5207 0.0000 82.3905 67.5207 0.0000 83.3952 67.5207 0.0000
84.4000 67.5207 0.0000 85.4047 67.5207 0.0000 86.4095 67.5207 0.0000
87.4143 67.5207 0.0000 88.4190 67.5207 0.0000 89.4238 67.5207 0.0000
90.4286 67.5207 0.0000 91.4333 67.5207 0.0000 92.4381 67.5207 0.0000
93.4428 67.5207 0.0000 94.4476 67.5207 0.0000 95.4524 67.5207 0.0000
96.4571 67.5207 0.0000 97.4619 67.5207 0.0000 98.4667 67.5207 0.0000
99.4714 67.5207 0.0000 100.4762 67.5207 0.0000 101.4809 67.5207 0.0000
102.4857 67.5207 0.0000 103.4905 67.5207 0.0000 104.4952 67.5207 0.0000
105.5000 67.5207 0.0000 106.5047 67.5207 0.0000 107.5095 67.5207 0.0000
108.5143 67.5207 0.0000 109.5190 67.5207 0.0000 110.5238 67.5207 0.0000
111.5286 67.5207 0.0000 112.5333 67.5207 0.0000 113.5381 67.5207 0.0000
114.5428 67.5207 0.0000 115.5476 67.5207 0.0000 116.5524 67.5207 0.0000
117.5571 67.5207 0.0000 118.5619 67.5207 0.0000 119.5666 67.5207 0.0000
0.0000 68.5285 0.0000 1.0048 68.5285 0.0000 2.0095 68.5285 0.0000
3.0143 68.5285 0.0000 4.0190 68.5285 0.0000 5.0238 68.5285 0.0000
6.0286 68.5285 0.0000 7.0333 68.5285 0.0000 8.0381 68.5285 0.0000
9.0429 68.5285 0.0000 10.0476 68.5285 0.0000 11.0524 68.5285 0.0000
12.0571 68.5285 0.0000 13.0619 68.5285 0.0000 14.0667 68.5285 0.0000
15.0714 68.5285 0.0000 16.0762 68.5285 0.0000 17.0809 68.5285 0.0000
18.0857 68.5285 0.0000 19.0905 68.5285 0.0000 20.0952 68.5285 0.0000
21.1000 68.5285 0.0000 22.1048 68.5285 0.0000 23.1095 68.5285 0.0000
24.1143 68.5285 0.0000 25.1190 68.5285 0.0000 26.1238 68.5285 0.0000
27.1286 68.5285 0.0000 28.1333 68.5285 0.0000 29.1381 68.5285 0.0000
30.1429 68.5285 0.0000 31.1476 68.5285 0.0000 32.1524 68.5285 0.0000
33.1571 68.5285 0.0000 34.1619 68.5285 0.0000 35.1667 68.5285 0.0000
36.1714 68.5285 0.0000 37.1762 68.5285 0.0000 38.1809 68.5285 0.0000
39.1857 68.5285 0.0000 40.1905 68.5285 0.0000 41.1952 68.5285 0.0000
42.2000 68.5285 0.0000 43.2048 68.5285 0.0000 44.2095 68.5285 0.0000
45.2143 68.5285 0.0000 46.2190 68.5285 0.0000 47.2238 68.5285 0.0000
48.2286 68.5285 0.0000 49.2333 68.5285 0.0000 50.2381 68.5285 0.0000
51.2428 68.5285 0.0000 52.2476 68.5285 0.0000 53.2524 68.5285 0.0000
54.2571 68.5285 0.0000 55.2619 68.5285 0.0000 56.2667 68.5285 0.0000
57.2714 68.5285 0.0000 58.2762 68.5285 0.0000 59.2809 68.5285 0.0000
60.2857 68.5285 0.0000 61.2905 68.5285 0.0000 62.2952 68.5285 0.0000
63.3000 68.5285 0.0000 64.3048 68.5285 0.0000 65.3095 68.5285 0.0000
66.3143 68.5285 0.0000 67.3190 68.5285 0.0000 68.3238 68.5285 0.0000
69.3286 68.5285 0.0000 70.3333 68.5285 0.0000 71.3381 68.5285 0.0000
72.3428 68.5285 0.0000 73.3476 68.5285 0.0000 74.3524 68.5285 0.0000
75.3571 68.5285 0.0000 76.3619 68.5285 0.0000 77.3667 68.5285 0.0000
78.3714 68.5285 0.0000 79.3762 68.5285 0.0000 80.3809 68.5285 0.0000
81.3857 68.5285 0.0000 82.3905 68.5285 0.0000 83.3952 68.5285 0.0000
84.4000 68.5285 0.0000 85.4047 68.5285 0.0000 86.4095 68.5285 0.0000
87.4143 68.5285 0.0000 88.4190 68.5285 0.0000 89.4238 68.5285 0.0000
90.4286 68.5285 0.0000 91.4333 68.5285 0.0000 92.4381 68.5285 0.0000
93.4428 68.5285 0.0000 94.4476 68.5285 0.0000 95.4524 68.5285 0.0000
96.4571 68.5285 0.0000 97.4619 68.5285 0.0000 98.4667 68.5285 0.0000
99.4714 68.5285 0.0000 100.4762 68.5285 0.0000 101.4809 68.5285 0.0000
102.4857 68.5285 0.0000 103.4905 68.5285 0.0000 104.4952 68.5285 0.0000
105.5000 68.5285 0.0000 106.5047 68.5285 0.0000 107.5095 68.5285 0.0000
108.5143 68.5285 0.0000 109.5190 68.5285 0.0000 110.5238 68.5285 0.0000
111.5286 68.5285 0.0000 112.5333 68.5285 0.0000 113.5381 68.5285 0.0000
114.5428 68.5285 0.0000 115.5476 68.5285 0.0000 116.5524 68.5285 0.0000
117.5571 68.5285 0.0000 118.5619 68.5285 0.0000 119.5666 68.5285 0.0000
0.0000 69.5362 0.0000 1.0048 69.5362 0.0000 2.0095 69.5362 0.0000
3.0143 69.5362 0.0000 4.0190 69.5362 0.0000 5.0238 69.5362 0.0000
6.0286 69.5362 0.0000 7.0333 69.5362 0.0000 8.0381 69.5362 0.0000
9.0429 69.5362 0.0000 10.0476 69.5362 0.0000 11.0524 69.5362 0.0000
12.0571 69.5362 0.0000 13.0619 69.5362 0.0000 14.0667 69.5362 0.0000
15.0714 69.5362 0.0000 16.0762 69.5362 0.0000 17.0809 69.5362 0.0000
18.0857 69.5362 0.0000 19.0905 69.5362 0.0000 20.0952 69.5362 0.0000
21.1000 69.5362 0.0000 22.1048 69.5362 0.0000 23.1095 69.5362 0.0000
24.1143 69.5362 0.0000 25.1190 69.5362 0.0000 26.1238 69.5362 0.0000
27.1286 69.5362 0.0000 28.1333 69.5362 0.0000 29.1381 69.5362 0.0000
30.1429 69.5362 0.0000 31.1476 69.5362 0.0000 32.1524 69.5362 0.0000
33.1571 69.5362 0.0000 34.1619 69.5362 0.0000 35.1667 69.5362 0.0000
36.1714 69.5362 0.0000 37.1762 69.5362 0.0000 38.1809 69.5362 0.0000
39.1857 69.5362 0.0000 40.1905 69.5362 0.0000 41.1952 69.5362 0.0000
42.2000 69.5362 0.0000 43.2048 69.5362 0.0000 44.2095 69.5362 0.0000
45.2143 69.5362 0.0000 46.2190 69.5362 0.0000 47.2238 69.5362 0.0000
48.2286 69.5362 0.0000 49.2333 69.5362 0.0000 50.2381 69.5362 0.0000
51.2428 69.5362 0.0000 52.2476 69.5362 0.0000 53.2524 69.5362 0.0000
54.2571 69.5362 0.0000 55.2619 69.5362 0.0000 56.2667 69.5362 0.0000
57.2714 69.5362 0.0000 58.2762 69.5362 0.0000 59.2809 69.5362 0.0000
60.2857 69.5362 0.0000 61.2905 69.5362 0.0000 62.2952 69.5362 0.0000
63.3000 69.5362 0.0000 64.3048 69.5362 0.0000 65.3095 69.5362 0.0000
66.3143 69.5362 0.0000 67.3190 69.5362 0.0000 68.3238 69.5362 0.0000
69.3286 69.5362 0.0000 70.3333 69.5362 0.0000 71.3381 69.5362 0.0000
72.3428 69.5362 0.0000 73.3476 69.5362 0.0000 74.3524 69.5362 0.0000
75.3571 69.5362 0.0000 76.3619 69.5362 0.0000 77.3667 69.5362 0.0000
78.3714 69.5362 0.0000 79.3762 69.5362 0.0000 80.3809 69.5362 0.0000
81.3857 69.5362 0.0000 82.3905 69.5362 0.0000 83.3952 69.5362 0.0000
84.4000 69.5362 0.0000 85.4047 69.5362 0.0000 86.4095 69.5362 0.0000
87.4143 69.5362 0.0000 88.4190 69.5362 0.0000 89.4238 69.5362 0.0000
90.4286 69.5362 0.0000 91.4333 69.5362 0.0000 92.4381 69.5362 0.0000
93.4428 69.5362 0.0000 94.4476 69.5362 0.0000 95.4524 69.5362 0.0000
96.4571 69.5362 0.0000 97.4619 69.5362 0.0000 98.4667 69.5362 0.0000
99.4714 69.5362 0.0000 100.4762 69.5362 0.0000 101.4809 69.5362 0.0000
102.4857 69.5362 0.0000 103.4905 69.5362 0.0000 104.4952 69.5362 0.0000
105.5000 69.5362 0.0000 106.5047 69.5362 0.0000 107.5095 69.5362 0.0000
108.5143 69.5362 0.0000 109.5190 69.5362 0.0000 110.5238 69.5362 0.0000
111.5286 69.5362 0.0000 112.5333 69.5362 0.0000 113.5381 69.5362 0.0000
114.5428 69.5362 0.0000 115.5476 69.5362 0.0000 116.5524 69.5362 0.0000
117.5571 69.5362 0.0000 118.5619 69.5362 0.0000 119.5666 69.5362 0.0000
0.0000 70.5440 0.0000 1.0048 70.5440 0.0000 2.0095 70.5440 0.0000
3.0143 70.5440 0.0000 4.0190 70.5440 0.0000 5.0238 70.5440 0.0000
6.0286 70.5440 0.0000 7.0333 70.5440 0.0000 8.0381 70.5440 0.0000
9.0429 70.5440 0.0000 10.0476 70.5440 0.0000 11.0524 70.5440 0.0000
12.0571 70.5440 0.0000 13.0619 70.5440 0.0000 14.0667 70.5440 0.0000
15.0714 70.5440 0.0000 16.0762 70.5440 0.0000 17.0809 70.5440 0.0000
18.0857 70.5440 0.0000 19.0905 70.5440 0.0000 20.0952 70.5440 0.0000
21.1000 70.5440 0.0000 22.1048 70.5440 0.0000 23.1095 70.5440 0.0000
24.1143 70.5440 0.0000 25.1190 70.5440 0.0000 26.1238 70.5440 0.0000
27.1286 70.5440 0.0000 28.1333 70.5440 0.0000 29.1381 70.5440 0.0000
30.1429 70.5440 0.0000 31.1476 70.5440 0.0000 32.1524 70.5440 0.0000
33.1571 70.5440 0.0000 34.1619 70.5440 0.0000 35.1667 70.5440 0.0000
36.1714 70.5440 0.0000 37.1762 70.5440 0.0000 38.1809 70.5440 0.0000
39.1857 70.5440 0.0000 40.1905 70.5440 0.0000 41.1952 70.5440 0.0000
42.2000 70.5440 0.0000 43.2048 70.5440 0.0000 44.2095 70.5440 0.0000
45.2143 70.5440 0.0000 46.2190 70.5440 0.0000 47.2238 70.5440 0.0000
48.2286 70.5440 0.0000 49.2333 70.5440 0.0000 50.2381 70.5440 0.0000
51.2428 70.5440 0.0000 52.2476 70.5440 0.0000 53.2524 70.5440 0.0000
54.2571 70.5440 0.0000 55.2619 70.5440 0.0000 56.2667 70.5440 0.0000
57.2714 70.5440 0.0000 58.2762 70.5440 0.0000 59.2809 70.5440 0.0000
60.2857 70.5440 0.0000 61.2905 70.5440 0.0000 62.2952 70.5440 0.0000
63.3000 70.5440 0.0000 64.3048 70.5440 0.0000 65.3095 70.5440 0.0000
66.3143 70.5440 0.0000 67.3190 70.5440 0.0000 68.3238 70.5440 0.0000
69.3286 70.5440 0.0000 70.3333 70.5440 0.0000 71.3381 70.5440 0.0000
72.3428 70.5440 0.0000 73.3476 70.5440 0.0000 74.3524 70.5440 0.0000
75.3571 70.5440 0.0000 76.3619 70.5440 0.0000 77.3667 70.5440 0.0000
78.3714 70.5440 0.0000 79.3762 70.5440 0.0000 80.3809 70.5440 0.0000
81.3857 70.5440 0.0000 82.3905 70.5440 0.0000 83.3952 70.5440 0.0000
84.4000 70.5440 0.0000 85.4047 70.5440 0.0000 86.4095 70.5440 0.0000
87.4143 70.5440 0.0000 88.4190 70.5440 0.0000 89.4238 70.5440 0.0000
90.4286 70.5440 0.0000 91.4333 70.5440 0.0000 92.4381 70.5440 0.0000
93.4428 70.5440 0.0000 94.4476 70.5440 0.0000 95.4524 70.5440 0.0000
96.4571 70.5440 0.0000 97.4619 70.5440 0.0000 98.4667 70.5440 0.0000
99.4714 70.5440 0.0000 100.4762 70.5440 0.0000 101.4809 70.5440 0.0000
102.4857 70.5440 0.0000 103.4905 70.5440 0.0000 104.4952 70.5440 0.0000
105.5000 70.5440 0.0000 106.5047 70.5440 0.0000 107.5095 70.5440 0.0000
108.5143 70.5440 0.0000 109.5190 70.5440 0.0000 110.5238 70.5440 0.0000
111.5286 70.5440 0.0000 112.5333 70.5440 0.0000 113.5381 70.5440 0.0000
114.5428 70.5440 0.0000 115.5476 70.5440 0.0000 116.5524 70.5440 0.0000
117.5571 70.5440 0.0000 118.5619 70.5440 0.0000 119.5666 70.5440 0.0000
0.0000 71.5518 0.0000 1.0048 71.5518 0.0000 2.0095 71.5518 0.0000
3.0143 71.5518 0.0000 4.0190 71.5518 0.0000 5.0238 71.5518 0.0000
6.0286 71.5518 0.0000 7.0333 71.5518 0.0000 8.0381 71.5518 0.0000
9.0429 71.5518 0.0000 10.0476 71.5518 0.0000 11.0524 71.5518 0.0000
12.0571 71.5518 0.0000 13.0619 71.5518 0.0000 14.0667 71.5518 0.0000
15.0714 71.5518 0.0000 16.0762 71.5518 0.0000 17.0809 71.5518 0.0000
18.0857 71.5518 0.0000 19.0905 71.5518 0.0000 20.0952 71.5518 0.0000
21.1000 71.5518 0.0000 22.1048 71.5518 0.0000 23.1095 71.5518 0.0000
24.1143 71.5518 0.0000 25.1190 71.5518 0.0000 26.1238 71.5518 0.0000
27.1286 71.5518 0.0000 28.1333 71.5518 0.0000 29.1381 71.5518 0.0000
30.1429 71.5518 0.0000 31.1476 71.5518 0.0000 32.1524 71.5518 0.0000
33.1571 71.5518 0.0000 34.1619 71.5518 0.0000 35.1667 71.5518 0.0000
36.1714 71.5518 0.0000 37.1762 71.5518 0.0000 38.1809 71.5518 0.0000
39.1857 71.5518 0.0000 40.1905 71.5518 0.0000 41.1952 71.5518 0.0000
42.2000 71.5518 0.0000 43.2048 71.5518 0.0000 44.2095 71.5518 0.0000
45.2143 71.5518 0.0000 46.2190 71.5518 0.0000 47.2238 71.5518 0.0000
48.2286 71.5518 0.0000 49.2333 71.5518 0.0000 50.2381 71.5518 0.0000
51.2428 71.5518 0.0000 52.2476 71.5518 0.0000 53.2524 71.5518 0.0000
54.2571 71.5518 0.0000 55.2619 71.5518 0.0000 56.2667 71.5518 0.0000
57.2714 71.5518 0.0000 58.2762 71.5518 0.0000 59.2809 71.5518 0.0000
60.2857 71.5518 0.0000 61.2905 71.5518 0.0000 62.2952 71.5518 0.0000
63.3000 71.5518 0.0000 64.3048 71.5518 0.0000 65.3095 71.5518 0.0000
66.3143 71.5518 0.0000 67.3190 71.5518 0.0000 68.3238 71.5518 0.0000
69.3286 71.5518 0.0000 70.3333 71.5518 0.0000 71.3381 71.5518 0.0000
72.3428 71.5518 0.0000 73.3476 71.5518 0.0000 74.3524 71.5518 0.0000
75.3571 71.5518 0.0000 76.3619 71.5518 0.0000 77.3667 71.5518 0.0000
78.3714 71.5518 0.0000 79.3762 71.5518 0.0000 80.3809 71.5518 0.0000
81.3857 71.5518 0.0000 82.3905 71.5518 0.0000 83.3952 71.5518 0.0000
84.4000 71.5518 0.0000 85.4047 71.5518 0.0000 86.4095 71.5518 0.0000
87.4143 71.5518 0.0000 88.4190 71.5518 0.0000 89.4238 71.5518 0.0000
90.4286 71.5518 0.0000 91.4333 71.5518 0.0000 92.4381 71.5518 0.0000
93.4428 71.5518 0.0000 94.4476 71.5518 0.0000 95.4524 71.5518 0.0000
96.4571 71.5518 0.0000 97.4619 71.5518 0.0000 98.4667 71.5518 0.0000
99.4714 71.5518 0.0000 100.4762 71.5518 0.0000 101.4809 71.5518 0.0000
102.4857 71.5518 0.0000 103.4905 71.5518 0.0000 104.4952 71.5518 0.0000
105.5000 71.5518 0.0000 106.5047 71.5518 0.0000 107.5095 71.5518 0.0000
108.5143 71.5518 0.0000 109.5190 71.5518 0.0000 110.5238 71.5518 0.0000
111.5286 71.5518 0.0000 112.5333 71.5518 0.0000 113.5381 71.5518 0.0000
114.5428 71.5518 0.0000 115.5476 71.5518 0.0000 116.5524 71.5518 0.0000
117.5571 71.5518 0.0000 118.5619 71.5518 0.0000 119.5666 71.5518 0.0000
0.0000 72.5596 0.0000 1.0048 72.5596 0.0000 2.0095 72.5596 0.0000
3.0143 72.5596 0.0000 4.0190 72.5596 0.0000 5.0238 72.5596 0.0000
6.0286 72.5596 0.0000 7.0333 72.5596 0.0000 8.0381 72.5596 0.0000
9.0429 72.5596 0.0000 10.0476 72.5596 0.0000 11.0524 72.5596 0.0000
12.0571 72.5596 0.0000 13.0619 72.5596 0.0000 14.0667 72.5596 0.0000
15.0714 72.5596 0.0000 16.0762 72.5596 0.0000 17.0809 72.5596 0.0000
18.0857 72.5596 0.0000 19.0905 72.5596 0.0000 20.0952 72.5596 0.0000
21.1000 72.5596 0.0000 22.1048 72.5596 0.0000 23.1095 72.5596 0.0000
24.1143 72.5596 0.0000 25.1190 72.5596 0.0000 26.1238 72.5596 0.0000
27.1286 72.5596 0.0000 28.1333 72.5596 0.0000 29.1381 72.5596 0.0000
30.1429 72.5596 0.0000 31.1476 72.5596 0.0000 32.1524 72.5596 0.0000
33.1571 72.5596 0.0000 34.1619 72.5596 0.0000 35.1667 72.5596 0.0000
36.1714 72.5596 0.0000 37.1762 72.5596 0.0000 38.1809 72.5596 0.0000
39.1857 72.5596 0.0000 40.1905 72.5596 0.0000 41.1952 72.5596 0.0000
42.2000 72.5596 0.0000 43.2048 72.5596 0.0000 44.2095 72.5596 0.0000
45.2143 72.5596 0.0000 46.2190 72.5596 0.0000 47.2238 72.5596 0.0000
48.2286 72.5596 0.0000 49.2333 72.5596 0.0000 50.2381 72.5596 0.0000
51.2428 72.5596 0.0000 52.2476 72.5596 0.0000 53.2524 72.5596 0.0000
54.2571 72.5596 0.0000 55.2619 72.5596 0.0000 56.2667 72.5596 0.0000
57.2714 72.5596 0.0000 58.2762 72.5596 0.0000 59.2809 72.5596 0.0000
60.2857 72.5596 0.0000 61.2905 72.5596 0.0000 62.2952 72.5596 0.0000
63.3000 72.5596 0.0000 64.3048 72.5596 0.0000 65.3095 72.5596 0.0000
66.3143 72.5596 0.0000 67.3190 72.5596 0.0000 68.3238 72.5596 0.0000
69.3286 72.5596 0.0000 70.3333 72.5596 0.0000 71.3381 72.5596 0.0000
72.3428 72.5596 0.0000 73.3476 72.5596 0.0000 74.3524 72.5596 0.0000
75.3571 72.5596 0.0000 76.3619 72.5596 0.0000 77.3667 72.5596 0.0000
78.3714 72.5596 0.0000 79.3762 72.5596 0.0000 80.3809 72.5596 0.0000
81.3857 72.5596 0.0000 82.3905 72.5596 0.0000 83.3952 72.5596 0.0000
84.4000 72.5596 0.0000 85.4047 72.5596 0.0000 86.4095 72.5596 0.0000
87.4143 72.5596 0.0000 88.4190 72.5596 0.0000 89.4238 72.5596 0.0000
90.4286 72.5596 0.0000 91.4333 72.5596 0.0000 92.4381 72.5596 0.0000
93.4428 72.5596 0.0000 94.4476 72.5596 0.0000 95.4524 72.5596 0.0000
96.4571 72.5596 0.0000 97.4619 72.5596 0.0000 98.4667 72.5596 0.0000
99.4714 72.5596 0.0000 100.4762 72.5596 0.0000 101.4809 72.5596 0.0000
102.4857 72.5596 0.0000 103.4905 72.5596 0.0000 104.4952 72.5596 0.0000
105.5000 72.5596 0.0000 106.5047 72.5596 0.0000 107.5095 72.5596 0.0000
108.5143 72.5596 0.0000 109.5190 72.5596 0.0000 110.5238 72.5596 0.0000
111.5286 72.5596 0.0000 112.5333 72.5596 0.0000 113.5381 72.5596 0.0000
114.5428 72.5596 0.0000 115.5476 72.5596 0.0000 116.5524 72.5596 0.0000
117.5571 72.5596 0.0000 118.5619 72.5596 0.0000 119.5666 72.5596 0.0000
0.0000 73.5673 0.0000 1.0048 73.5673 0.0000 2.0095 73.5673 0.0000
3.0143 73.5673 0.0000 4.0190 73.5673 0.0000 5.0238 73.5673 0.0000
6.0286 73.5673 0.0000 7.0333 73.5673 0.0000 8.0381 73.5673 0.0000
9.0429 73.5673 0.0000 10.0476 73.5673 0.0000 11.0524 73.5673 0.0000
12.0571 73.5673 0.0000 13.0619 73.5673 0.0000 14.0667 73.5673 0.0000
15.0714 73.5673 0.0000 16.0762 73.5673 0.0000 17.0809 73.5673 0.0000
18.0857 73.5673 0.0000 19.0905 73.5673 0.0000 20.0952 73.5673 0.0000
21.1000 73.5673 0.0000 22.1048 73.5673 0.0000 23.1095 73.5673 0.0000
24.1143 73.5673 0.0000 25.1190 73.5673 0.0000 26.1238 73.5673 0.0000
27.1286 73.5673 0.0000 28.1333 73.5673 0.0000 29.1381 73.5673 0.0000
30.1429 73.5673 0.0000 31.1476 73.5673 0.0000 32.1524 73.5673 0.0000
33.1571 73.5673 0.0000 34.1619 73.5673 0.0000 35.1667 73.5673 0.0000
36.1714 73.5673 0.0000 37.1762 73.5673 0.0000 38.1809 73.5673 0.0000
39.1857 73.5673 0.0000 40.1905 73.5673 0.0000 41.1952 73.5673 0.0000
42.2000 73.5673 0.0000 43.2048 73.5673 0.0000 44.2095 73.5673 0.0000
45.2143 73.5673 0.0000 46.2190 73.5673 0.0000 47.2238 73.5673 0.0000
48.2286 73.5673 0.0000 49.2333 73.5673 0.0000 50.2381 73.5673 0.0000
51.2428 73.5673 0.0000 52.2476 73.5673 0.0000 53.2524 73.5673 0.0000
54.2571 73.5673 0.0000 55.2619 73.5673 0.0000 56.2667 73.5673 0.0000
57.2714 73.5673 0.0000 58.2762 73.5673 0.0000 59.2809 73.5673 0.0000
60.2857 73.5673 0.0000 61.2905 73.5673 0.0000 62.2952 73.5673 0.0000
63.3000 73.5673 0.0000 64.3048 73.5673 0.0000 65.3095 73.5673 0.0000
66.3143 73.5673 0.0000 67.3190 73.5673 0.0000 68.3238 73.5673 0.0000
69.3286 73.5673 0.0000 70.3333 73.5673 0.0000 71.3381 73.5673 0.0000
72.3428 73.5673 0.0000 73.3476 73.5673 0.0000 74.3524 73.5673 0.0000
75.3571 73.5673 0.0000 76.3619 73.5673 0.0000 77.3667 73.5673 0.0000
78.3714 73.5673 0.0000 79.3762 73.5673 0.0000 80.3809 73.5673 0.0000
81.3857 73.5673 0.0000 82.3905 73.5673 0.0000 83.3952 73.5673 0.0000
84.4000 73.5673 0.0000 85.4047 73.5673 0.0000 86.4095 73.5673 0.0000
87.4143 73.5673 0.0000 88.4190 73.5673 0.0000 89.4238 73.5673 0.0000
90.4286 73.5673 0.0000 91.4333 73.5673 0.0000 92.4381 73.5673 0.0000
93.4428 73.5673 0.0000 94.4476 73.5673 0.0000 95.4524 73.5673 0.0000
96.4571 73.5673 0.0000 97.4619 73.5673 0.0000 98.4667 73.5673 0.0000
99.4714 73.5673 0.0000 100.4762 73.5673 0.0000 101.4809 73.5673 0.0000
102.4857 73.5673 0.0000 103.4905 73.5673 0.0000 104.4952 73.5673 0.0000
105.5000 73.5673 0.0000 106.5047 73.5673 0.0000 107.5095 73.5673 0.0000
108.5143 73.5673 0.0000 109.5190 73.5673 0.0000 110.5238 73.5673 0.0000
111.5286 73.5673 0.0000 112.5333 73.5673 0.0000 113.5381 73.5673 0.0000
114.5428 73.5673 0.0000 115.5476 73.5673 0.0000 116.5524 73.5673 0.0000
117.5571 73.5673 0.0000 118.5619 73.5673 0.0000 119.5666 73.5673 0.0000
0.0000 74.5751 0.0000 1.0048 74.5751 0.0000 2.0095 74.5751 0.0000
3.0143 74.5751 0.0000 4.0190 74.5751 0.0000 5.0238 74.5751 0.0000
6.0286 74.5751 0.0000 7.0333 74.5751 0.0000 8.0381 74.5751 0.0000
9.0429 74.5751 0.0000 10.0476 74.5751 0.0000 11.0524 74.5751 0.0000
12.0571 74.5751 0.0000 13.0619 74.5751 0.0000 14.0667 74.5751 0.0000
15.0714 74.5751 0.0000 16.0762 74.5751 0.0000 17.0809 74.5751 0.0000
18.0857 74.5751 0.0000 19.0905 74.5751 0.0000 20.0952 74.5751 0.0000
21.1000 74.5751 0.0000 22.1048 74.5751 0.0000 23.1095 74.5751 0.0000
24.1143 74.5751 0.0000 25.1190 74.5751 0.0000 26.1238 74.5751 0.0000
27.1286 74.5751 0.0000 28.1333 74.5751 0.0000 29.1381 74.5751 0.0000
30.1429 74.5751 0.0000 31.1476 74.5751 0.0000 32.1524 74.5751 0.0000
33.1571 74.5751 0.0000 34.1619 74.5751 0.0000 35.1667 74.5751 0.0000
36.1714 74.5751 0.0000 37.1762 74.5751 0.0000 38.1809 74.5751 0.0000
39.1857 74.5751 0.0000 40.1905 74.5751 0.0000 41.1952 74.5751 0.0000
42.2000 74.5751 0.0000 43.2048 74.5751 0.0000 44.2095 74.5751 0.0000
45.2143 74.5751 0.0000 46.2190 74.5751 0.0000 47.2238 74.5751 0.0000
48.2286 74.5751 0.0000 49.2333 74.5751 0.0000 50.2381 74.5751 0.0000
51.2428 74.5751 0.0000 52.2476 74.5751 0.0000 53.2524 74.5751 0.0000
54.2571 74.5751 0.0000 55.2619 74.5751 0.0000 56.2667 74.5751 0.0000
57.2714 74.5751 0.0000 58.2762 74.5751 0.0000 59.2809 74.5751 0.0000
60.2857 74.5751 0.0000 61.2905 74.5751 0.0000 62.2952 74.5751 0.0000
63.3000 74.5751 0.0000 64.3048 74.5751 0.0000 65.3095 74.5751 0.0000
66.3143 74.5751 0.0000 67.3190 74.5751 0.0000 68.3238 74.5751 0.0000
69.3286 74.5751 0.0000 70.3333 74.5751 0.0000 71.3381 74.5751 0.0000
72.3428 74.5751 0.0000 73.3476 74.5751 0.0000 74.3524 74.5751 0.0000
75.3571 74.5751 0.0000 76.3619 74.5751 0.0000 77.3667 74.5751 0.0000
78.3714 74.5751 0.0000 79.3762 74.5751 0.0000 80.3809 74.5751 0.0000
81.3857 74.5751 0.0000 82.3905 74.5751 0.0000 83.3952 74.5751 0.0000
84.4000 74.5751 0.0000 85.4047 74.5751 0.0000 86.4095 74.5751 0.0000
87.4143 74.5751 0.0000 88.4190 74.5751 0.0000 89.4238 74.5751 0.0000
90.4286 74.5751 0.0000 91.4333 74.5751 0.0000 92.4381 74.5751 0.0000
93.4428 74.5751 0.0000 94.4476 74.5751 0.0000 95.4524 74.5751 0.0000
96.4571 74.5751 0.0000 97.4619 74.5751 0.0000 98.4667 74.5751 0.0000
99.4714 74.5751 0.0000 100.4762 74.5751 0.0000 101.4809 74.5751 0.0000
102.4857 74.5751 0.0000 103.4905 74.5751 0.0000 104.4952 74.5751 0.0000
105.5000 74.5751 0.0000 106.5047 74.5751 0.0000 107.5095 74.5751 0.0000
108.5143 74.5751 0.0000 109.5190 74.5751 0.0000 110.5238 74.5751 0.0000
111.5286 74.5751 0.0000 112.5333 74.5751 0.0000 113.5381 74.5751 0.0000
114.5428 74.5751 0.0000 115.5476 74.5751 0.0000 116.5524 74.5751 0.0000
117.5571 74.5751 0.0000 118.5619 74.5751 0.0000 119.5666 74.5751 0.0000
0.0000 75.5829 0.0000 1.0048 75.5829 0.0000 2.0095 75.5829 0.0000
3.0143 75.5829 0.0000 4.0190 75.5829 0.0000 5.0238 75.5829 0.0000
6.0286 75.5829 0.0000 7.0333 75.5829 0.0000 8.0381 75.5829 0.0000
9.0429 75.5829 0.0000 10.0476 75.5829 0.0000 11.0524 75.5829 0.0000
12.0571 75.5829 0.0000 13.0619 75.5829 0.0000 14.0667 75.5829 0.0000
15.0714 75.5829 0.0000 16.0762 75.5829 0.0000 17.0809 75.5829 0.0000
18.0857 75.5829 0.0000 19.0905 75.5829 0.0000 20.0952 75.5829 0.0000
21.1000 75.5829 0.0000 22.1048 75.5829 0.0000 23.1095 75.5829 0.0000
24.1143 75.5829 0.0000 25.1190 75.5829 0.0000 26.1238 75.5829 0.0000
27.1286 75.5829 0.0000 28.1333 75.5829 0.0000 29.1381 75.5829 0.0000
30.1429 75.5829 0.0000 31.1476 75.5829 0.0000 32.1524 75.5829 0.0000
33.1571 75.5829 0.0000 34.1619 75.5829 0.0000 35.1667 75.5829 0.0000
36.1714 75.5829 0.0000 37.1762 75.5829 0.0000 38.1809 75.5829 0.0000
39.1857 75.5829 0.0000 40.1905 75.5829 0.0000 41.1952 75.5829 0.0000
42.2000 75.5829 0.0000 43.2048 75.5829 0.0000 44.2095 75.5829 0.0000
45.2143 75.5829 0.0000 46.2190 75.5829 0.0000 47.2238 75.5829 0.0000
48.2286 75.5829 0.0000 49.2333 75.5829 0.0000 50.2381 75.5829 0.0000
51.2428 75.5829 0.0000 52.2476 75.5829 0.0000 53.2524 75.5829 0.0000
54.2571 75.5829 0.0000 55.2619 75.5829 0.0000 56.2667 75.5829 0.0000
57.2714 75.5829 0.0000 58.2762 75.5829 0.0000 59.2809 75.5829 0.0000
60.2857 75.5829 0.0000 61.2905 75.5829 0.0000 62.2952 75.5829 0.0000
63.3000 75.5829 0.0000 64.3048 75.5829 0.0000 65.3095 75.5829 0.0000
66.3143 75.5829 0.0000 67.3190 75.5829 0.0000 68.3238 75.5829 0.0000
69.3286 75.5829 0.0000 70.3333 75.5829 0.0000 71.3381 75.5829 0.0000
72.3428 75.5829 0.0000 73.3476 75.5829 0.0000 74.3524 75.5829 0.0000
75.3571 75.5829 0.0000 76.3619 75.5829 0.0000 77.3667 75.5829 0.0000
78.3714 75.5829 0.0000 79.3762 75.5829 0.0000 80.3809 75.5829 0.0000
81.3857 75.5829 0.0000 82.3905 75.5829 0.0000 83.3952 75.5829 0.0000
84.4000 75.5829 0.0000 85.4047 75.5829 0.0000 86.4095 75.5829 0.0000
87.4143 75.5829 0.0000 88.4190 75.5829 0.0000 89.4238 75.5829 0.0000
90.4286 75.5829 0.0000 91.4333 75.5829 0.0000 92.4381 75.5829 0.0000
93.4428 75.5829 0.0000 94.4476 75.5829 0.0000 95.4524 75.5829 0.0000
96.4571 75.5829 0.0000 97.4619 75.5829 0.0000 98.4667 75.5829 0.0000
99.4714 75.5829 0.0000 100.4762 75.5829 0.0000 101.4809 75.5829 0.0000
102.4857 75.5829 0.0000 103.4905 75.5829 0.0000 104.4952 75.5829 0.0000
105.5000 75.5829 0.0000 106.5047 75.5829 0.0000 107.5095 75.5829 0.0000
108.5143 75.5829 0.0000 109.5190 75.5829 0.0000 110.5238 75.5829 0.0000
111.5286 75.5829 0.0000 112.5333 75.5829 0.0000 113.5381 75.5829 0.0000
114.5428 75.5829 0.0000 115.5476 75.5829 0.0000 116.5524 75.5829 0.0000
117.5571 75.5829 0.0000 118.5619 75.5829 0.0000 119.5666 75.5829 0.0000
0.0000 76.5906 0.0000 1.0048 76.5906 0.0000 2.0095 76.5906 0.0000
3.0143 76.5906 0.0000 4.0190 76.5906 0.0000 5.0238 76.5906 0.0000
6.0286 76.5906 0.0000 7.0333 76.5906 0.0000 8.0381 76.5906 0.0000
9.0429 76.5906 0.0000 10.0476 76.5906 0.0000 11.0524 76.5906 0.0000
12.0571 76.5906 0.0000 13.0619 76.5906 0.0000 14.0667 76.5906 0.0000
15.0714 76.5906 0.0000 16.0762 76.5906 0.0000 17.0809 76.5906 0.0000
18.0857 76.5906 0.0000 19.0905 76.5906 0.0000 20.0952 76.5906 0.0000
21.1000 76.5906 0.0000 22.1048 76.5906 0.0000 23.1095 76.5906 0.0000
24.1143 76.5906 0.0000 25.1190 76.5906 0.0000 26.1238 76.5906 0.0000
27.1286 76.5906 0.0000 28.1333 76.5906 0.0000 29.1381 76.5906 0.0000
30.1429 76.5906 0.0000 31.1476 76.5906 0.0000 32.1524 76.5906 0.0000
33.1571 76.5906 0.0000 34.1619 76.5906 0.0000 35.1667 76.5906 0.0000
36.1714 76.5906 0.0000 37.1762 76.5906 0.0000 38.1809 76.5906 0.0000
39.1857 76.5906 0.0000 40.1905 76.5906 0.0000 41.1952 76.5906 0.0000
42.2000 76.5906 0.0000 43.2048 76.5906 0.0000 44.2095 76.5906 0.0000
45.2143 76.5906 0.0000 46.2190 76.5906 0.0000 47.2238 76.5906 0.0000
48.2286 76.5906 0.0000 49.2333 76.5906 0.0000 50.2381 76.5906 0.0000
51.2428 76.5906 0.0000 52.2476 76.5906 0.0000 53.2524 76.5906 0.0000
54.2571 76.5906 0.0000 55.2619 76.5906 0.0000 56.2667 76.5906 0.0000
57.2714 76.5906 0.0000 58.2762 76.5906 0.0000 59.2809 76.5906 0.0000
60.2857 76.5906 0.0000 61.2905 76.5906 0.0000 62.2952 76.5906 0.0000
63.3000 76.5906 0.0000 64.3048 76.5906 0.0000 65.3095 76.5906 0.0000
66.3143 76.5906 0.0000 67.3190 76.5906 0.0000 68.3238 76.5906 0.0000
69.3286 76.5906 0.0000 70.3333 76.5906 0.0000 71.3381 76.5906 0.0000
72.3428 76.5906 0.0000 73.3476 76.5906 0.0000 74.3524 76.5906 0.0000
75.3571 76.5906 0.0000 76.3619 76.5906 0.0000 77.3667 76.5906 0.0000
78.3714 76.5906 0.0000 79.3762 76.5906 0.0000 80.3809 76.5906 0.0000
81.3857 76.5906 0.0000 82.3905 76.5906 0.0000 83.3952 76.5906 0.0000
84.4000 76.5906 0.0000 85.4047 76.5906 0.0000 86.4095 76.5906 0.0000
87.4143 76.5906 0.0000 88.4190 76.5906 0.0000 89.4238 76.5906 0.0000
90.4286 76.5906 0.0000 91.4333 76.5906 0.0000 92.4381 76.5906 0.0000
93.4428 76.5906 0.0000 94.4476 76.5906 0.0000 95.4524 76.5906 0.0000
96.4571 76.5906 0.0000 97.4619 76.5906 0.0000 98.4667 76.5906 0.0000
99.4714 76.5906 0.0000 100.4762 76.5906 0.0000 101.4809 76.5906 0.0000
102.4857 76.5906 0.0000 103.4905 76.5906 0.0000 104.4952 76.5906 0.0000
105.5000 76.5906 0.0000 106.5047 76.5906 0.0000 107.5095 76.5906 0.0000
108.5143 76.5906 0.0000 109.5190 76.5906 0.0000 110.5238 76.5906 0.0000
111.5286 76.5906 0.0000 112.5333 76.5906 0.0000 113.5381 76.5906 0.0000
114.5428 76.5906 0.0000 115.5476 76.5906 0.0000 116.5524 76.5906 0.0000
117.5571 76.5906 0.0000 118.5619 76.5906 0.0000 119.5666 76.5906 0.0000
0.0000 77.5984 0.0000 1.0048 77.5984 0.0000 2.0095 77.5984 0.0000
3.0143 77.5984 0.0000 4.0190 77.5984 0.0000 5.0238 77.5984 0.0000
6.0286 77.5984 0.0000 7.0333 77.5984 0.0000 8.0381 77.5984 0.0000
9.0429 77.5984 0.0000 10.0476 77.5984 0.0000 11.0524 77.5984 0.0000
12.0571 77.5984 0.0000 13.0619 77.5984 0.0000 14.0667 77.5984 0.0000
15.0714 77.5984 0.0000 16.0762 77.5984 0.0000 17.0809 77.5984 0.0000
18.0857 77.5984 0.0000 19.0905 77.5984 0.0000 20.0952 77.5984 0.0000
21.1000 77.5984 0.0000 22.1048 77.5984 0.0000 23.1095 77.5984 0.0000
24.1143 77.5984 0.0000 25.1190 77.5984 0.0000 26.1238 77.5984 0.0000
27.1286 77.5984 0.0000 28.1333 77.5984 0.0000 29.1381 77.5984 0.0000
30.1429 77.5984 0.0000 31.1476 77.5984 0.0000 32.1524 77.5984 0.0000
33.1571 77.5984 0.0000 34.1619 77.5984 0.0000 35.1667 77.5984 0.0000
36.1714 77.5984 0.0000 37.1762 77.5984 0.0000 38.1809 77.5984 0.0000
39.1857 77.5984 0.0000 40.1905 77.5984 0.0000 41.1952 77.5984 0.0000
42.2000 77.5984 0.0000 43.2048 77.5984 0.0000 44.2095 77.5984 0.0000
45.2143 77.5984 0.0000 46.2190 77.5984 0.0000 47.2238 77.5984 0.0000
48.2286 77.5984 0.0000 49.2333 77.5984 0.0000 50.2381 77.5984 0.0000
51.2428 77.5984 0.0000 52.2476 77.5984 0.0000 53.2524 77.5984 0.0000
54.2571 77.5984 0.0000 55.2619 77.5984 0.0000 56.2667 77.5984 0.0000
57.2714 77.5984 0.0000 58.2762 77.5984 0.0000 59.2809 77.5984 0.0000
60.2857 77.5984 0.0000 61.2905 77.5984 0.0000 62.2952 77.5984 0.0000
63.3000 77.5984 0.0000 64.3048 77.5984 0.0000 65.3095 77.5984 0.0000
66.3143 77.5984 0.0000 67.3190 77.5984 0.0000 68.3238 77.5984 0.0000
69.3286 77.5984 0.0000 70.3333 77.5984 0.0000 71.3381 77.5984 0.0000
72.3428 77.5984 0.0000 73.3476 77.5984 0.0000 74.3524 77.5984 0.0000
75.3571 77.5984 0.0000 76.3619 77.5984 0.0000 77.3667 77.5984 0.0000
78.3714 77.5984 0.0000 79.3762 77.5984 0.0000 80.3809 77.5984 0.0000
81.3857 77.5984 0.0000 82.3905 77.5984 0.0000 83.3952 77.5984 0.0000
84.4000 77.5984 0.0000 85.4047 77.5984 0.0000 86.4095 77.5984 0.0000
87.4143 77.5984 0.0000 88.4190 77.5984 0.0000 89.4238 77.5984 0.0000
90.4286 77.5984 0.0000 91.4333 77.5984 0.0000 92.4381 77.5984 0.0000
93.4428 77.5984 0.0000 94.4476 77.5984 0.0000 95.4524 77.5984 0.0000
96.4571 77.5984 0.0000 97.4619 77.5984 0.0000 98.4667 77.5984 0.0000
99.4714 77.5984 0.0000 100.4762 77.5984 0.0000 101.4809 77.5984 0.0000
102.4857 77.5984 0.0000 103.4905 77.5984 0.0000 104.4952 77.5984 0.0000
105.5000 77.5984 0.0000 106.5047 77.5984 0.0000 107.5095 77.5984 0.0000
108.5143 77.5984 0.0000 109.5190 77.5984 0.0000 110.5238 77.5984 0.0000
111.5286 77.5984 0.0000 112.5333 77.5984 0.0000 113.5381 77.5984 0.0000
114.5428 77.5984 0.0000 115.5476 77.5984 0.0000 116.5524 77.5984 0.0000
117.5571 77.5984 0.0000 118.5619 77.5984 0.0000 119.5666 77.5984 0.0000
0.0000 78.6062 0.0000 1.0048 78.6062 0.0000 2.0095 78.6062 0.0000
3.0143 78.6062 0.0000 4.0190 78.6062 0.0000 5.0238 78.6062 0.0000
6.0286 78.6062 0.0000 7.0333 78.6062 0.0000 8.0381 78.6062 0.0000
9.0429 78.6062 0.0000 10.0476 78.6062 0.0000 11.0524 78.6062 0.0000
12.0571 78.6062 0.0000 13.0619 78.6062 0.0000 14.0667 78.6062 0.0000
15.0714 78.6062 0.0000 16.0762 78.6062 0.0000 17.0809 78.6062 0.0000
18.0857 78.6062 0.0000 19.0905 78.6062 0.0000 20.0952 78.6062 0.0000
21.1000 78.6062 0.0000 22.1048 78.6062 0.0000 23.1095 78.6062 0.0000
24.1143 78.6062 0.0000 25.1190 78.6062 0.0000 26.1238 78.6062 0.0000
27.1286 78.6062 0.0000 28.1333 78.6062 0.0000 29.1381 78.6062 0.0000
30.1429 78.6062 0.0000 31.1476 78.6062 0.0000 32.1524 78.6062 0.0000
33.1571 78.6062 0.0000 34.1619 78.6062 0.0000 35.1667 78.6062 0.0000
36.1714 78.6062 0.0000 37.1762 78.6062 0.0000 38.1809 78.6062 0.0000
39.1857 78.6062 0.0000 40.1905 78.6062 0.0000 41.1952 78.6062 0.0000
42.2000 78.6062 0.0000 43.2048 78.6062 0.0000 44.2095 78.6062 0.0000
45.2143 78.6062 0.0000 46.2190 78.6062 0.0000 47.2238 78.6062 0.0000
48.2286 78.6062 0.0000 49.2333 78.6062 0.0000 50.2381 78.6062 0.0000
51.2428 78.6062 0.0000 52.2476 78.6062 0.0000 53.2524 78.6062 0.0000
54.2571 78.6062 0.0000 55.2619 78.6062 0.0000 56.2667 78.6062 0.0000
57.2714 78.6062 0.0000 58.2762 78.6062 0.0000 59.2809 78.6062 0.0000
60.2857 78.6062 0.0000 61.2905 78.6062 0.0000 62.2952 78.6062 0.0000
63.3000 78.6062 0.0000 64.3048 78.6062 0.0000 65.3095 78.6062 0.0000
66.3143 78.6062 0.0000 67.3190 78.6062 0.0000 68.3238 78.6062 0.0000
69.3286 78.6062 0.0000 70.3333 78.6062 0.0000 71.3381 78.6062 0.0000
72.3428 78.6062 0.0000 73.3476 78.6062 0.0000 74.3524 78.6062 0.0000
75.3571 78.6062 0.0000 76.3619 78.6062 0.0000 77.3667 78.6062 0.0000
78.3714 78.6062 0.0000 79.3762 78.6062 0.0000 80.3809 78.6062 0.0000
81.3857 78.6062 0.0000 82.3905 78.6062 0.0000 83.3952 78.6062 0.0000
84.4000 78.6062 0.0000 85.4047 78.6062 0.0000 86.4095 78.6062 0.0000
87.4143 78.6062 0.0000 88.4190 78.6062 0.0000 89.4238 78.6062 0.0000
90.4286 78.6062 0.0000 91.4333 78.6062 0.0000 92.4381 78.6062 0.0000
93.4428 78.6062 0.0000 94.4476 78.6062 0.0000 95.4524 78.6062 0.0000
96.4571 78.6062 0.0000 97.4619 78.6062 0.0000 98.4667 78.6062 0.0000
99.4714 78.6062 0.0000 100.4762 78.6062 0.0000 101.4809 78.6062 0.0000
102.4857 78.6062 0.0000 103.4905 78.6062 0.0000 104.4952 78.6062 0.0000
105.5000 78.6062 0.0000 106.5047 78.6062 0.0000 107.5095 78.6062 0.0000
108.5143 78.6062 0.0000 109.5190 78.6062 0.0000 110.5238 78.6062 0.0000
111.5286 78.6062 0.0000 112.5333 78.6062 0.0000 113.5381 78.6062 0.0000
114.5428 78.6062 0.0000 115.5476 78.6062 0.0000 116.5524 78.6062 0.0000
117.5571 78.6062 0.0000 118.5619 78.6062 0.0000 119.5666 78.6062 0.0000
0.0000 79.6140 0.0000 1.0048 79.6140 0.0000 2.0095 79.6140 0.0000
3.0143 79.6140 0.0000 4.0190 79.6140 0.0000 5.0238 79.6140 0.0000
6.0286 79.6140 0.0000 7.0333 79.6140 0.0000 8.0381 79.6140 0.0000
9.0429 79.6140 0.0000 10.0476 79.6140 0.0000 11.0524 79.6140 0.0000
12.0571 79.6140 0.0000 13.0619 79.6140 0.0000 14.0667 79.6140 0.0000
15.0714 79.6140 0.0000 16.0762 79.6140 0.0000 17.0809 79.6140 0.0000
18.0857 79.6140 0.0000 19.0905 79.6140 0.0000 20.0952 79.6140 0.0000
21.1000 79.6140 0.0000 22.1048 79.6140 0.0000 23.1095 79.6140 0.0000
24.1143 79.6140 0.0000 25.1190 79.6140 0.0000 26.1238 79.6140 0.0000
27.1286 79.6140 0.0000 28.1333 79.6140 0.0000 29.1381 79.6140 0.0000
30.1429 79.6140 0.0000 31.1476 79.6140 0.0000 32.1524 79.6140 0.0000
33.1571 79.6140 0.0000 34.1619 79.6140 0.0000 35.1667 79.6140 0.0000
36.1714 79.6140 0.0000 37.1762 79.6140 0.0000 38.1809 79.6140 0.0000
39.1857 79.6140 0.0000 40.1905 79.6140 0.0000 41.1952 79.6140 0.0000
42.2000 79.6140 0.0000 43.2048 79.6140 0.0000 44.2095 79.6140 0.0000
45.2143 79.6140 0.0000 46.2190 79.6140 0.0000 47.2238 79.6140 0.0000
48.2286 79.6140 0.0000 49.2333 79.6140 0.0000 50.2381 79.6140 0.0000
51.2428 79.6140 0.0000 52.2476 79.6140 0.0000 53.2524 79.6140 0.0000
54.2571 79.6140 0.0000 55.2619 79.6140 0.0000 56.2667 79.6140 0.0000
57.2714 79.6140 0.0000 58.2762 79.6140 0.0000 59.2809 79.6140 0.0000
60.2857 79.6140 0.0000 61.2905 79.6140 0.0000 62.2952 79.6140 0.0000
63.3000 79.6140 0.0000 64.3048 79.6140 0.0000 65.3095 79.6140 0.0000
66.3143 79.6140 0.0000 67.3190 79.6140 0.0000 68.3238 79.6140 0.0000
69.3286 79.6140 0.0000 70.3333 79.6140 0.0000 71.3381 79.6140 0.0000
72.3428 79.6140 0.0000 73.3476 79.6140 0.0000 74.3524 79.6140 0.0000
75.3571 79.6140 0.0000 76.3619 79.6140 0.0000 77.3667 79.6140 0.0000
78.3714 79.6140 0.0000 79.3762 79.6140 0.0000 80.3809 79.6140 0.0000
81.3857 79.6140 0.0000 82.3905 79.6140 0.0000 83.3952 79.6140 0.0000
84.4000 79.6140 0.0000 85.4047 79.6140 0.0000 86.4095 79.6140 0.0000
87.4143 79.6140 0.0000 88.4190 79.6140 0.0000 89.4238 79.6140 0.0000
90.4286 79.6140 0.0000 91.4333 79.6140 0.0000 92.4381 79.6140 0.0000
93.4428 79.6140 0.0000 94.4476 79.6140 0.0000 95.4524 79.6140 0.0000
96.4571 79.6140 0.0000 97.4619 79.6140 0.0000 98.4667 79.6140 0.0000
99.4714 79.6140 0.0000 100.4762 79.6140 0.0000 101.4809 79.6140 0.0000
102.4857 79.6140 0.0000 103.4905 79.6140 0.0000 104.4952 79.6140 0.0000
105.5000 79.6140 0.0000 106.5047 79.6140 0.0000 107.5095 79.6140 0.0000
108.5143 79.6140 0.0000 109.5190 79.6140 0.0000 110.5238 79.6140 0.0000
111.5286 79.6140 0.0000 112.5333 79.6140 0.0000 113.5381 79.6140 0.0000
114.5428 79.6140 0.0000 115.5476 79.6140 0.0000 116.5524 79.6140 0.0000
117.5571 79.6140 0.0000 118.5619 79.6140 0.0000 119.5666 79.6140 0.0000
0.0000 80.6217 0.0000 1.0048 80.6217 0.0000 2.0095 80.6217 0.0000
3.0143 80.6217 0.0000 4.0190 80.6217 0.0000 5.0238 80.6217 0.0000
6.0286 80.6217 0.0000 7.0333 80.6217 0.0000 8.0381 80.6217 0.0000
9.0429 80.6217 0.0000 10.0476 80.6217 0.0000 11.0524 80.6217 0.0000
12.0571 80.6217 0.0000 13.0619 80.6217 0.0000 14.0667 80.6217 0.0000
15.0714 80.6217 0.0000 16.0762 80.6217 0.0000 17.0809 80.6217 0.0000
18.0857 80.6217 0.0000 19.0905 80.6217 0.0000 20.0952 80.6217 0.0000
21.1000 80.6217 0.0000 22.1048 80.6217 0.0000 23.1095 80.6217 0.0000
24.1143 80.6217 0.0000 25.1190 80.6217 0.0000 26.1238 80.6217 0.0000
27.1286 80.6217 0.0000 28.1333 80.6217 0.0000 29.1381 80.6217 0.0000
30.1429 80.6217 0.0000 31.1476 80.6217 0.0000 32.1524 80.6217 0.0000
33.1571 80.6217 0.0000 34.1619 80.6217 0.0000 35.1667 80.6217 0.0000
36.1714 80.6217 0.0000 37.1762 80.6217 0.0000 38.1809 80.6217 0.0000
39.1857 80.6217 0.0000 40.1905 80.6217 0.0000 41.1952 80.6217 0.0000
42.2000 80.6217 0.0000 43.2048 80.6217 0.0000 44.2095 80.6217 0.0000
45.2143 80.6217 0.0000 46.2190 80.6217 0.0000 47.2238 80.6217 0.0000
48.2286 80.6217 0.0000 49.2333 80.6217 0.0000 50.2381 80.6217 0.0000
51.2428 80.6217 0.0000 52.2476 80.6217 0.0000 53.2524 80.6217 0.0000
54.2571 80.6217 0.0000 55.2619 80.6217 0.0000 56.2667 80.6217 0.0000
57.2714 80.6217 0.0000 58.2762 80.6217 0.0000 59.2809 80.6217 0.0000
60.2857 80.6217 0.0000 61.2905 80.6217 0.0000 62.2952 80.6217 0.0000
63.3000 80.6217 0.0000 64.3048 80.6217 0.0000 65.3095 80.6217 0.0000
66.3143 80.6217 0.0000 67.3190 80.6217 0.0000 68.3238 80.6217 0.0000
69.3286 80.6217 0.0000 70.3333 80.6217 0.0000 71.3381 80.6217 0.0000
72.3428 80.6217 0.0000 73.3476 80.6217 0.0000 74.3524 80.6217 0.0000
75.3571 80.6217 0.0000 76.3619 80.6217 0.0000 77.3667 80.6217 0.0000
78.3714 80.6217 0.0000 79.3762 80.6217 0.0000 80.3809 80.6217 0.0000
81.3857 80.6217 0.0000 82.3905 80.6217 0.0000 83.3952 80.6217 0.0000
84.4000 80.6217 0.0000 85.4047 80.6217 0.0000 86.4095 80.6217 0.0000
87.4143 80.6217 0.0000 88.4190 80.6217 0.0000 89.4238 80.6217 0.0000
90.4286 80.6217 0.0000 91.4333 80.6217 0.0000 92.4381 80.6217 0.0000
93.4428 80.6217 0.0000 94.4476 80.6217 0.0000 95.4524 80.6217 0.0000
96.4571 80.6217 0.0000 97.4619 80.6217 0.0000 98.4667 80.6217 0.0000
99.4714 80.6217 0.0000 100.4762 80.6217 0.0000 101.4809 80.6217 0.0000
102.4857 80.6217 0.0000 103.4905 80.6217 0.0000 104.4952 80.6217 0.0000
105.5000 80.6217 0.0000 106.5047 80.6217 0.0000 107.5095 80.6217 0.0000
108.5143 80.6217 0.0000 109.5190 80.6217 0.0000 110.5238 80.6217 0.0000
111.5286 80.6217 0.0000 112.5333 80.6217 0.0000 113.5381 80.6217 0.0000
114.5428 80.6217 0.0000 115.5476 80.6217 0.0000 116.5524 80.6217 0.0000
117.5571 80.6217 0.0000 118.5619 80.6217 0.0000 119.5666 80.6217 0.0000
0.0000 81.6295 0.0000 1.0048 81.6295 0.0000 2.0095 81.6295 0.0000
3.0143 81.6295 0.0000 4.0190 81.6295 0.0000 5.0238 81.6295 0.0000
6.0286 81.6295 0.0000 7.0333 81.6295 0.0000 8.0381 81.6295 0.0000
9.0429 81.6295 0.0000 10.0476 81.6295 0.0000 11.0524 81.6295 0.0000
12.0571 81.6295 0.0000 13.0619 81.6295 0.0000 14.0667 81.6295 0.0000
15.0714 81.6295 0.0000 16.0762 81.6295 0.0000 17.0809 81.6295 0.0000
18.0857 81.6295 0.0000 19.0905 81.6295 0.0000 20.0952 81.6295 0.0000
21.1000 81.6295 0.0000 22.1048 81.6295 0.0000 23.1095 81.6295 0.0000
24.1143 81.6295 0.0000 25.1190 81.6295 0.0000 26.1238 81.6295 0.0000
27.1286 81.6295 0.0000 28.1333 81.6295 0.0000 29.1381 81.6295 0.0000
30.1429 81.6295 0.0000 31.1476 81.6295 0.0000 32.1524 81.6295 0.0000
33.1571 81.6295 0.0000 34.1619 81.6295 0.0000 35.1667 81.6295 0.0000
36.1714 81.6295 0.0000 37.1762 81.6295 0.0000 38.1809 81.6295 0.0000
39.1857 81.6295 0.0000 40.1905 81.6295 0.0000 41.1952 81.6295 0.0000
42.2000 81.6295 0.0000 43.2048 81.6295 0.0000 44.2095 81.6295 0.0000
45.2143 81.6295 0.0000 46.2190 81.6295 0.0000 47.2238 81.6295 0.0000
48.2286 81.6295 0.0000 49.2333 81.6295 0.0000 50.2381 81.6295 0.0000
51.2428 81.6295 0.0000 52.2476 81.6295 0.0000 53.2524 81.6295 0.0000
54.2571 81.6295 0.0000 55.2619 81.6295 0.0000 56.2667 81.6295 0.0000
57.2714 81.6295 0.0000 58.2762 81.6295 0.0000 59.2809 81.6295 0.0000
60.2857 81.6295 0.0000 61.2905 81.6295 0.0000 62.2952 81.6295 0.0000
63.3000 81.6295 0.0000 64.3048 81.6295 0.0000 65.3095 81.6295 0.0000
66.3143 81.6295 0.0000 67.3190 81.6295 0.0000 68.3238 81.6295 0.0000
69.3286 81.6295 0.0000 70.3333 81.6295 0.0000 71.3381 81.6295 0.0000
72.3428 81.6295 0.0000 73.3476 81.6295 0.0000 74.3524 81.6295 0.0000
75.3571 81.6295 0.0000 76.3619 81.6295 0.0000 77.3667 81.6295 0.0000
78.3714 81.6295 0.0000 79.3762 81.6295 0.0000 80.3809 81.6295 0.0000
81.3857 81.6295 0.0000 82.3905 81.6295 0.0000 83.3952 81.6295 0.0000
84.4000 81.6295 0.0000 85.4047 81.6295 0.0000 86.4095 81.6295 0.0000
87.4143 81.6295 0.0000 88.4190 81.6295 0.0000 89.4238 81.6295 0.0000
90.4286 81.6295 0.0000 91.4333 81.6295 0.0000 92.4381 81.6295 0.0000
93.4428 81.6295 0.0000 94.4476 81.6295 0.0000 95.4524 81.6295 0.0000
96.4571 81.6295 0.0000 97.4619 81.6295 0.0000 98.4667 81.6295 0.0000
99.4714 81.6295 0.0000 100.4762 81.6295 0.0000 101.4809 81.6295 0.0000
102.4857 81.6295 0.0000 103.4905 81.6295 0.0000 104.4952 81.6295 0.0000
105.5000 81.6295 0.0000 106.5047 81.6295 0.0000 107.5095 81.6295 0.0000
108.5143 81.6295 0.0000 109.5190 81.6295 0.0000 110.5238 81.6295 0.0000
111.5286 81.6295 0.0000 112.5333 81.6295 0.0000 113.5381 81.6295 0.0000
114.5428 81.6295 0.0000 115.5476 81.6295 0.0000 116.5524 81.6295 0.0000
117.5571 81.6295 0.0000 118.5619 81.6295 0.0000 119.5666 81.6295 0.0000
0.0000 82.6373 0.0000 1.0048 82.6373 0.0000 2.0095 82.6373 0.0000
3.0143 82.6373 0.0000 4.0190 82.6373 0.0000 5.0238 82.6373 0.0000
6.0286 82.6373 0.0000 7.0333 82.6373 0.0000 8.0381 82.6373 0.0000
9.0429 82.6373 0.0000 10.0476 82.6373 0.0000 11.0524 82.6373 0.0000
12.0571 82.6373 0.0000 13.0619 82.6373 0.0000 14.0667 82.6373 0.0000
15.0714 82.6373 0.0000 16.0762 82.6373 0.0000 17.0809 82.6373 0.0000
18.0857 82.6373 0.0000 19.0905 82.6373 0.0000 20.0952 82.6373 0.0000
21.1000 82.6373 0.0000 22.1048 82.6373 0.0000 23.1095 82.6373 0.0000
24.1143 82.6373 0.0000 25.1190 82.6373 0.0000 26.1238 82.6373 0.0000
27.1286 82.6373 0.0000 28.1333 82.6373 0.0000 29.1381 82.6373 0.0000
30.1429 82.6373 0.0000 31.1476 82.6373 0.0000 32.1524 82.6373 0.0000
33.1571 82.6373 0.0000 34.1619 82.6373 0.0000 35.1667 82.6373 0.0000
36.1714 82.6373 0.0000 37.1762 82.6373 0.0000 38.1809 82.6373 0.0000
39.1857 82.6373 0.0000 40.1905 82.6373 0.0000 41.1952 82.6373 0.0000
42.2000 82.6373 0.0000 43.2048 82.6373 0.0000 44.2095 82.6373 0.0000
45.2143 82.6373 0.0000 46.2190 82.6373 0.0000 47.2238 82.6373 0.0000
48.2286 82.6373 0.0000 49.2333 82.6373 0.0000 50.2381 82.6373 0.0000
51.2428 82.6373 0.0000 52.2476 82.6373 0.0000 53.2524 82.6373 0.0000
54.2571 82.6373 0.0000 55.2619 82.6373 0.0000 56.2667 82.6373 0.0000
57.2714 82.6373 0.0000 58.2762 82.6373 0.0000 59.2809 82.6373 0.0000
60.2857 82.6373 0.0000 61.2905 82.6373 0.0000 62.2952 82.6373 0.0000
63.3000 82.6373 0.0000 64.3048 82.6373 0.0000 65.3095 82.6373 0.0000
66.3143 82.6373 0.0000 67.3190 82.6373 0.0000 68.3238 82.6373 0.0000
69.3286 82.6373 0.0000 70.3333 82.6373 0.0000 71.3381 82.6373 0.0000
72.3428 82.6373 0.0000 73.3476 82.6373 0.0000 74.3524 82.6373 0.0000
75.3571 82.6373 0.0000 76.3619 82.6373 0.0000 77.3667 82.6373 0.0000
78.3714 82.6373 0.0000 79.3762 82.6373 0.0000 80.3809 82.6373 0.0000
81.3857 82.6373 0.0000 82.3905 82.6373 0.0000 83.3952 82.6373 0.0000
84.4000 82.6373 0.0000 85.4047 82.6373 0.0000 86.4095 82.6373 0.0000
87.4143 82.6373 0.0000 88.4190 82.6373 0.0000 89.4238 82.6373 0.0000
90.4286 82.6373 0.0000 91.4333 82.6373 0.0000 92.4381 82.6373 0.0000
93.4428 82.6373 0.0000 94.4476 82.6373 0.0000 95.4524 82.6373 0.0000
96.4571 82.6373 0.0000 97.4619 82.6373 0.0000 98.4667 82.6373 0.0000
99.4714 82.6373 0.0000 100.4762 82.6373 0.0000 101.4809 82.6373 0.0000
102.4857 82.6373 0.0000 103.4905 82.6373 0.0000 104.4952 82.6373 0.0000
105.5000 82.6373 0.0000 106.5047 82.6373 0.0000 107.5095 82.6373 0.0000
108.5143 82.6373 0.0000 109.5190 82.6373 0.0000 110.5238 82.6373 0.0000
111.5286 82.6373 0.0000 112.5333 82.6373 0.0000 113.5381 82.6373 0.0000
114.5428 82.6373 0.0000 115.5476 82.6373 0.0000 116.5524 82.6373 0.0000
117.5571 82.6373 0.0000 118.5619 82.6373 0.0000 119.5666 82.6373 0.0000
0.0000 83.6450 0.0000 1.0048 83.6450 0.0000 2.0095 83.6450 0.0000
3.0143 83.6450 0.0000 4.0190 83.6450 0.0000 5.0238 83.6450 0.0000
6.0286 83.6450 0.0000 7.0333 83.6450 0.0000 8.0381 83.6450 0.0000
9.0429 83.6450 0.0000 10.0476 83.6450 0.0000 11.0524 83.6450 0.0000
12.0571 83.6450 0.0000 13.0619 83.6450 0.0000 14.0667 83.6450 0.0000
15.0714 83.6450 0.0000 16.0762 83.6450 0.0000 17.0809 83.6450 0.0000
18.0857 83.6450 0.0000 19.0905 83.6450 0.0000 20.0952 83.6450 0.0000
21.1000 83.6450 0.0000 22.1048 83.6450 0.0000 23.1095 83.6450 0.0000
24.1143 83.6450 0.0000 25.1190 83.6450 0.0000 26.1238 83.6450 0.0000
27.1286 83.6450 0.0000 28.1333 83.6450 0.0000 29.1381 83.6450 0.0000
30.1429 83.6450 0.0000 31.1476 83.6450 0.0000 32.1524 83.6450 0.0000
33.1571 83.6450 0.0000 34.1619 83.6450 0.0000 35.1667 83.6450 0.0000
36.1714 83.6450 0.0000 37.1762 83.6450 0.0000 38.1809 83.6450 0.0000
39.1857 83.6450 0.0000 40.1905 83.6450 0.0000 41.1952 83.6450 0.0000
42.2000 83.6450 0.0000 43.2048 83.6450 0.0000 44.2095 83.6450 0.0000
45.2143 83.6450 0.0000 46.2190 83.6450 0.0000 47.2238 83.6450 0.0000
48.2286 83.6450 0.0000 49.2333 83.6450 0.0000 50.2381 83.6450 0.0000
51.2428 83.6450 0.0000 52.2476 83.6450 0.0000 53.2524 83.6450 0.0000
54.2571 83.6450 0.0000 55.2619 83.6450 0.0000 56.2667 83.6450 0.0000
57.2714 83.6450 0.0000 58.2762 83.6450 0.0000 59.2809 83.6450 0.0000
60.2857 83.6450 0.0000 61.2905 83.6450 0.0000 62.2952 83.6450 0.0000
63.3000 83.6450 0.0000 64.3048 83.6450 0.0000 65.3095 83.6450 0.0000
66.3143 83.6450 0.0000 67.3190 83.6450 0.0000 68.3238 83.6450 0.0000
69.3286 83.6450 0.0000 70.3333 83.6450 0.0000 71.3381 83.6450 0.0000
72.3428 83.6450 0.0000 73.3476 83.6450 0.0000 74.3524 83.6450 0.0000
75.3571 83.6450 0.0000 76.3619 83.6450 0.0000 77.3667 83.6450 0.0000
78.3714 83.6450 0.0000 79.3762 83.6450 0.0000 80.3809 83.6450 0.0000
81.3857 83.6450 0.0000 82.3905 83.6450 0.0000 83.3952 83.6450 0.0000
84.4000 83.6450 0.0000 85.4047 83.6450 0.0000 86.4095 83.6450 0.0000
87.4143 83.6450 0.0000 88.4190 83.6450 0.0000 89.4238 83.6450 0.0000
90.4286 83.6450 0.0000 91.4333 83.6450 0.0000 92.4381 83.6450 0.0000
93.4428 83.6450 0.0000 94.4476 83.6450 0.0000 95.4524 83.6450 0.0000
96.4571 83.6450 0.0000 97.4619 83.6450 0.0000 98.4667 83.6450 0.0000
99.4714 83.6450 0.0000 100.4762 83.6450 0.0000 101.4809 83.6450 0.0000
102.4857 83.6450 0.0000 103.4905 83.6450 0.0000 104.4952 83.6450 0.0000
105.5000 83.6450 0.0000 106.5047 83.6450 0.0000 107.5095 83.6450 0.0000
108.5143 83.6450 0.0000 109.5190 83.6450 0.0000 110.5238 83.6450 0.0000
111.5286 83.6450 0.0000 112.5333 83.6450 0.0000 113.5381 83.6450 0.0000
114.5428 83.6450 0.0000 115.5476 83.6450 0.0000 116.5524 83.6450 0.0000
117.5571 83.6450 0.0000 118.5619 83.6450 0.0000 119.5666 83.6450 0.0000
0.0000 84.6528 0.0000 1.0048 84.6528 0.0000 2.0095 84.6528 0.0000
3.0143 84.6528 0.0000 4.0190 84.6528 0.0000 5.0238 84.6528 0.0000
6.0286 84.6528 0.0000 7.0333 84.6528 0.0000 8.0381 84.6528 0.0000
9.0429 84.6528 0.0000 10.0476 84.6528 0.0000 11.0524 84.6528 0.0000
12.0571 84.6528 0.0000 13.0619 84.6528 0.0000 14.0667 84.6528 0.0000
15.0714 84.6528 0.0000 16.0762 84.6528 0.0000 17.0809 84.6528 0.0000
18.0857 84.6528 0.0000 19.0905 84.6528 0.0000 20.0952 84.6528 0.0000
21.1000 84.6528 0.0000 22.1048 84.6528 0.0000 23.1095 84.6528 0.0000
24.1143 84.6528 0.0000 25.1190 84.6528 0.0000 26.1238 84.6528 0.0000
27.1286 84.6528 0.0000 28.1333 84.6528 0.0000 29.1381 84.6528 0.0000
30.1429 84.6528 0.0000 31.1476 84.6528 0.0000 32.1524 84.6528 0.0000
33.1571 84.6528 0.0000 34.1619 84.6528 0.0000 35.1667 84.6528 0.0000
36.1714 84.6528 0.0000 37.1762 84.6528 0.0000 38.1809 84.6528 0.0000
39.1857 84.6528 0.0000 40.1905 84.6528 0.0000 41.1952 84.6528 0.0000
42.2000 84.6528 0.0000 43.2048 84.6528 0.0000 44.2095 84.6528 0.0000
45.2143 84.6528 0.0000 46.2190 84.6528 0.0000 47.2238 84.6528 0.0000
48.2286 84.6528 0.0000 49.2333 84.6528 0.0000 50.2381 84.6528 0.0000
51.2428 84.6528 0.0000 52.2476 84.6528 0.0000 53.2524 84.6528 0.0000
54.2571 84.6528 0.0000 55.2619 84.6528 0.0000 56.2667 84.6528 0.0000
57.2714 84.6528 0.0000 58.2762 84.6528 0.0000 59.2809 84.6528 0.0000
60.2857 84.6528 0.0000 61.2905 84.6528 0.0000 62.2952 84.6528 0.0000
63.3000 84.6528 0.0000 64.3048 84.6528 0.0000 65.3095 84.6528 0.0000
66.3143 84.6528 0.0000 67.3190 84.6528 0.0000 68.3238 84.6528 0.0000
69.3286 84.6528 0.0000 70.3333 84.6528 0.0000 71.3381 84.6528 0.0000
72.3428 84.6528 0.0000 73.3476 84.6528 0.0000 74.3524 84.6528 0.0000
75.3571 84.6528 0.0000 76.3619 84.6528 0.0000 77.3667 84.6528 0.0000
78.3714 84.6528 0.0000 79.3762 84.6528 0.0000 80.3809 84.6528 0.0000
81.3857 84.6528 0.0000 82.3905 84.6528 0.0000 83.3952 84.6528 0.0000
84.4000 84.6528 0.0000 85.4047 84.6528 0.0000 86.4095 84.6528 0.0000
87.4143 84.6528 0.0000 88.4190 84.6528 0.0000 89.4238 84.6528 0.0000
90.4286 84.6528 0.0000 91.4333 84.6528 0.0000 92.4381 84.6528 0.0000
93.4428 84.6528 0.0000 94.4476 84.6528 0.0000 95.4524 84.6528 0.0000
96.4571 84.6528 0.0000 97.4619 84.6528 0.0000 98.4667 84.6528 0.0000
99.4714 84.6528 0.0000 100.4762 84.6528 0.0000 101.4809 84.6528 0.0000
102.4857 84.6528 0.0000 103.4905 84.6528 0.0000 104.4952 84.6528 0.0000
105.5000 84.6528 0.0000 106.5047 84.6528 0.0000 107.5095 84.6528 0.0000
108.5143 84.6528 0.0000 109.5190 84.6528 0.0000 110.5238 84.6528 0.0000
111.5286 84.6528 0.0000 112.5333 84.6528 0.0000 113.5381 84.6528 0.0000
114.5428 84.6528 0.0000 115.5476 84.6528 0.0000 116.5524 84.6528 0.0000
117.5571 84.6528 0.0000 118.5619 84.6528 0.0000 119.5666 84.6528 0.0000
0.0000 85.6606 0.0000 1.0048 85.6606 0.0000 2.0095 85.6606 0.0000
3.0143 85.6606 0.0000 4.0190 85.6606 0.0000 5.0238 85.6606 0.0000
6.0286 85.6606 0.0000 7.0333 85.6606 0.0000 8.0381 85.6606 0.0000
9.0429 85.6606 0.0000 10.0476 85.6606 0.0000 11.0524 85.6606 0.0000
12.0571 85.6606 0.0000 13.0619 85.6606 0.0000 14.0667 85.6606 0.0000
15.0714 85.6606 0.0000 16.0762 85.6606 0.0000 17.0809 85.6606 0.0000
18.0857 85.6606 0.0000 19.0905 85.6606 0.0000 20.0952 85.6606 0.0000
21.1000 85.6606 0.0000 22.1048 85.6606 0.0000 23.1095 85.6606 0.0000
24.1143 85.6606 0.0000 25.1190 85.6606 0.0000 26.1238 85.6606 0.0000
27.1286 85.6606 0.0000 28.1333 85.6606 0.0000 29.1381 85.6606 0.0000
30.1429 85.6606 0.0000 31.1476 85.6606 0.0000 32.1524 85.6606 0.0000
33.1571 85.6606 0.0000 34.1619 85.6606 0.0000 35.1667 85.6606 0.0000
36.1714 85.6606 0.0000 37.1762 85.6606 0.0000 38.1809 85.6606 0.0000
39.1857 85.6606 0.0000 40.1905 85.6606 0.0000 41.1952 85.6606 0.0000
42.2000 85.6606 0.0000 43.2048 85.6606 0.0000 44.2095 85.6606 0.0000
45.2143 85.6606 0.0000 46.2190 85.6606 0.0000 47.2238 85.6606 0.0000
48.2286 85.6606 0.0000 49.2333 85.6606 0.0000 50.2381 85.6606 0.0000
51.2428 85.6606 0.0000 52.2476 85.6606 0.0000 53.2524 85.6606 0.0000
54.2571 85.6606 0.0000 55.2619 85.6606 0.0000 56.2667 85.6606 0.0000
57.2714 85.6606 0.0000 58.2762 85.6606 0.0000 59.2809 85.6606 0.0000
60.2857 85.6606 0.0000 61.2905 85.6606 0.0000 62.2952 85.6606 0.0000
63.3000 85.6606 0.0000 64.3048 85.6606 0.0000 65.3095 85.6606 0.0000
66.3143 85.6606 0.0000 67.3190 85.6606 0.0000 68.3238 85.6606 0.0000
69.3286 85.6606 0.0000 70.3333 85.6606 0.0000 71.3381 85.6606 0.0000
72.3428 85.6606 0.0000 73.3476 85.6606 0.0000 74.3524 85.6606 0.0000
75.3571 85.6606 0.0000 76.3619 85.6606 0.0000 77.3667 85.6606 0.0000
78.3714 85.6606 0.0000 79.3762 85.6606 0.0000 80.3809 85.6606 0.0000
81.3857 85.6606 0.0000 82.3905 85.6606 0.0000 83.3952 85.6606 0.0000
84.4000 85.6606 0.0000 85.4047 85.6606 0.0000 86.4095 85.6606 0.0000
87.4143 85.6606 0.0000 88.4190 85.6606 0.0000 89.4238 85.6606 0.0000
90.4286 85.6606 0.0000 91.4333 85.6606 0.0000 92.4381 85.6606 0.0000
93.4428 85.6606 0.0000 94.4476 85.6606 0.0000 95.4524 85.6606 0.0000
96.4571 85.6606 0.0000 97.4619 85.6606 0.0000 98.4667 85.6606 0.0000
99.4714 85.6606 0.0000 100.4762 85.6606 0.0000 101.4809 85.6606 0.0000
102.4857 85.6606 0.0000 103.4905 85.6606 0.0000 104.4952 85.6606 0.0000
105.5000 85.6606 0.0000 106.5047 85.6606 0.0000 107.5095 85.6606 0.0000
108.5143 85.6606 0.0000 109.5190 85.6606 0.0000 110.5238 85.6606 0.0000
111.5286 85.6606 0.0000 112.5333 85.6606 0.0000 113.5381 85.6606 0.0000
114.5428 85.6606 0.0000 115.5476 85.6606 0.0000 116.5524 85.6606 0.0000
117.5571 85.6606 0.0000 118.5619 85.6606 0.0000 119.5666 85.6606 0.0000
0.0000 86.6684 0.0000 1.0048 86.6684 0.0000 2.0095 86.6684 0.0000
3.0143 86.6684 0.0000 4.0190 86.6684 0.0000 5.0238 86.6684 0.0000
6.0286 86.6684 0.0000 7.0333 86.6684 0.0000 8.0381 86.6684 0.0000
9.0429 86.6684 0.0000 10.0476 86.6684 0.0000 11.0524 86.6684 0.0000
12.0571 86.6684 0.0000 13.0619 86.6684 0.0000 14.0667 86.6684 0.0000
15.0714 86.6684 0.0000 16.0762 86.6684 0.0000 17.0809 86.6684 0.0000
18.0857 86.6684 0.0000 19.0905 86.6684 0.0000 20.0952 86.6684 0.0000
21.1000 86.6684 0.0000 22.1048 86.6684 0.0000 23.1095 86.6684 0.0000
24.1143 86.6684 0.0000 25.1190 86.6684 0.0000 26.1238 86.6684 0.0000
27.1286 86.6684 0.0000 28.1333 86.6684 0.0000 29.1381 86.6684 0.0000
30.1429 86.6684 0.0000 31.1476 86.6684 0.0000 32.1524 86.6684 0.0000
33.1571 86.6684 0.0000 34.1619 86.6684 0.0000 35.1667 86.6684 0.0000
36.1714 86.6684 0.0000 37.1762 86.6684 0.0000 38.1809 86.6684 0.0000
39.1857 86.6684 0.0000 40.1905 86.6684 0.0000 41.1952 86.6684 0.0000
42.2000 86.6684 0.0000 43.2048 86.6684 0.0000 44.2095 86.6684 0.0000
45.2143 86.6684 0.0000 46.2190 86.6684 0.0000 47.2238 86.6684 0.0000
48.2286 86.6684 0.0000 49.2333 86.6684 0.0000 50.2381 86.6684 0.0000
51.2428 86.6684 0.0000 52.2476 86.6684 0.0000 53.2524 86.6684 0.0000
54.2571 86.6684 0.0000 55.2619 86.6684 0.0000 56.2667 86.6684 0.0000
57.2714 86.6684 0.0000 58.2762 86.6684 0.0000 59.2809 86.6684 0.0000
60.2857 86.6684 0.0000 61.2905 86.6684 0.0000 62.2952 86.6684 0.0000
63.3000 86.6684 0.0000 64.3048 86.6684 0.0000 65.3095 86.6684 0.0000
66.3143 86.6684 0.0000 67.3190 86.6684 0.0000 68.3238 86.6684 0.0000
69.3286 86.6684 0.0000 70.3333 86.6684 0.0000 71.3381 86.6684 0.0000
72.3428 86.6684 0.0000 73.3476 86.6684 0.0000 74.3524 86.6684 0.0000
75.3571 86.6684 0.0000 76.3619 86.6684 0.0000 77.3667 86.6684 0.0000
78.3714 86.6684 0.0000 79.3762 86.6684 0.0000 80.3809 86.6684 0.0000
81.3857 86.6684 0.0000 82.3905 86.6684 0.0000 83.3952 86.6684 0.0000
84.4000 86.6684 0.0000 85.4047 86.6684 0.0000 86.4095 86.6684 0.0000
87.4143 86.6684 0.0000 88.4190 86.6684 0.0000 89.4238 86.6684 0.0000
90.4286 86.6684 0.0000 91.4333 86.6684 0.0000 92.4381 86.6684 0.0000
93.4428 86.6684 0.0000 94.4476 86.6684 0.0000 95.4524 86.6684 0.0000
96.4571 86.6684 0.0000 97.4619 86.6684 0.0000 98.4667 86.6684 0.0000
99.4714 86.6684 0.0000 100.4762 86.6684 0.0000 101.4809 86.6684 0.0000
102.4857 86.6684 0.0000 103.4905 86.6684 0.0000 104.4952 86.6684 0.0000
105.5000 86.6684 0.0000 106.5047 86.6684 0.0000 107.5095 86.6684 0.0000
108.5143 86.6684 0.0000 109.5190 86.6684 0.0000 110.5238 86.6684 0.0000
111.5286 86.6684 0.0000 112.5333 86.6684 0.0000 113.5381 86.6684 0.0000
114.5428 86.6684 0.0000 115.5476 86.6684 0.0000 116.5524 86.6684 0.0000
117.5571 86.6684 0.0000 118.5619 86.6684 0.0000 119.5666 86.6684 0.0000
0.0000 87.6761 0.0000 1.0048 87.6761 0.0000 2.0095 87.6761 0.0000
3.0143 87.6761 0.0000 4.0190 87.6761 0.0000 5.0238 87.6761 0.0000
6.0286 87.6761 0.0000 7.0333 87.6761 0.0000 8.0381 87.6761 0.0000
9.0429 87.6761 0.0000 10.0476 87.6761 0.0000 11.0524 87.6761 0.0000
12.0571 87.6761 0.0000 13.0619 87.6761 0.0000 14.0667 87.6761 0.0000
15.0714 87.6761 0.0000 16.0762 87.6761 0.0000 17.0809 87.6761 0.0000
18.0857 87.6761 0.0000 19.0905 87.6761 0.0000 20.0952 87.6761 0.0000
21.1000 87.6761 0.0000 22.1048 87.6761 0.0000 23.1095 87.6761 0.0000
24.1143 87.6761 0.0000 25.1190 87.6761 0.0000 26.1238 87.6761 0.0000
27.1286 87.6761 0.0000 28.1333 87.6761 0.0000 29.1381 87.6761 0.0000
30.1429 87.6761 0.0000 31.1476 87.6761 0.0000 32.1524 87.6761 0.0000
33.1571 87.6761 0.0000 34.1619 87.6761 0.0000 35.1667 87.6761 0.0000
36.1714 87.6761 0.0000 37.1762 87.6761 0.0000 38.1809 87.6761 0.0000
39.1857 87.6761 0.0000 40.1905 87.6761 0.0000 41.1952 87.6761 0.0000
42.2000 87.6761 0.0000 43.2048 87.6761 0.0000 44.2095 87.6761 0.0000
45.2143 87.6761 0.0000 46.2190 87.6761 0.0000 47.2238 87.6761 0.0000
48.2286 87.6761 0.0000 49.2333 87.6761 0.0000 50.2381 87.6761 0.0000
51.2428 87.6761 0.0000 52.2476 87.6761 0.0000 53.2524 87.6761 0.0000
54.2571 87.6761 0.0000 55.2619 87.6761 0.0000 56.2667 87.6761 0.0000
57.2714 87.6761 0.0000 58.2762 87.6761 0.0000 59.2809 87.6761 0.0000
60.2857 87.6761 0.0000 61.2905 87.6761 0.0000 62.2952 87.6761 0.0000
63.3000 87.6761 0.0000 64.3048 87.6761 0.0000 65.3095 87.6761 0.0000
66.3143 87.6761 0.0000 67.3190 87.6761 0.0000 68.3238 87.6761 0.0000
69.3286 87.6761 0.0000 70.3333 87.6761 0.0000 71.3381 87.6761 0.0000
72.3428 87.6761 0.0000 73.3476 87.6761 0.0000 74.3524 87.6761 0.0000
75.3571 87.6761 0.0000 76.3619 87.6761 0.0000 77.3667 87.6761 0.0000
78.3714 87.6761 0.0000 79.3762 87.6761 0.0000 80.3809 87.6761 0.0000
81.3857 87.6761 0.0000 82.3905 87.6761 0.0000 83.3952 87.6761 0.0000
84.4000 87.6761 0.0000 85.4047 87.6761 0.0000 86.4095 87.6761 0.0000
87.4143 87.6761 0.0000 88.4190 87.6761 0.0000 89.4238 87.6761 0.0000
90.4286 87.6761 0.0000 91.4333 87.6761 0.0000 92.4381 87.6761 0.0000
93.4428 87.6761 0.0000 94.4476 87.6761 0.0000 95.4524 87.6761 0.0000
96.4571 87.6761 0.0000 97.4619 87.6761 0.0000 98.4667 87.6761 0.0000
99.4714 87.6761 0.0000 100.4762 87.6761 0.0000 101.4809 87.6761 0.0000
102.4857 87.6761 0.0000 103.4905 87.6761 0.0000 104.4952 87.6761 0.0000
105.5000 87.6761 0.0000 106.5047 87.6761 0.0000 107.5095 87.6761 0.0000
108.5143 87.6761 0.0000 109.5190 87.6761 0.0000 110.5238 87.6761 0.0000
111.5286 87.6761 0.0000 112.5333 87.6761 0.0000 113.5381 87.6761 0.0000
114.5428 87.6761 0.0000 115.5476 87.6761 0.0000 116.5524 87.6761 0.0000
117.5571 87.6761 0.0000 118.5619 87.6761 0.0000 119.5666 87.6761 0.0000
0.0000 88.6839 0.0000 1.0048 88.6839 0.0000 2.0095 88.6839 0.0000
3.0143 88.6839 0.0000 4.0190 88.6839 0.0000 5.0238 88.6839 0.0000
6.0286 88.6839 0.0000 7.0333 88.6839 0.0000 8.0381 88.6839 0.0000
9.0429 88.6839 0.0000 10.0476 88.6839 0.0000 11.0524 88.6839 0.0000
12.0571 88.6839 0.0000 13.0619 88.6839 0.0000 14.0667 88.6839 0.0000
15.0714 88.6839 0.0000 16.0762 88.6839 0.0000 17.0809 88.6839 0.0000
18.0857 88.6839 0.0000 19.0905 88.6839 0.0000 20.0952 88.6839 0.0000
21.1000 88.6839 0.0000 22.1048 88.6839 0.0000 23.1095 88.6839 0.0000
24.1143 88.6839 0.0000 25.1190 88.6839 0.0000 26.1238 88.6839 0.0000
27.1286 88.6839 0.0000 28.1333 88.6839 0.0000 29.1381 88.6839 0.0000
30.1429 88.6839 0.0000 31.1476 88.6839 0.0000 32.1524 88.6839 0.0000
33.1571 88.6839 0.0000 34.1619 88.6839 0.0000 35.1667 88.6839 0.0000
36.1714 88.6839 0.0000 37.1762 88.6839 0.0000 38.1809 88.6839 0.0000
39.1857 88.6839 0.0000 40.1905 88.6839 0.0000 41.1952 88.6839 0.0000
42.2000 88.6839 0.0000 43.2048 88.6839 0.0000 44.2095 88.6839 0.0000
45.2143 88.6839 0.0000 46.2190 88.6839 0.0000 47.2238 88.6839 0.0000
48.2286 88.6839 0.0000 49.2333 88.6839 0.0000 50.2381 88.6839 0.0000
51.2428 88.6839 0.0000 52.2476 88.6839 0.0000 53.2524 88.6839 0.0000
54.2571 88.6839 0.0000 55.2619 88.6839 0.0000 56.2667 88.6839 0.0000
57.2714 88.6839 0.0000 58.2762 88.6839 0.0000 59.2809 88.6839 0.0000
60.2857 88.6839 0.0000 61.2905 88.6839 0.0000 62.2952 88.6839 0.0000
63.3000 88.6839 0.0000 64.3048 88.6839 0.0000 65.3095 88.6839 0.0000
66.3143 88.6839 0.0000 67.3190 88.6839 0.0000 68.3238 88.6839 0.0000
69.3286 88.6839 0.0000 70.3333 88.6839 0.0000 71.3381 88.6839 0.0000
72.3428 88.6839 0.0000 73.3476 88.6839 0.0000 74.3524 88.6839 0.0000
75.3571 88.6839 0.0000 76.3619 88.6839 0.0000 77.3667 88.6839 0.0000
78.3714 88.6839 0.0000 79.3762 88.6839 0.0000 80.3809 88.6839 0.0000
81.3857 88.6839 0.0000 82.3905 88.6839 0.0000 83.3952 88.6839 0.0000
84.4000 88.6839 0.0000 85.4047 88.6839 0.0000 86.4095 88.6839 0.0000
87.4143 88.6839 0.0000 88.4190 88.6839 0.0000 89.4238 88.6839 0.0000
90.4286 88.6839 0.0000 91.4333 88.6839 0.0000 92.4381 88.6839 0.0000
93.4428 88.6839 0.0000 94.4476 88.6839 0.0000 95.4524 88.6839 0.0000
96.4571 88.6839 0.0000 97.4619 88.6839 0.0000 98.4667 88.6839 0.0000
99.4714 88.6839 0.0000 100.4762 88.6839 0.0000 101.4809 88.6839 0.0000
102.4857 88.6839 0.0000 103.4905 88.6839 0.0000 104.4952 88.6839 0.0000
105.5000 88.6839 0.0000 106.5047 88.6839 0.0000 107.5095 88.6839 0.0000
108.5143 88.6839 0.0000 109.5190 88.6839 0.0000 110.5238 88.6839 0.0000
111.5286 88.6839 0.0000 112.5333 88.6839 0.0000 113.5381 88.6839 0.0000
114.5428 88.6839 0.0000 115.5476 88.6839 0.0000 116.5524 88.6839 0.0000
117.5571 88.6839 0.0000 118.5619 88.6839 0.0000 119.5666 88.6839 0.0000
0.0000 89.6917 0.0000 1.0048 89.6917 0.0000 2.0095 89.6917 0.0000
3.0143 89.6917 0.0000 4.0190 89.6917 0.0000 5.0238 89.6917 0.0000
6.0286 89.6917 0.0000 7.0333 89.6917 0.0000 8.0381 89.6917 0.0000
9.0429 89.6917 0.0000 10.0476 89.6917 0.0000 11.0524 89.6917 0.0000
12.0571 89.6917 0.0000 13.0619 89.6917 0.0000 14.0667 89.6917 0.0000
15.0714 89.6917 0.0000 16.0762 89.6917 0.0000 17.0809 89.6917 0.0000
18.0857 89.6917 0.0000 19.0905 89.6917 0.0000 20.0952 89.6917 0.0000
21.1000 89.6917 0.0000 22.1048 89.6917 0.0000 23.1095 89.6917 0.0000
24.1143 89.6917 0.0000 25.1190 89.6917 0.0000 26.1238 89.6917 0.0000
27.1286 89.6917 0.0000 28.1333 89.6917 0.0000 29.1381 89.6917 0.0000
30.1429 89.6917 0.0000 31.1476 89.6917 0.0000 32.1524 89.6917 0.0000
33.1571 89.6917 0.0000 34.1619 89.6917 0.0000 35.1667 89.6917 0.0000
36.1714 89.6917 0.0000 37.1762 89.6917 0.0000 38.1809 89.6917 0.0000
39.1857 89.6917 0.0000 40.1905 89.6917 0.0000 41.1952 89.6917 0.0000
42.2000 89.6917 0.0000 43.2048 89.6917 0.0000 44.2095 89.6917 0.0000
45.2143 89.6917 0.0000 46.2190 89.6917 0.0000 47.2238 89.6917 0.0000
48.2286 89.6917 0.0000 49.2333 89.6917 0.0000 50.2381 89.6917 0.0000
51.2428 89.6917 0.0000 52.2476 89.6917 0.0000 53.2524 89.6917 0.0000
54.2571 89.6917 0.0000 55.2619 89.6917 0.0000 56.2667 89.6917 0.0000
57.2714 89.6917 0.0000 58.2762 89.6917 0.0000 59.2809 89.6917 0.0000
60.2857 89.6917 0.0000 61.2905 89.6917 0.0000 62.2952 89.6917 0.0000
63.3000 89.6917 0.0000 64.3048 89.6917 0.0000 65.3095 89.6917 0.0000
66.3143 89.6917 0.0000 67.3190 89.6917 0.0000 68.3238 89.6917 0.0000
69.3286 89.6917 0.0000 70.3333 89.6917 0.0000 71.3381 89.6917 0.0000
72.3428 89.6917 0.0000 73.3476 89.6917 0.0000 74.3524 89.6917 0.0000
75.3571 89.6917 0.0000 76.3619 89.6917 0.0000 77.3667 89.6917 0.0000
78.3714 89.6917 0.0000 79.3762 89.6917 0.0000 80.3809 89.6917 0.0000
81.3857 89.6917 0.0000 82.3905 89.6917 0.0000 83.3952 89.6917 0.0000
84.4000 89.6917 0.0000 85.4047 89.6917 0.0000 86.4095 89.6917 0.0000
87.4143 89.6917 0.0000 88.4190 89.6917 0.0000 89.4238 89.6917 0.0000
90.4286 89.6917 0.0000 91.4333 89.6917 0.0000 92.4381 89.6917 0.0000
93.4428 89.6917 0.0000 94.4476 89.6917 0.0000 95.4524 89.6917 0.0000
96.4571 89.6917 0.0000 97.4619 89.6917 0.0000 98.4667 89.6917 0.0000
99.4714 89.6917 0.0000 100.4762 89.6917 0.0000 101.4809 89.6917 0.0000
102.4857 89.6917 0.0000 103.4905 89.6917 0.0000 104.4952 89.6917 0.0000
105.5000 89.6917 0.0000 106.5047 89.6917 0.0000 107.5095 89.6917 0.0000
108.5143 89.6917 0.0000 109.5190 89.6917 0.0000 110.5238 89.6917 0.0000
111.5286 89.6917 0.0000 112.5333 89.6917 0.0000 113.5381 89.6917 0.0000
114.5428 89.6917 0.0000 115.5476 89.6917 0.0000 116.5524 89.6917 0.0000
117.5571 89.6917 0.0000 118.5619 89.6917 0.0000 119.5666 89.6917 0.0000
0.0000 90.6994 0.0000 1.0048 90.6994 0.0000 2.0095 90.6994 0.0000
3.0143 90.6994 0.0000 4.0190 90.6994 0.0000 5.0238 90.6994 0.0000
6.0286 90.6994 0.0000 7.0333 90.6994 0.0000 8.0381 90.6994 0.0000
9.0429 90.6994 0.0000 10.0476 90.6994 0.0000 11.0524 90.6994 0.0000
12.0571 90.6994 0.0000 13.0619 90.6994 0.0000 14.0667 90.6994 0.0000
15.0714 90.6994 0.0000 16.0762 90.6994 0.0000 17.0809 90.6994 0.0000
18.0857 90.6994 0.0000 19.0905 90.6994 0.0000 20.0952 90.6994 0.0000
21.1000 90.6994 0.0000 22.1048 90.6994 0.0000 23.1095 90.6994 0.0000
24.1143 90.6994 0.0000 25.1190 90.6994 0.0000 26.1238 90.6994 0.0000
27.1286 90.6994 0.0000 28.1333 90.6994 0.0000 29.1381 90.6994 0.0000
30.1429 90.6994 0.0000 31.1476 90.6994 0.0000 32.1524 90.6994 0.0000
33.1571 90.6994 0.0000 34.1619 90.6994 0.0000 35.1667 90.6994 0.0000
36.1714 90.6994 0.0000 37.1762 90.6994 0.0000 38.1809 90.6994 0.0000
39.1857 90.6994 0.0000 40.1905 90.6994 0.0000 41.1952 90.6994 0.0000
42.2000 90.6994 0.0000 43.2048 90.6994 0.0000 44.2095 90.6994 0.0000
45.2143 90.6994 0.0000 46.2190 90.6994 0.0000 47.2238 90.6994 0.0000
48.2286 90.6994 0.0000 49.2333 90.6994 0.0000 50.2381 90.6994 0.0000
51.2428 90.6994 0.0000 52.2476 90.6994 0.0000 53.2524 90.6994 0.0000
54.2571 90.6994 0.0000 55.2619 90.6994 0.0000 56.2667 90.6994 0.0000
57.2714 90.6994 0.0000 58.2762 90.6994 0.0000 59.2809 90.6994 0.0000
60.2857 90.6994 0.0000 61.2905 90.6994 0.0000 62.2952 90.6994 0.0000
63.3000 90.6994 0.0000 64.3048 90.6994 0.0000 65.3095 90.6994 0.0000
66.3143 90.6994 0.0000 67.3190 90.6994 0.0000 68.3238 90.6994 0.0000
69.3286 90.6994 0.0000 70.3333 90.6994 0.0000 71.3381 90.6994 0.0000
72.3428 90.6994 0.0000 73.3476 90.6994 0.0000 74.3524 90.6994 0.0000
75.3571 90.6994 0.0000 76.3619 90.6994 0.0000 77.3667 90.6994 0.0000
78.3714 90.6994 0.0000 79.3762 90.6994 0.0000 80.3809 90.6994 0.0000
81.3857 90.6994 0.0000 82.3905 90.6994 0.0000 83.3952 90.6994 0.0000
84.4000 90.6994 0.0000 85.4047 90.6994 0.0000 86.4095 90.6994 0.0000
87.4143 90.6994 0.0000 88.4190 90.6994 0.0000 89.4238 90.6994 0.0000
90.4286 90.6994 0.0000 91.4333 90.6994 0.0000 92.4381 90.6994 0.0000
93.4428 90.6994 0.0000 94.4476 90.6994 0.0000 95.4524 90.6994 0.0000
96.4571 90.6994 0.0000 97.4619 90.6994 0.0000 98.4667 90.6994 0.0000
99.4714 90.6994 0.0000 100.4762 90.6994 0.0000 101.4809 90.6994 0.0000
102.4857 90.6994 0.0000 103.4905 90.6994 0.0000 104.4952 90.6994 0.0000
105.5000 90.6994 0.0000 106.5047 90.6994 0.0000 107.5095 90.6994 0.0000
108.5143 90.6994 0.0000 109.5190 90.6994 0.0000 110.5238 90.6994 0.0000
111.5286 90.6994 0.0000 112.5333 90.6994 0.0000 113.5381 90.6994 0.0000
114.5428 90.6994 0.0000 115.5476 90.6994 0.0000 116.5524 90.6994 0.0000
117.5571 90.6994 0.0000 118.5619 90.6994 0.0000 119.5666 90.6994 0.0000
0.0000 91.7072 0.0000 1.0048 91.7072 0.0000 2.0095 91.7072 0.0000
3.0143 91.7072 0.0000 4.0190 91.7072 0.0000 5.0238 91.7072 0.0000
6.0286 91.7072 0.0000 7.0333 91.7072 0.0000 8.0381 91.7072 0.0000
9.0429 91.7072 0.0000 10.0476 91.7072 0.0000 11.0524 91.7072 0.0000
12.0571 91.7072 0.0000 13.0619 91.7072 0.0000 14.0667 91.7072 0.0000
15.0714 91.7072 0.0000 16.0762 91.7072 0.0000 17.0809 91.7072 0.0000
18.0857 91.7072 0.0000 19.0905 91.7072 0.0000 20.0952 91.7072 0.0000
21.1000 91.7072 0.0000 22.1048 91.7072 0.0000 23.1095 91.7072 0.0000
24.1143 91.7072 0.0000 25.1190 91.7072 0.0000 26.1238 91.7072 0.0000
27.1286 91.7072 0.0000 28.1333 91.7072 0.0000 29.1381 91.7072 0.0000
30.1429 91.7072 0.0000 31.1476 91.7072 0.0000 32.1524 91.7072 0.0000
33.1571 91.7072 0.0000 34.1619 91.7072 0.0000 35.1667 91.7072 0.0000
36.1714 91.7072 0.0000 37.1762 91.7072 0.0000 38.1809 91.7072 0.0000
39.1857 91.7072 0.0000 40.1905 91.7072 0.0000 41.1952 91.7072 0.0000
42.2000 91.7072 0.0000 43.2048 91.7072 0.0000 44.2095 91.7072 0.0000
45.2143 91.7072 0.0000 46.2190 91.7072 0.0000 47.2238 91.7072 0.0000
48.2286 91.7072 0.0000 49.2333 91.7072 0.0000 50.2381 91.7072 0.0000
51.2428 91.7072 0.0000 52.2476 91.7072 0.0000 53.2524 91.7072 0.0000
54.2571 91.7072 0.0000 55.2619 91.7072 0.0000 56.2667 91.7072 0.0000
57.2714 91.7072 0.0000 58.2762 91.7072 0.0000 59.2809 91.7072 0.0000
60.2857 91.7072 0.0000 61.2905 91.7072 0.0000 62.2952 91.7072 0.0000
63.3000 91.7072 0.0000 64.3048 91.7072 0.0000 65.3095 91.7072 0.0000
66.3143 91.7072 0.0000 67.3190 91.7072 0.0000 68.3238 91.7072 0.0000
69.3286 91.7072 0.0000 70.3333 91.7072 0.0000 71.3381 91.7072 0.0000
72.3428 91.7072 0.0000 73.3476 91.7072 0.0000 74.3524 91.7072 0.0000
75.3571 91.7072 0.0000 76.3619 91.7072 0.0000 77.3667 91.7072 0.0000
78.3714 91.7072 0.0000 79.3762 91.7072 0.0000 80.3809 91.7072 0.0000
81.3857 91.7072 0.0000 82.3905 91.7072 0.0000 83.3952 91.7072 0.0000
84.4000 91.7072 0.0000 85.4047 91.7072 0.0000 86.4095 91.7072 0.0000
87.4143 91.7072 0.0000 88.4190 91.7072 0.0000 89.4238 91.7072 0.0000
90.4286 91.7072 0.0000 91.4333 91.7072 0.0000 92.4381 91.7072 0.0000
93.4428 91.7072 0.0000 94.4476 91.7072 0.0000 95.4524 91.7072 0.0000
96.4571 91.7072 0.0000 97.4619 91.7072 0.0000 98.4667 91.7072 0.0000
99.4714 91.7072 0.0000 100.4762 91.7072 0.0000 101.4809 91.7072 0.0000
102.4857 91.7072 0.0000 103.4905 91.7072 0.0000 104.4952 91.7072 0.0000
105.5000 91.7072 0.0000 106.5047 91.7072 0.0000 107.5095 91.7072 0.0000
108.5143 91.7072 0.0000 109.5190 91.7072 0.0000 110.5238 91.7072 0.0000
111.5286 91.7072 0.0000 112.5333 91.7072 0.0000 113.5381 91.7072 0.0000
114.5428 91.7072 0.0000 115.5476 91.7072 0.0000 116.5524 91.7072 0.0000
117.5571 91.7072 0.0000 118.5619 91.7072 0.0000 119.5666 91.7072 0.0000
0.0000 92.7150 0.0000 1.0048 92.7150 0.0000 2.0095 92.7150 0.0000
3.0143 92.7150 0.0000 4.0190 92.7150 0.0000 5.0238 92.7150 0.0000
6.0286 92.7150 0.0000 7.0333 92.7150 0.0000 8.0381 92.7150 0.0000
9.0429 92.7150 0.0000 10.0476 92.7150 0.0000 11.0524 92.7150 0.0000
12.0571 92.7150 0.0000 13.0619 92.7150 0.0000 14.0667 92.7150 0.0000
15.0714 92.7150 0.0000 16.0762 92.7150 0.0000 17.0809 92.7150 0.0000
18.0857 92.7150 0.0000 19.0905 92.7150 0.0000 20.0952 92.7150 0.0000
21.1000 92.7150 0.0000 22.1048 92.7150 0.0000 23.1095 92.7150 0.0000
24.1143 92.7150 0.0000 25.1190 92.7150 0.0000 26.1238 92.7150 0.0000
27.1286 92.7150 0.0000 28.1333 92.7150 0.0000 29.1381 92.7150 0.0000
30.1429 92.7150 0.0000 31.1476 92.7150 0.0000 32.1524 92.7150 0.0000
33.1571 92.7150 0.0000 34.1619 92.7150 0.0000 35.1667 92.7150 0.0000
36.1714 92.7150 0.0000 37.1762 92.7150 0.0000 38.1809 92.7150 0.0000
39.1857 92.7150 0.0000 40.1905 92.7150 0.0000 41.1952 92.7150 0.0000
42.2000 92.7150 0.0000 43.2048 92.7150 0.0000 44.2095 92.7150 0.0000
45.2143 92.7150 0.0000 46.2190 92.7150 0.0000 47.2238 92.7150 0.0000
48.2286 92.7150 0.0000 49.2333 92.7150 0.0000 50.2381 92.7150 0.0000
51.2428 92.7150 0.0000 52.2476 92.7150 0.0000 53.2524 92.7150 0.0000
54.2571 92.7150 0.0000 55.2619 92.7150 0.0000 56.2667 92.7150 0.0000
57.2714 92.7150 0.0000 58.2762 92.7150 0.0000 59.2809 92.7150 0.0000
60.2857 92.7150 0.0000 61.2905 92.7150 0.0000 62.2952 92.7150 0.0000
63.3000 92.7150 0.0000 64.3048 92.7150 0.0000 65.3095 92.7150 0.0000
66.3143 92.7150 0.0000 67.3190 92.7150 0.0000 68.3238 92.7150 0.0000
69.3286 92.7150 0.0000 70.3333 92.7150 0.0000 71.3381 92.7150 0.0000
72.3428 92.7150 0.0000 73.3476 92.7150 0.0000 74.3524 92.7150 0.0000
75.3571 92.7150 0.0000 76.3619 92.7150 0.0000 77.3667 92.7150 0.0000
78.3714 92.7150 0.0000 79.3762 92.7150 0.0000 80.3809 92.7150 0.0000
81.3857 92.7150 0.0000 82.3905 92.7150 0.0000 83.3952 92.7150 0.0000
84.4000 92.7150 0.0000 85.4047 92.7150 0.0000 86.4095 92.7150 0.0000
87.4143 92.7150 0.0000 88.4190 92.7150 0.0000 89.4238 92.7150 0.0000
90.4286 92.7150 0.0000 91.4333 92.7150 0.0000 92.4381 92.7150 0.0000
93.4428 92.7150 0.0000 94.4476 92.7150 0.0000 95.4524 92.7150 0.0000
96.4571 92.7150 0.0000 97.4619 92.7150 0.0000 98.4667 92.7150 0.0000
99.4714 92.7150 0.0000 100.4762 92.7150 0.0000 101.4809 92.7150 0.0000
102.4857 92.7150 0.0000 103.4905 92.7150 0.0000 104.4952 92.7150 0.0000
105.5000 92.7150 0.0000 106.5047 92.7150 0.0000 107.5095 92.7150 0.0000
108.5143 92.7150 0.0000 109.5190 92.7150 0.0000 110.5238 92.7150 0.0000
111.5286 92.7150 0.0000 112.5333 92.7150 0.0000 113.5381 92.7150 0.0000
114.5428 92.7150 0.0000 115.5476 92.7150 0.0000 116.5524 92.7150 0.0000
117.5571 92.7150 0.0000 118.5619 92.7150 0.0000 119.5666 92.7150 0.0000
0.0000 93.7228 0.0000 1.0048 93.7228 0.0000 2.0095 93.7228 0.0000
3.0143 93.7228 0.0000 4.0190 93.7228 0.0000 5.0238 93.7228 0.0000
6.0286 93.7228 0.0000 7.0333 93.7228 0.0000 8.0381 93.7228 0.0000
9.0429 93.7228 0.0000 10.0476 93.7228 0.0000 11.0524 93.7228 0.0000
12.0571 93.7228 0.0000 13.0619 93.7228 0.0000 14.0667 93.7228 0.0000
15.0714 93.7228 0.0000 16.0762 93.7228 0.0000 17.0809 93.7228 0.0000
18.0857 93.7228 0.0000 19.0905 93.7228 0.0000 20.0952 93.7228 0.0000
21.1000 93.7228 0.0000 22.1048 93.7228 0.0000 23.1095 93.7228 0.0000
24.1143 93.7228 0.0000 25.1190 93.7228 0.0000 26.1238 93.7228 0.0000
27.1286 93.7228 0.0000 28.1333 93.7228 0.0000 29.1381 93.7228 0.0000
30.1429 93.7228 0.0000 31.1476 93.7228 0.0000 32.1524 93.7228 0.0000
33.1571 93.7228 0.0000 34.1619 93.7228 0.0000 35.1667 93.7228 0.0000
36.1714 93.7228 0.0000 37.1762 93.7228 0.0000 38.1809 93.7228 0.0000
39.1857 93.7228 0.0000 40.1905 93.7228 0.0000 41.1952 93.7228 0.0000
42.2000 93.7228 0.0000 43.2048 93.7228 0.0000 44.2095 93.7228 0.0000
45.2143 93.7228 0.0000 46.2190 93.7228 0.0000 47.2238 93.7228 0.0000
48.2286 93.7228 0.0000 49.2333 93.7228 0.0000 50.2381 93.7228 0.0000
51.2428 93.7228 0.0000 52.2476 93.7228 0.0000 53.2524 93.7228 0.0000
54.2571 93.7228 0.0000 55.2619 93.7228 0.0000 56.2667 93.7228 0.0000
57.2714 93.7228 0.0000 58.2762 93.7228 0.0000 59.2809 93.7228 0.0000
60.2857 93.7228 0.0000 61.2905 93.7228 0.0000 62.2952 93.7228 0.0000
63.3000 93.7228 0.0000 64.3048 93.7228 0.0000 65.3095 93.7228 0.0000
66.3143 93.7228 0.0000 67.3190 93.7228 0.0000 68.3238 93.7228 0.0000
69.3286 93.7228 0.0000 70.3333 93.7228 0.0000 71.3381 93.7228 0.0000
72.3428 93.7228 0.0000 73.3476 93.7228 0.0000 74.3524 93.7228 0.0000
75.3571 93.7228 0.0000 76.3619 93.7228 0.0000 77.3667 93.7228 0.0000
78.3714 93.7228 0.0000 79.3762 93.7228 0.0000 80.3809 93.7228 0.0000
81.3857 93.7228 0.0000 82.3905 93.7228 0.0000 83.3952 93.7228 0.0000
84.4000 93.7228 0.0000 85.4047 93.7228 0.0000 86.4095 93.7228 0.0000
87.4143 93.7228 0.0000 88.4190 93.7228 0.0000 89.4238 93.7228 0.0000
90.4286 93.7228 0.0000 91.4333 93.7228 0.0000 92.4381 93.7228 0.0000
93.4428 93.7228 0.0000 94.4476 93.7228 0.0000 95.4524 93.7228 0.0000
96.4571 93.7228 0.0000 97.4619 93.7228 0.0000 98.4667 93.7228 0.0000
99.4714 93.7228 0.0000 100.4762 93.7228 0.0000 101.4809 93.7228 0.0000
102.4857 93.7228 0.0000 103.4905 93.7228 0.0000 104.4952 93.7228 0.0000
105.5000 93.7228 0.0000 106.5047 93.7228 0.0000 107.5095 93.7228 0.0000
108.5143 93.7228 0.0000 109.5190 93.7228 0.0000 110.5238 93.7228 0.0000
111.5286 93.7228 0.0000 112.5333 93.7228 0.0000 113.5381 93.7228 0.0000
114.5428 93.7228 0.0000 115.5476 93.7228 0.0000 116.5524 93.7228 0.0000
117.5571 93.7228 0.0000 118.5619 93.7228 0.0000 119.5666 93.7228 0.0000
0.0000 94.7305 0.0000 1.0048 94.7305 0.0000 2.0095 94.7305 0.0000
3.0143 94.7305 0.0000 4.0190 94.7305 0.0000 5.0238 94.7305 0.0000
6.0286 94.7305 0.0000 7.0333 94.7305 0.0000 8.0381 94.7305 0.0000
9.0429 94.7305 0.0000 10.0476 94.7305 0.0000 11.0524 94.7305 0.0000
12.0571 94.7305 0.0000 13.0619 94.7305 0.0000 14.0667 94.7305 0.0000
15.0714 94.7305 0.0000 16.0762 94.7305 0.0000 17.0809 94.7305 0.0000
18.0857 94.7305 0.0000 19.0905 94.7305 0.0000 20.0952 94.7305 0.0000
21.1000 94.7305 0.0000 22.1048 94.7305 0.0000 23.1095 94.7305 0.0000
24.1143 94.7305 0.0000 25.1190 94.7305 0.0000 26.1238 94.7305 0.0000
27.1286 94.7305 0.0000 28.1333 94.7305 0.0000 29.1381 94.7305 0.0000
30.1429 94.7305 0.0000 31.1476 94.7305 0.0000 32.1524 94.7305 0.0000
33.1571 94.7305 0.0000 34.1619 94.7305 0.0000 35.1667 94.7305 0.0000
36.1714 94.7305 0.0000 37.1762 94.7305 0.0000 38.1809 94.7305 0.0000
39.1857 94.7305 0.0000 40.1905 94.7305 0.0000 41.1952 94.7305 0.0000
42.2000 94.7305 0.0000 43.2048 94.7305 0.0000 44.2095 94.7305 0.0000
45.2143 94.7305 0.0000 46.2190 94.7305 0.0000 47.2238 94.7305 0.0000
48.2286 94.7305 0.0000 49.2333 94.7305 0.0000 50.2381 94.7305 0.0000
51.2428 94.7305 0.0000 52.2476 94.7305 0.0000 53.2524 94.7305 0.0000
54.2571 94.7305 0.0000 55.2619 94.7305 0.0000 56.2667 94.7305 0.0000
57.2714 94.7305 0.0000 58.2762 94.7305 0.0000 59.2809 94.7305 0.0000
60.2857 94.7305 0.0000 61.2905 94.7305 0.0000 62.2952 94.7305 0.0000
63.3000 94.7305 0.0000 64.3048 94.7305 0.0000 65.3095 94.7305 0.0000
66.3143 94.7305 0.0000 67.3190 94.7305 0.0000 68.3238 94.7305 0.0000
69.3286 94.7305 0.0000 70.3333 94.7305 0.0000 71.3381 94.7305 0.0000
72.3428 94.7305 0.0000 73.3476 94.7305 0.0000 74.3524 94.7305 0.0000
75.3571 94.7305 0.0000 76.3619 94.7305 0.0000 77.3667 94.7305 0.0000
78.3714 94.7305 0.0000 79.3762 94.7305 0.0000 80.3809 94.7305 0.0000
81.3857 94.7305 0.0000 82.3905 94.7305 0.0000 83.3952 94.7305 0.0000
84.4000 94.7305 0.0000 85.4047 94.7305 0.0000 86.4095 94.7305 0.0000
87.4143 94.7305 0.0000 88.4190 94.7305 0.0000 89.4238 94.7305 0.0000
90.4286 94.7305 0.0000 91.4333 94.7305 0.0000 92.4381 94.7305 0.0000
93.4428 94.7305 0.0000 94.4476 94.7305 0.0000 95.4524 94.7305 0.0000
96.4571 94.7305 0.0000 97.4619 94.7305 0.0000 98.4667 94.7305 0.0000
99.4714 94.7305 0.0000 100.4762 94.7305 0.0000 101.4809 94.7305 0.0000
102.4857 94.7305 0.0000 103.4905 94.7305 0.0000 104.4952 94.7305 0.0000
105.5000 94.7305 0.0000 106.5047 94.7305 0.0000 107.5095 94.7305 0.0000
108.5143 94.7305 0.0000 109.5190 94.7305 0.0000 110.5238 94.7305 0.0000
111.5286 94.7305 0.0000 112.5333 94.7305 0.0000 113.5381 94.7305 0.0000
114.5428 94.7305 0.0000 115.5476 94.7305 0.0000 116.5524 94.7305 0.0000
117.5571 94.7305 0.0000 118.5619 94.7305 0.0000 119.5666 94.7305 0.0000
0.0000 95.7383 0.0000 1.0048 95.7383 0.0000 2.0095 95.7383 0.0000
3.0143 95.7383 0.0000 4.0190 95.7383 0.0000 5.0238 95.7383 0.0000
6.0286 95.7383 0.0000 7.0333 95.7383 0.0000 8.0381 95.7383 0.0000
9.0429 95.7383 0.0000 10.0476 95.7383 0.0000 11.0524 95.7383 0.0000
12.0571 95.7383 0.0000 13.0619 95.7383 0.0000 14.0667 95.7383 0.0000
15.0714 95.7383 0.0000 16.0762 95.7383 0.0000 17.0809 95.7383 0.0000
18.0857 95.7383 0.0000 19.0905 95.7383 0.0000 20.0952 95.7383 0.0000
21.1000 95.7383 0.0000 22.1048 95.7383 0.0000 23.1095 95.7383 0.0000
24.1143 95.7383 0.0000 25.1190 95.7383 0.0000 26.1238 95.7383 0.0000
27.1286 95.7383 0.0000 28.1333 95.7383 0.0000 29.1381 95.7383 0.0000
30.1429 95.7383 0.0000 31.1476 95.7383 0.0000 32.1524 95.7383 0.0000
33.1571 95.7383 0.0000 34.1619 95.7383 0.0000 35.1667 95.7383 0.0000
36.1714 95.7383 0.0000 37.1762 95.7383 0.0000 38.1809 95.7383 0.0000
39.1857 95.7383 0.0000 40.1905 95.7383 0.0000 41.1952 95.7383 0.0000
42.2000 95.7383 0.0000 43.2048 95.7383 0.0000 44.2095 95.7383 0.0000
45.2143 95.7383 0.0000 46.2190 95.7383 0.0000 47.2238 95.7383 0.0000
48.2286 95.7383 0.0000 49.2333 95.7383 0.0000 50.2381 95.7383 0.0000
51.2428 95.7383 0.0000 52.2476 95.7383 0.0000 53.2524 95.7383 0.0000
54.2571 95.7383 0.0000 55.2619 95.7383 0.0000 56.2667 95.7383 0.0000
57.2714 95.7383 0.0000 58.2762 95.7383 0.0000 59.2809 95.7383 0.0000
60.2857 95.7383 0.0000 61.2905 95.7383 0.0000 62.2952 95.7383 0.0000
63.3000 95.7383 0.0000 64.3048 95.7383 0.0000 65.3095 95.7383 0.0000
66.3143 95.7383 0.0000 67.3190 95.7383 0.0000 68.3238 95.7383 0.0000
69.3286 95.7383 0.0000 70.3333 95.7383 0.0000 71.3381 95.7383 0.0000
72.3428 95.7383 0.0000 73.3476 95.7383 0.0000 74.3524 95.7383 0.0000
75.3571 95.7383 0.0000 76.3619 95.7383 0.0000 77.3667 95.7383 0.0000
78.3714 95.7383 0.0000 79.3762 95.7383 0.0000 80.3809 95.7383 0.0000
81.3857 95.7383 0.0000 82.3905 95.7383 0.0000 83.3952 95.7383 0.0000
84.4000 95.7383 0.0000 85.4047 95.7383 0.0000 86.4095 95.7383 0.0000
87.4143 95.7383 0.0000 88.4190 95.7383 0.0000 89.4238 95.7383 0.0000
90.4286 95.7383 0.0000 91.4333 95.7383 0.0000 92.4381 95.7383 0.0000
93.4428 95.7383 0.0000 94.4476 95.7383 0.0000 95.4524 95.7383 0.0000
96.4571 95.7383 0.0000 97.4619 95.7383 0.0000 98.4667 95.7383 0.0000
99.4714 95.7383 0.0000 100.4762 95.7383 0.0000 101.4809 95.7383 0.0000
102.4857 95.7383 0.0000 103.4905 95.7383 0.0000 104.4952 95.7383 0.0000
105.5000 95.7383 0.0000 106.5047 95.7383 0.0000 107.5095 95.7383 0.0000
108.5143 95.7383 0.0000 109.5190 95.7383 0.0000 110.5238 95.7383 0.0000
111.5286 95.7383 0.0000 112.5333 95.7383 0.0000 113.5381 95.7383 0.0000
114.5428 95.7383 0.0000 115.5476 95.7383 0.0000 116.5524 95.7383 0.0000
117.5571 95.7383 0.0000 118.5619 95.7383 0.0000 119.5666 95.7383 0.0000
0.0000 96.7461 0.0000 1.0048 96.7461 0.0000 2.0095 96.7461 0.0000
3.0143 96.7461 0.0000 4.0190 96.7461 0.0000 5.0238 96.7461 0.0000
6.0286 96.7461 0.0000 7.0333 96.7461 0.0000 8.0381 96.7461 0.0000
9.0429 96.7461 0.0000 10.0476 96.7461 0.0000 11.0524 96.7461 0.0000
12.0571 96.7461 0.0000 13.0619 96.7461 0.0000 14.0667 96.7461 0.0000
15.0714 96.7461 0.0000 16.0762 96.7461 0.0000 17.0809 96.7461 0.0000
18.0857 96.7461 0.0000 19.0905 96.7461 0.0000 20.0952 96.7461 0.0000
21.1000 96.7461 0.0000 22.1048 96.7461 0.0000 23.1095 96.7461 0.0000
24.1143 96.7461 0.0000 25.1190 96.7461 0.0000 26.1238 96.7461 0.0000
27.1286 96.7461 0.0000 28.1333 96.7461 0.0000 29.1381 96.7461 0.0000
30.1429 96.7461 0.0000 31.1476 96.7461 0.0000 32.1524 96.7461 0.0000
33.1571 96.7461 0.0000 34.1619 96.7461 0.0000 35.1667 96.7461 0.0000
36.1714 96.7461 0.0000 37.1762 96.7461 0.0000 38.1809 96.7461 0.0000
39.1857 96.7461 0.0000 40.1905 96.7461 0.0000 41.1952 96.7461 0.0000
42.2000 96.7461 0.0000 43.2048 96.7461 0.0000 44.2095 96.7461 0.0000
45.2143 96.7461 0.0000 46.2190 96.7461 0.0000 47.2238 96.7461 0.0000
48.2286 96.7461 0.0000 49.2333 96.7461 0.0000 50.2381 96.7461 0.0000
51.2428 96.7461 0.0000 52.2476 96.7461 0.0000 53.2524 96.7461 0.0000
54.2571 96.7461 0.0000 55.2619 96.7461 0.0000 56.2667 96.7461 0.0000
57.2714 96.7461 0.0000 58.2762 96.7461 0.0000 59.2809 96.7461 0.0000
60.2857 96.7461 0.0000 61.2905 96.7461 0.0000 62.2952 96.7461 0.0000
63.3000 96.7461 0.0000 64.3048 96.7461 0.0000 65.3095 96.7461 0.0000
66.3143 96.7461 0.0000 67.3190 96.7461 0.0000 68.3238 96.7461 0.0000
69.3286 96.7461 0.0000 70.3333 96.7461 0.0000 71.3381 96.7461 0.0000
72.3428 96.7461 0.0000 73.3476 96.7461 0.0000 74.3524 96.7461 0.0000
75.3571 96.7461 0.0000 76.3619 96.7461 0.0000 77.3667 96.7461 0.0000
78.3714 96.7461 0.0000 79.3762 96.7461 0.0000 80.3809 96.7461 0.0000
81.3857 96.7461 0.0000 82.3905 96.7461 0.0000 83.3952 96.7461 0.0000
84.4000 96.7461 0.0000 85.4047 96.7461 0.0000 86.4095 96.7461 0.0000
87.4143 96.7461 0.0000 88.4190 96.7461 0.0000 89.4238 96.7461 0.0000
90.4286 96.7461 0.0000 91.4333 96.7461 0.0000 92.4381 96.7461 0.0000
93.4428 96.7461 0.0000 94.4476 96.7461 0.0000 95.4524 96.7461 0.0000
96.4571 96.7461 0.0000 97.4619 96.7461 0.0000 98.4667 96.7461 0.0000
99.4714 96.7461 0.0000 100.4762 96.7461 0.0000 101.4809 96.7461 0.0000
102.4857 96.7461 0.0000 103.4905 96.7461 0.0000 104.4952 96.7461 0.0000
105.5000 96.7461 0.0000 106.5047 96.7461 0.0000 107.5095 96.7461 0.0000
108.5143 96.7461 0.0000 109.5190 96.7461 0.0000 110.5238 96.7461 0.0000
111.5286 96.7461 0.0000 112.5333 96.7461 0.0000 113.5381 96.7461 0.0000
114.5428 96.7461 0.0000 115.5476 96.7461 0.0000 116.5524 96.7461 0.0000
117.5571 96.7461 0.0000 118.5619 96.7461 0.0000 119.5666 96.7461 0.0000
0.0000 97.7538 0.0000 1.0048 97.7538 0.0000 2.0095 97.7538 0.0000
3.0143 97.7538 0.0000 4.0190 97.7538 0.0000 5.0238 97.7538 0.0000
6.0286 97.7538 0.0000 7.0333 97.7538 0.0000 8.0381 97.7538 0.0000
9.0429 97.7538 0.0000 10.0476 97.7538 0.0000 11.0524 97.7538 0.0000
12.0571 97.7538 0.0000 13.0619 97.7538 0.0000 14.0667 97.7538 0.0000
15.0714 97.7538 0.0000 16.0762 97.7538 0.0000 17.0809 97.7538 0.0000
18.0857 97.7538 0.0000 19.0905 97.7538 0.0000 20.0952 97.7538 0.0000
21.1000 97.7538 0.0000 22.1048 97.7538 0.0000 23.1095 97.7538 0.0000
24.1143 97.7538 0.0000 25.1190 97.7538 0.0000 26.1238 97.7538 0.0000
27.1286 97.7538 0.0000 28.1333 97.7538 0.0000 29.1381 97.7538 0.0000
30.1429 97.7538 0.0000 31.1476 97.7538 0.0000 32.1524 97.7538 0.0000
33.1571 97.7538 0.0000 34.1619 97.7538 0.0000 35.1667 97.7538 0.0000
36.1714 97.7538 0.0000 37.1762 97.7538 0.0000 38.1809 97.7538 0.0000
39.1857 97.7538 0.0000 40.1905 97.7538 0.0000 41.1952 97.7538 0.0000
42.2000 97.7538 0.0000 43.2048 97.7538 0.0000 44.2095 97.7538 0.0000
45.2143 97.7538 0.0000 46.2190 97.7538 0.0000 47.2238 97.7538 0.0000
48.2286 97.7538 0.0000 49.2333 97.7538 0.0000 50.2381 97.7538 0.0000
51.2428 97.7538 0.0000 52.2476 97.7538 0.0000 53.2524 97.7538 0.0000
54.2571 97.7538 0.0000 55.2619 97.7538 0.0000 56.2667 97.7538 0.0000
57.2714 97.7538 0.0000 58.2762 97.7538 0.0000 59.2809 97.7538 0.0000
60.2857 97.7538 0.0000 61.2905 97.7538 0.0000 62.2952 97.7538 0.0000
63.3000 97.7538 0.0000 64.3048 97.7538 0.0000 65.3095 97.7538 0.0000
66.3143 97.7538 0.0000 67.3190 97.7538 0.0000 68.3238 97.7538 0.0000
69.3286 97.7538 0.0000 70.3333 97.7538 0.0000 71.3381 97.7538 0.0000
72.3428 97.7538 0.0000 73.3476 97.7538 0.0000 74.3524 97.7538 0.0000
75.3571 97.7538 0.0000 76.3619 97.7538 0.0000 77.3667 97.7538 0.0000
78.3714 97.7538 0.0000 79.3762 97.7538 0.0000 80.3809 97.7538 0.0000
81.3857 97.7538 0.0000 82.3905 97.7538 0.0000 83.3952 97.7538 0.0000
84.4000 97.7538 0.0000 85.4047 97.7538 0.0000 86.4095 97.7538 0.0000
87.4143 97.7538 0.0000 88.4190 97.7538 0.0000 89.4238 97.7538 0.0000
90.4286 97.7538 0.0000 91.4333 97.7538 0.0000 92.4381 97.7538 0.0000
93.4428 97.7538 0.0000 94.4476 97.7538 0.0000 95.4524 97.7538 0.0000
96.4571 97.7538 0.0000 97.4619 97.7538 0.0000 98.4667 97.7538 0.0000
99.4714 97.7538 0.0000 100.4762 97.7538 0.0000 101.4809 97.7538 0.0000
102.4857 97.7538 0.0000 103.4905 97.7538 0.0000 104.4952 97.7538 0.0000
105.5000 97.7538 0.0000 106.5047 97.7538 0.0000 107.5095 97.7538 0.0000
108.5143 97.7538 0.0000 109.5190 97.7538 0.0000 110.5238 97.7538 0.0000
111.5286 97.7538 0.0000 112.5333 97.7538 0.0000 113.5381 97.7538 0.0000
114.5428 97.7538 0.0000 115.5476 97.7538 0.0000 116.5524 97.7538 0.0000
117.5571 97.7538 0.0000 118.5619 97.7538 0.0000 119.5666 97.7538 0.0000
0.0000 98.7616 0.0000 1.0048 98.7616 0.0000 2.0095 98.7616 0.0000
3.0143 98.7616 0.0000 4.0190 98.7616 0.0000 5.0238 98.7616 0.0000
6.0286 98.7616 0.0000 7.0333 98.7616 0.0000 8.0381 98.7616 0.0000
9.0429 98.7616 0.0000 10.0476 98.7616 0.0000 11.0524 98.7616 0.0000
12.0571 98.7616 0.0000 13.0619 98.7616 0.0000 14.0667 98.7616 0.0000
15.0714 98.7616 0.0000 16.0762 98.7616 0.0000 17.0809 98.7616 0.0000
18.0857 98.7616 0.0000 19.0905 98.7616 0.0000 20.0952 98.7616 0.0000
21.1000 98.7616 0.0000 22.1048 98.7616 0.0000 23.1095 98.7616 0.0000
24.1143 98.7616 0.0000 25.1190 98.7616 0.0000 26.1238 98.7616 0.0000
27.1286 98.7616 0.0000 28.1333 98.7616 0.0000 29.1381 98.7616 0.0000
30.1429 98.7616 0.0000 31.1476 98.7616 0.0000 32.1524 98.7616 0.0000
33.1571 98.7616 0.0000 34.1619 98.7616 0.0000 35.1667 98.7616 0.0000
36.1714 98.7616 0.0000 37.1762 98.7616 0.0000 38.1809 98.7616 0.0000
39.1857 98.7616 0.0000 40.1905 98.7616 0.0000 41.1952 98.7616 0.0000
42.2000 98.7616 0.0000 43.2048 98.7616 0.0000 44.2095 98.7616 0.0000
45.2143 98.7616 0.0000 46.2190 98.7616 0.0000 47.2238 98.7616 0.0000
48.2286 98.7616 0.0000 49.2333 98.7616 0.0000 50.2381 98.7616 0.0000
51.2428 98.7616 0.0000 52.2476 98.7616 0.0000 53.2524 98.7616 0.0000
54.2571 98.7616 0.0000 55.2619 98.7616 0.0000 56.2667 98.7616 0.0000
57.2714 98.7616 0.0000 58.2762 98.7616 0.0000 59.2809 98.7616 0.0000
60.2857 98.7616 0.0000 61.2905 98.7616 0.0000 62.2952 98.7616 0.0000
63.3000 98.7616 0.0000 64.3048 98.7616 0.0000 65.3095 98.7616 0.0000
66.3143 98.7616 0.0000 67.3190 98.7616 0.0000 68.3238 98.7616 0.0000
69.3286 98.7616 0.0000 70.3333 98.7616 0.0000 71.3381 98.7616 0.0000
72.3428 98.7616 0.0000 73.3476 98.7616 0.0000 74.3524 98.7616 0.0000
75.3571 98.7616 0.0000 76.3619 98.7616 0.0000 77.3667 98.7616 0.0000
78.3714 98.7616 0.0000 79.3762 98.7616 0.0000 80.3809 98.7616 0.0000
81.3857 98.7616 0.0000 82.3905 98.7616 0.0000 83.3952 98.7616 0.0000
84.4000 98.7616 0.0000 85.4047 98.7616 0.0000 86.4095 98.7616 0.0000
87.4143 98.7616 0.0000 88.4190 98.7616 0.0000 89.4238 98.7616 0.0000
90.4286 98.7616 0.0000 91.4333 98.7616 0.0000 92.4381 98.7616 0.0000
93.4428 98.7616 0.0000 94.4476 98.7616 0.0000 95.4524 98.7616 0.0000
96.4571 98.7616 0.0000 97.4619 98.7616 0.0000 98.4667 98.7616 0.0000
99.4714 98.7616 0.0000 100.4762 98.7616 0.0000 101.4809 98.7616 0.0000
102.4857 98.7616 0.0000 103.4905 98.7616 0.0000 104.4952 98.7616 0.0000
105.5000 98.7616 0.0000 106.5047 98.7616 0.0000 107.5095 98.7616 0.0000
108.5143 98.7616 0.0000 109.5190 98.7616 0.0000 110.5238 98.7616 0.0000
111.5286 98.7616 0.0000 112.5333 98.7616 0.0000 113.5381 98.7616 0.0000
114.5428 98.7616 0.0000 115.5476 98.7616 0.0000 116.5524 98.7616 0.0000
117.5571 98.7616 0.0000 118.5619 98.7616 0.0000 119.5666 98.7616 0.0000
0.0000 99.7694 0.0000 1.0048 99.7694 0.0000 2.0095 99.7694 0.0000
3.0143 99.7694 0.0000 4.0190 99.7694 0.0000 5.0238 99.7694 0.0000
6.0286 99.7694 0.0000 7.0333 99.7694 0.0000 8.0381 99.7694 0.0000
9.0429 99.7694 0.0000 10.0476 99.7694 0.0000 11.0524 99.7694 0.0000
12.0571 99.7694 0.0000 13.0619 99.7694 0.0000 14.0667 99.7694 0.0000
15.0714 99.7694 0.0000 16.0762 99.7694 0.0000 17.0809 99.7694 0.0000
18.0857 99.7694 0.0000 19.0905 99.7694 0.0000 20.0952 99.7694 0.0000
21.1000 99.7694 0.0000 22.1048 99.7694 0.0000 23.1095 99.7694 0.0000
24.1143 99.7694 0.0000 25.1190 99.7694 0.0000 26.1238 99.7694 0.0000
27.1286 99.7694 0.0000 28.1333 99.7694 0.0000 29.1381 99.7694 0.0000
30.1429 99.7694 0.0000 31.1476 99.7694 0.0000 32.1524 99.7694 0.0000
33.1571 99.7694 0.0000 34.1619 99.7694 0.0000 35.1667 99.7694 0.0000
36.1714 99.7694 0.0000 37.1762 99.7694 0.0000 38.1809 99.7694 0.0000
39.1857 99.7694 0.0000 40.1905 99.7694 0.0000 41.1952 99.7694 0.0000
42.2000 99.7694 0.0000 43.2048 99.7694 0.0000 44.2095 99.7694 0.0000
45.2143 99.7694 0.0000 46.2190 99.7694 0.0000 47.2238 99.7694 0.0000
48.2286 99.7694 0.0000 49.2333 99.7694 0.0000 50.2381 99.7694 0.0000
51.2428 99.7694 0.0000 52.2476 99.7694 0.0000 53.2524 99.7694 0.0000
54.2571 99.7694 0.0000 55.2619 99.7694 0.0000 56.2667 99.7694 0.0000
57.2714 99.7694 0.0000 58.2762 99.7694 0.0000 59.2809 99.7694 0.0000
60.2857 99.7694 0.0000 61.2905 99.7694 0.0000 62.2952 99.7694 0.0000
63.3000 99.7694 0.0000 64.3048 99.7694 0.0000 65.3095 99.7694 0.0000
66.3143 99.7694 0.0000 67.3190 99.7694 0.0000 68.3238 99.7694 0.0000
69.3286 99.7694 0.0000 70.3333 99.7694 0.0000 71.3381 99.7694 0.0000
72.3428 99.7694 0.0000 73.3476 99.7694 0.0000 74.3524 99.7694 0.0000
75.3571 99.7694 0.0000 76.3619 99.7694 0.0000 77.3667 99.7694 0.0000
78.3714 99.7694 0.0000 79.3762 99.7694 0.0000 80.3809 99.7694 0.0000
81.3857 99.7694 0.0000 82.3905 99.7694 0.0000 83.3952 99.7694 0.0000
84.4000 99.7694 0.0000 85.4047 99.7694 0.0000 86.4095 99.7694 0.0000
87.4143 99.7694 0.0000 88.4190 99.7694 0.0000 89.4238 99.7694 0.0000
90.4286 99.7694 0.0000 91.4333 99.7694 0.0000 92.4381 99.7694 0.0000
93.4428 99.7694 0.0000 94.4476 99.7694 0.0000 95.4524 99.7694 0.0000
96.4571 99.7694 0.0000 97.4619 99.7694 0.0000 98.4667 99.7694 0.0000
99.4714 99.7694 0.0000 100.4762 99.7694 0.0000 101.4809 99.7694 0.0000
102.4857 99.7694 0.0000 103.4905 99.7694 0.0000 104.4952 99.7694 0.0000
105.5000 99.7694 0.0000 106.5047 99.7694 0.0000 107.5095 99.7694 0.0000
108.5143 99.7694 0.0000 109.5190 99.7694 0.0000 110.5238 99.7694 0.0000
111.5286 99.7694 0.0000 112.5333 99.7694 0.0000 113.5381 99.7694 0.0000
114.5428 99.7694 0.0000 115.5476 99.7694 0.0000 116.5524 99.7694 0.0000
117.5571 99.7694 0.0000 118.5619 99.7694 0.0000 119.5666 99.7694 0.0000
0.0000 100.7772 0.0000 1.0048 100.7772 0.0000 2.0095 100.7772 0.0000
3.0143 100.7772 0.0000 4.0190 100.7772 0.0000 5.0238 100.7772 0.0000
6.0286 100.7772 0.0000 7.0333 100.7772 0.0000 8.0381 100.7772 0.0000
9.0429 100.7772 0.0000 10.0476 100.7772 0.0000 11.0524 100.7772 0.0000
12.0571 100.7772 0.0000 13.0619 100.7772 0.0000 14.0667 100.7772 0.0000
15.0714 100.7772 0.0000 16.0762 100.7772 0.0000 17.0809 100.7772 0.0000
18.0857 100.7772 0.0000 19.0905 100.7772 0.0000 20.0952 100.7772 0.0000
21.1000 100.7772 0.0000 22.1048 100.7772 0.0000 23.1095 100.7772 0.0000
24.1143 100.7772 0.0000 25.1190 100.7772 0.0000 26.1238 100.7772 0.0000
27.1286 100.7772 0.0000 28.1333 100.7772 0.0000 29.1381 100.7772 0.0000
30.1429 100.7772 0.0000 31.1476 100.7772 0.0000 32.1524 100.7772 0.0000
33.1571 100.7772 0.0000 34.1619 100.7772 0.0000 35.1667 100.7772 0.0000
36.1714 100.7772 0.0000 37.1762 100.7772 0.0000 38.1809 100.7772 0.0000
39.1857 100.7772 0.0000 40.1905 100.7772 0.0000 41.1952 100.7772 0.0000
42.2000 100.7772 0.0000 43.2048 100.7772 0.0000 44.2095 100.7772 0.0000
45.2143 100.7772 0.0000 46.2190 100.7772 0.0000 47.2238 100.7772 0.0000
48.2286 100.7772 0.0000 49.2333 100.7772 0.0000 50.2381 100.7772 0.0000
51.2428 100.7772 0.0000 52.2476 100.7772 0.0000 53.2524 100.7772 0.0000
54.2571 100.7772 0.0000 55.2619 100.7772 0.0000 56.2667 100.7772 0.0000
57.2714 100.7772 0.0000 58.2762 100.7772 0.0000 59.2809 100.7772 0.0000
60.2857 100.7772 0.0000 61.2905 100.7772 0.0000 62.2952 100.7772 0.0000
63.3000 100.7772 0.0000 64.3048 100.7772 0.0000 65.3095 100.7772 0.0000
66.3143 100.7772 0.0000 67.3190 100.7772 0.0000 68.3238 100.7772 0.0000
69.3286 100.7772 0.0000 70.3333 100.7772 0.0000 71.3381 100.7772 0.0000
72.3428 100.7772 0.0000 73.3476 100.7772 0.0000 74.3524 100.7772 0.0000
75.3571 100.7772 0.0000 76.3619 100.7772 0.0000 77.3667 100.7772 0.0000
78.3714 100.7772 0.0000 79.3762 100.7772 0.0000 80.3809 100.7772 0.0000
81.3857 100.7772 0.0000 82.3905 100.7772 0.0000 83.3952 100.7772 0.0000
84.4000 100.7772 0.0000 85.4047 100.7772 0.0000 86.4095 100.7772 0.0000
87.4143 100.7772 0.0000 88.4190 100.7772 0.0000 89.4238 100.7772 0.0000
90.4286 100.7772 0.0000 91.4333 100.7772 0.0000 92.4381 100.7772 0.0000
93.4428 100.7772 0.0000 94.4476 100.7772 0.0000 95.4524 100.7772 0.0000
96.4571 100.7772 0.0000 97.4619 100.7772 0.0000 98.4667 100.7772 0.0000
99.4714 100.7772 0.0000 100.4762 100.7772 0.0000 101.4809 100.7772 0.0000
102.4857 100.7772 0.0000 103.4905 100.7772 0.0000 104.4952 100.7772 0.0000
105.5000 100.7772 0.0000 106.5047 100.7772 0.0000 107.5095 100.7772 0.0000
108.5143 100.7772 0.0000 109.5190 100.7772 0.0000 110.5238 100.7772 0.0000
111.5286 100.7772 0.0000 112.5333 100.7772 0.0000 113.5381 100.7772 0.0000
114.5428 100.7772 0.0000 115.5476 100.7772 0.0000 116.5524 100.7772 0.0000
117.5571 100.7772 0.0000 118.5619 100.7772 0.0000 119.5666 100.7772 0.0000
0.0000 101.7849 0.0000 1.0048 101.7849 0.0000 2.0095 101.7849 0.0000
3.0143 101.7849 0.0000 4.0190 101.7849 0.0000 5.0238 101.7849 0.0000
6.0286 101.7849 0.0000 7.0333 101.7849 0.0000 8.0381 101.7849 0.0000
9.0429 101.7849 0.0000 10.0476 101.7849 0.0000 11.0524 101.7849 0.0000
12.0571 101.7849 0.0000 13.0619 101.7849 0.0000 14.0667 101.7849 0.0000
15.0714 101.7849 0.0000 16.0762 101.7849 0.0000 17.0809 101.7849 0.0000
18.0857 101.7849 0.0000 19.0905 101.7849 0.0000 20.0952 101.7849 0.0000
21.1000 101.7849 0.0000 22.1048 101.7849 0.0000 23.1095 101.7849 0.0000
24.1143 101.7849 0.0000 25.1190 101.7849 0.0000 26.1238 101.7849 0.0000
27.1286 101.7849 0.0000 28.1333 101.7849 0.0000 29.1381 101.7849 0.0000
30.1429 101.7849 0.0000 31.1476 101.7849 0.0000 32.1524 101.7849 0.0000
33.1571 101.7849 0.0000 34.1619 101.7849 0.0000 35.1667 101.7849 0.0000
36.1714 101.7849 0.0000 37.1762 101.7849 0.0000 38.1809 101.7849 0.0000
39.1857 101.7849 0.0000 40.1905 101.7849 0.0000 41.1952 101.7849 0.0000
42.2000 101.7849 0.0000 43.2048 101.7849 0.0000 44.2095 101.7849 0.0000
45.2143 101.7849 0.0000 46.2190 101.7849 0.0000 47.2238 101.7849 0.0000
48.2286 101.7849 0.0000 49.2333 101.7849 0.0000 50.2381 101.7849 0.0000
51.2428 101.7849 0.0000 52.2476 101.7849 0.0000 53.2524 101.7849 0.0000
54.2571 101.7849 0.0000 55.2619 101.7849 0.0000 56.2667 101.7849 0.0000
57.2714 101.7849 0.0000 58.2762 101.7849 0.0000 59.2809 101.7849 0.0000
60.2857 101.7849 0.0000 61.2905 101.7849 0.0000 62.2952 101.7849 0.0000
63.3000 101.7849 0.0000 64.3048 101.7849 0.0000 65.3095 101.7849 0.0000
66.3143 101.7849 0.0000 67.3190 101.7849 0.0000 68.3238 101.7849 0.0000
69.3286 101.7849 0.0000 70.3333 101.7849 0.0000 71.3381 101.7849 0.0000
72.3428 101.7849 0.0000 73.3476 101.7849 0.0000 74.3524 101.7849 0.0000
75.3571 101.7849 0.0000 76.3619 101.7849 0.0000 77.3667 101.7849 0.0000
78.3714 101.7849 0.0000 79.3762 101.7849 0.0000 80.3809 101.7849 0.0000
81.3857 101.7849 0.0000 82.3905 101.7849 0.0000 83.3952 101.7849 0.0000
84.4000 101.7849 0.0000 85.4047 101.7849 0.0000 86.4095 101.7849 0.0000
87.4143 101.7849 0.0000 88.4190 101.7849 0.0000 89.4238 101.7849 0.0000
90.4286 101.7849 0.0000 91.4333 101.7849 0.0000 92.4381 101.7849 0.0000
93.4428 101.7849 0.0000 94.4476 101.7849 0.0000 95.4524 101.7849 0.0000
96.4571 101.7849 0.0000 97.4619 101.7849 0.0000 98.4667 101.7849 0.0000
99.4714 101.7849 0.0000 100.4762 101.7849 0.0000 101.4809 101.7849 0.0000
102.4857 101.7849 0.0000 103.4905 101.7849 0.0000 104.4952 101.7849 0.0000
105.5000 101.7849 0.0000 106.5047 101.7849 0.0000 107.5095 101.7849 0.0000
108.5143 101.7849 0.0000 109.5190 101.7849 0.0000 110.5238 101.7849 0.0000
111.5286 101.7849 0.0000 112.5333 101.7849 0.0000 113.5381 101.7849 0.0000
114.5428 101.7849 0.0000 115.5476 101.7849 0.0000 116.5524 101.7849 0.0000
117.5571 101.7849 0.0000 118.5619 101.7849 0.0000 119.5666 101.7849 0.0000
0.0000 102.7927 0.0000 1.0048 102.7927 0.0000 2.0095 102.7927 0.0000
3.0143 102.7927 0.0000 4.0190 102.7927 0.0000 5.0238 102.7927 0.0000
6.0286 102.7927 0.0000 7.0333 102.7927 0.0000 8.0381 102.7927 0.0000
9.0429 102.7927 0.0000 10.0476 102.7927 0.0000 11.0524 102.7927 0.0000
12.0571 102.7927 0.0000 13.0619 102.7927 0.0000 14.0667 102.7927 0.0000
15.0714 102.7927 0.0000 16.0762 102.7927 0.0000 17.0809 102.7927 0.0000
18.0857 102.7927 0.0000 19.0905 102.7927 0.0000 20.0952 102.7927 0.0000
21.1000 102.7927 0.0000 22.1048 102.7927 0.0000 23.1095 102.7927 0.0000
24.1143 102.7927 0.0000 25.1190 102.7927 0.0000 26.1238 102.7927 0.0000
27.1286 102.7927 0.0000 28.1333 102.7927 0.0000 29.1381 102.7927 0.0000
30.1429 102.7927 0.0000 31.1476 102.7927 0.0000 32.1524 102.7927 0.0000
33.1571 102.7927 0.0000 34.1619 102.7927 0.0000 35.1667 102.7927 0.0000
36.1714 102.7927 0.0000 37.1762 102.7927 0.0000 38.1809 102.7927 0.0000
39.1857 102.7927 0.0000 40.1905 102.7927 0.0000 41.1952 102.7927 0.0000
42.2000 102.7927 0.0000 43.2048 102.7927 0.0000 44.2095 102.7927 0.0000
45.2143 102.7927 0.0000 46.2190 102.7927 0.0000 47.2238 102.7927 0.0000
48.2286 102.7927 0.0000 49.2333 102.7927 0.0000 50.2381 102.7927 0.0000
51.2428 102.7927 0.0000 52.2476 102.7927 0.0000 53.2524 102.7927 0.0000
54.2571 102.7927 0.0000 55.2619 102.7927 0.0000 56.2667 102.7927 0.0000
57.2714 102.7927 0.0000 58.2762 102.7927 0.0000 59.2809 102.7927 0.0000
60.2857 102.7927 0.0000 61.2905 102.7927 0.0000 62.2952 102.7927 0.0000
63.3000 102.7927 0.0000 64.3048 102.7927 0.0000 65.3095 102.7927 0.0000
66.3143 102.7927 0.0000 67.3190 102.7927 0.0000 68.3238 102.7927 0.0000
69.3286 102.7927 0.0000 70.3333 102.7927 0.0000 71.3381 102.7927 0.0000
72.3428 102.7927 0.0000 73.3476 102.7927 0.0000 74.3524 102.7927 0.0000
75.3571 102.7927 0.0000 76.3619 102.7927 0.0000 77.3667 102.7927 0.0000
78.3714 102.7927 0.0000 79.3762 102.7927 0.0000 80.3809 102.7927 0.0000
81.3857 102.7927 0.0000 82.3905 102.7927 0.0000 83.3952 102.7927 0.0000
84.4000 102.7927 0.0000 85.4047 102.7927 0.0000 86.4095 102.7927 0.0000
87.4143 102.7927 0.0000 88.4190 102.7927 0.0000 89.4238 102.7927 0.0000
90.4286 102.7927 0.0000 91.4333 102.7927 0.0000 92.4381 102.7927 0.0000
93.4428 102.7927 0.0000 94.4476 102.7927 0.0000 95.4524 102.7927 0.0000
96.4571 102.7927 0.0000 97.4619 102.7927 0.0000 98.4667 102.7927 0.0000
99.4714 102.7927 0.0000 100.4762 102.7927 0.0000 101.4809 102.7927 0.0000
102.4857 102.7927 0.0000 103.4905 102.7927 0.0000 104.4952 102.7927 0.0000
105.5000 102.7927 0.0000 106.5047 102.7927 0.0000 107.5095 102.7927 0.0000
108.5143 102.7927 0.0000 109.5190 102.7927 0.0000 110.5238 102.7927 0.0000
111.5286 102.7927 0.0000 112.5333 102.7927 0.0000 113.5381 102.7927 0.0000
114.5428 102.7927 0.0000 115.5476 102.7927 0.0000 116.5524 102.7927 0.0000
117.5571 102.7927 0.0000 118.5619 102.7927 0.0000 119.5666 102.7927 0.0000
0.0000 103.8005 0.0000 1.0048 103.8005 0.0000 2.0095 103.8005 0.0000
3.0143 103.8005 0.0000 4.0190 103.8005 0.0000 5.0238 103.8005 0.0000
6.0286 103.8005 0.0000 7.0333 103.8005 0.0000 8.0381 103.8005 0.0000
9.0429 103.8005 0.0000 10.0476 103.8005 0.0000 11.0524 103.8005 0.0000
12.0571 103.8005 0.0000 13.0619 103.8005 0.0000 14.0667 103.8005 0.0000
15.0714 103.8005 0.0000 16.0762 103.8005 0.0000 17.0809 103.8005 0.0000
18.0857 103.8005 0.0000 19.0905 103.8005 0.0000 20.0952 103.8005 0.0000
21.1000 103.8005 0.0000 22.1048 103.8005 0.0000 23.1095 103.8005 0.0000
24.1143 103.8005 0.0000 25.1190 103.8005 0.0000 26.1238 103.8005 0.0000
27.1286 103.8005 0.0000 28.1333 103.8005 0.0000 29.1381 103.8005 0.0000
30.1429 103.8005 0.0000 31.1476 103.8005 0.0000 32.1524 103.8005 0.0000
33.1571 103.8005 0.0000 34.1619 103.8005 0.0000 35.1667 103.8005 0.0000
36.1714 103.8005 0.0000 37.1762 103.8005 0.0000 38.1809 103.8005 0.0000
39.1857 103.8005 0.0000 40.1905 103.8005 0.0000 41.1952 103.8005 0.0000
42.2000 103.8005 0.0000 43.2048 103.8005 0.0000 44.2095 103.8005 0.0000
45.2143 103.8005 0.0000 46.2190 103.8005 0.0000 47.2238 103.8005 0.0000
48.2286 103.8005 0.0000 49.2333 103.8005 0.0000 50.2381 103.8005 0.0000
51.2428 103.8005 0.0000 52.2476 103.8005 0.0000 53.2524 103.8005 0.0000
54.2571 103.8005 0.0000 55.2619 103.8005 0.0000 56.2667 103.8005 0.0000
57.2714 103.8005 0.0000 58.2762 103.8005 0.0000 59.2809 103.8005 0.0000
60.2857 103.8005 0.0000 61.2905 103.8005 0.0000 62.2952 103.8005 0.0000
63.3000 103.8005 0.0000 64.3048 103.8005 0.0000 65.3095 103.8005 0.0000
66.3143 103.8005 0.0000 67.3190 103.8005 0.0000 68.3238 103.8005 0.0000
69.3286 103.8005 0.0000 70.3333 103.8005 0.0000 71.3381 103.8005 0.0000
72.3428 103.8005 0.0000 73.3476 103.8005 0.0000 74.3524 103.8005 0.0000
75.3571 103.8005 0.0000 76.3619 103.8005 0.0000 77.3667 103.8005 0.0000
78.3714 103.8005 0.0000 79.3762 103.8005 0.0000 80.3809 103.8005 0.0000
81.3857 103.8005 0.0000 82.3905 103.8005 0.0000 83.3952 103.8005 0.0000
84.4000 103.8005 0.0000 85.4047 103.8005 0.0000 86.4095 103.8005 0.0000
87.4143 103.8005 0.0000 88.4190 103.8005 0.0000 89.4238 103.8005 0.0000
90.4286 103.8005 0.0000 91.4333 103.8005 0.0000 92.4381 103.8005 0.0000
93.4428 103.8005 0.0000 94.4476 103.8005 0.0000 95.4524 103.8005 0.0000
96.4571 103.8005 0.0000 97.4619 103.8005 0.0000 98.4667 103.8005 0.0000
99.4714 103.8005 0.0000 100.4762 103.8005 0.0000 101.4809 103.8005 0.0000
102.4857 103.8005 0.0000 103.4905 103.8005 0.0000 104.4952 103.8005 0.0000
105.5000 103.8005 0.0000 106.5047 103.8005 0.0000 107.5095 103.8005 0.0000
108.5143 103.8005 0.0000 109.5190 103.8005 0.0000 110.5238 103.8005 0.0000
111.5286 103.8005 0.0000 112.5333 103.8005 0.0000 113.5381 103.8005 0.0000
114.5428 103.8005 0.0000 115.5476 103.8005 0.0000 116.5524 103.8005 0.0000
117.5571 103.8005 0.0000 118.5619 103.8005 0.0000 119.5666 103.8005 0.0000
0.0000 104.8082 0.0000 1.0048 104.8082 0.0000 2.0095 104.8082 0.0000
3.0143 104.8082 0.0000 4.0190 104.8082 0.0000 5.0238 104.8082 0.0000
6.0286 104.8082 0.0000 7.0333 104.8082 0.0000 8.0381 104.8082 0.0000
9.0429 104.8082 0.0000 10.0476 104.8082 0.0000 11.0524 104.8082 0.0000
12.0571 104.8082 0.0000 13.0619 104.8082 0.0000 14.0667 104.8082 0.0000
15.0714 104.8082 0.0000 16.0762 104.8082 0.0000 17.0809 104.8082 0.0000
18.0857 104.8082 0.0000 19.0905 104.8082 0.0000 20.0952 104.8082 0.0000
21.1000 104.8082 0.0000 22.1048 104.8082 0.0000 23.1095 104.8082 0.0000
24.1143 104.8082 0.0000 25.1190 104.8082 0.0000 26.1238 104.8082 0.0000
27.1286 104.8082 0.0000 28.1333 104.8082 0.0000 29.1381 104.8082 0.0000
30.1429 104.8082 0.0000 31.1476 104.8082 0.0000 32.1524 104.8082 0.0000
33.1571 104.8082 0.0000 34.1619 104.8082 0.0000 35.1667 104.8082 0.0000
36.1714 104.8082 0.0000 37.1762 104.8082 0.0000 38.1809 104.8082 0.0000
39.1857 104.8082 0.0000 40.1905 104.8082 0.0000 41.1952 104.8082 0.0000
42.2000 104.8082 0.0000 43.2048 104.8082 0.0000 44.2095 104.8082 0.0000
45.2143 104.8082 0.0000 46.2190 104.8082 0.0000 47.2238 104.8082 0.0000
48.2286 104.8082 0.0000 49.2333 104.8082 0.0000 50.2381 104.8082 0.0000
51.2428 104.8082 0.0000 52.2476 104.8082 0.0000 53.2524 104.8082 0.0000
54.2571 104.8082 0.0000 55.2619 104.8082 0.0000 56.2667 104.8082 0.0000
57.2714 104.8082 0.0000 58.2762 104.8082 0.0000 59.2809 104.8082 0.0000
60.2857 104.8082 0.0000 61.2905 104.8082 0.0000 62.2952 104.8082 0.0000
63.3000 104.8082 0.0000 64.3048 104.8082 0.0000 65.3095 104.8082 0.0000
66.3143 104.8082 0.0000 67.3190 104.8082 0.0000 68.3238 104.8082 0.0000
69.3286 104.8082 0.0000 70.3333 104.8082 0.0000 71.3381 104.8082 0.0000
72.3428 104.8082 0.0000 73.3476 104.8082 0.0000 74.3524 104.8082 0.0000
75.3571 104.8082 0.0000 76.3619 104.8082 0.0000 77.3667 104.8082 0.0000
78.3714 104.8082 0.0000 79.3762 104.8082 0.0000 80.3809 104.8082 0.0000
81.3857 104.8082 0.0000 82.3905 104.8082 0.0000 83.3952 104.8082 0.0000
84.4000 104.8082 0.0000 85.4047 104.8082 0.0000 86.4095 104.8082 0.0000
87.4143 104.8082 0.0000 88.4190 104.8082 0.0000 89.4238 104.8082 0.0000
90.4286 104.8082 0.0000 91.4333 104.8082 0.0000 92.4381 104.8082 0.0000
93.4428 104.8082 0.0000 94.4476 104.8082 0.0000 95.4524 104.8082 0.0000
96.4571 104.8082 0.0000 97.4619 104.8082 0.0000 98.4667 104.8082 0.0000
99.4714 104.8082 0.0000 100.4762 104.8082 0.0000 101.4809 104.8082 0.0000
102.4857 104.8082 0.0000 103.4905 104.8082 0.0000 104.4952 104.8082 0.0000
105.5000 104.8082 0.0000 106.5047 104.8082 0.0000 107.5095 104.8082 0.0000
108.5143 104.8082 0.0000 109.5190 104.8082 0.0000 110.5238 104.8082 0.0000
111.5286 104.8082 0.0000 112.5333 104.8082 0.0000 113.5381 104.8082 0.0000
114.5428 104.8082 0.0000 115.5476 104.8082 0.0000 116.5524 104.8082 0.0000
117.5571 104.8082 0.0000 118.5619 104.8082 0.0000 119.5666 104.8082 0.0000
0.0000 105.8160 0.0000 1.0048 105.8160 0.0000 2.0095 105.8160 0.0000
3.0143 105.8160 0.0000 4.0190 105.8160 0.0000 5.0238 105.8160 0.0000
6.0286 105.8160 0.0000 7.0333 105.8160 0.0000 8.0381 105.8160 0.0000
9.0429 105.8160 0.0000 10.0476 105.8160 0.0000 11.0524 105.8160 0.0000
12.0571 105.8160 0.0000 13.0619 105.8160 0.0000 14.0667 105.8160 0.0000
15.0714 105.8160 0.0000 16.0762 105.8160 0.0000 17.0809 105.8160 0.0000
18.0857 105.8160 0.0000 19.0905 105.8160 0.0000 20.0952 105.8160 0.0000
21.1000 105.8160 0.0000 22.1048 105.8160 0.0000 23.1095 105.8160 0.0000
24.1143 105.8160 0.0000 25.1190 105.8160 0.0000 26.1238 105.8160 0.0000
27.1286 105.8160 0.0000 28.1333 105.8160 0.0000 29.1381 105.8160 0.0000
30.1429 105.8160 0.0000 31.1476 105.8160 0.0000 32.1524 105.8160 0.0000
33.1571 105.8160 0.0000 34.1619 105.8160 0.0000 35.1667 105.8160 0.0000
36.1714 105.8160 0.0000 37.1762 105.8160 0.0000 38.1809 105.8160 0.0000
39.1857 105.8160 0.0000 40.1905 105.8160 0.0000 41.1952 105.8160 0.0000
42.2000 105.8160 0.0000 43.2048 105.8160 0.0000 44.2095 105.8160 0.0000
45.2143 105.8160 0.0000 46.2190 105.8160 0.0000 47.2238 105.8160 0.0000
48.2286 105.8160 0.0000 49.2333 105.8160 0.0000 50.2381 105.8160 0.0000
51.2428 105.8160 0.0000 52.2476 105.8160 0.0000 53.2524 105.8160 0.0000
54.2571 105.8160 0.0000 55.2619 105.8160 0.0000 56.2667 105.8160 0.0000
57.2714 105.8160 0.0000 58.2762 105.8160 0.0000 59.2809 105.8160 0.0000
60.2857 105.8160 0.0000 61.2905 105.8160 0.0000 62.2952 105.8160 0.0000
63.3000 105.8160 0.0000 64.3048 105.8160 0.0000 65.3095 105.8160 0.0000
66.3143 105.8160 0.0000 67.3190 105.8160 0.0000 68.3238 105.8160 0.0000
69.3286 105.8160 0.0000 70.3333 105.8160 0.0000 71.3381 105.8160 0.0000
72.3428 105.8160 0.0000 73.3476 105.8160 0.0000 74.3524 105.8160 0.0000
75.3571 105.8160 0.0000 76.3619 105.8160 0.0000 77.3667 105.8160 0.0000
78.3714 105.8160 0.0000 79.3762 105.8160 0.0000 80.3809 105.8160 0.0000
81.3857 105.8160 0.0000 82.3905 105.8160 0.0000 83.3952 105.8160 0.0000
84.4000 105.8160 0.0000 85.4047 105.8160 0.0000 86.4095 105.8160 0.0000
87.4143 105.8160 0.0000 88.4190 105.8160 0.0000 89.4238 105.8160 0.0000
90.4286 105.8160 0.0000 91.4333 105.8160 0.0000 92.4381 105.8160 0.0000
93.4428 105.8160 0.0000 94.4476 105.8160 0.0000 95.4524 105.8160 0.0000
96.4571 105.8160 0.0000 97.4619 105.8160 0.0000 98.4667 105.8160 0.0000
99.4714 105.8160 0.0000 100.4762 105.8160 0.0000 101.4809 105.8160 0.0000
102.4857 105.8160 0.0000 103.4905 105.8160 0.0000 104.4952 105.8160 0.0000
105.5000 105.8160 0.0000 106.5047 105.8160 0.0000 107.5095 105.8160 0.0000
108.5143 105.8160 0.0000 109.5190 105.8160 0.0000 110.5238 105.8160 0.0000
111.5286 105.8160 0.0000 112.5333 105.8160 0.0000 113.5381 105.8160 0.0000
114.5428 105.8160 0.0000 115.5476 105.8160 0.0000 116.5524 105.8160 0.0000
117.5571 105.8160 0.0000 118.5619 105.8160 0.0000 119.5666 105.8160 0.0000
0.0000 106.8238 0.0000 1.0048 106.8238 0.0000 2.0095 106.8238 0.0000
3.0143 106.8238 0.0000 4.0190 106.8238 0.0000 5.0238 106.8238 0.0000
6.0286 106.8238 0.0000 7.0333 106.8238 0.0000 8.0381 106.8238 0.0000
9.0429 106.8238 0.0000 10.0476 106.8238 0.0000 11.0524 106.8238 0.0000
12.0571 106.8238 0.0000 13.0619 106.8238 0.0000 14.0667 106.8238 0.0000
15.0714 106.8238 0.0000 16.0762 106.8238 0.0000 17.0809 106.8238 0.0000
18.0857 106.8238 0.0000 19.0905 106.8238 0.0000 20.0952 106.8238 0.0000
21.1000 106.8238 0.0000 22.1048 106.8238 0.0000 23.1095 106.8238 0.0000
24.1143 106.8238 0.0000 25.1190 106.8238 0.0000 26.1238 106.8238 0.0000
27.1286 106.8238 0.0000 28.1333 106.8238 0.0000 29.1381 106.8238 0.0000
30.1429 106.8238 0.0000 31.1476 106.8238 0.0000 32.1524 106.8238 0.0000
33.1571 106.8238 0.0000 34.1619 106.8238 0.0000 35.1667 106.8238 0.0000
36.1714 106.8238 0.0000 37.1762 106.8238 0.0000 38.1809 106.8238 0.0000
39.1857 106.8238 0.0000 40.1905 106.8238 0.0000 41.1952 106.8238 0.0000
42.2000 106.8238 0.0000 43.2048 106.8238 0.0000 44.2095 106.8238 0.0000
45.2143 106.8238 0.0000 46.2190 106.8238 0.0000 47.2238 106.8238 0.0000
48.2286 106.8238 0.0000 49.2333 106.8238 0.0000 50.2381 106.8238 0.0000
51.2428 106.8238 0.0000 52.2476 106.8238 0.0000 53.2524 106.8238 0.0000
54.2571 106.8238 0.0000 55.2619 106.8238 0.0000 56.2667 106.8238 0.0000
57.2714 106.8238 0.0000 58.2762 106.8238 0.0000 59.2809 106.8238 0.0000
60.2857 106.8238 0.0000 61.2905 106.8238 0.0000 62.2952 106.8238 0.0000
63.3000 106.8238 0.0000 64.3048 106.8238 0.0000 65.3095 106.8238 0.0000
66.3143 106.8238 0.0000 67.3190 106.8238 0.0000 68.3238 106.8238 0.0000
69.3286 106.8238 0.0000 70.3333 106.8238 0.0000 71.3381 106.8238 0.0000
72.3428 106.8238 0.0000 73.3476 106.8238 0.0000 74.3524 106.8238 0.0000
75.3571 106.8238 0.0000 76.3619 106.8238 0.0000 77.3667 106.8238 0.0000
78.3714 106.8238 0.0000 79.3762 106.8238 0.0000 80.3809 106.8238 0.0000
81.3857 106.8238 0.0000 82.3905 106.8238 0.0000 83.3952 106.8238 0.0000
84.4000 106.8238 0.0000 85.4047 106.8238 0.0000 86.4095 106.8238 0.0000
87.4143 106.8238 0.0000 88.4190 106.8238 0.0000 89.4238 106.8238 0.0000
90.4286 106.8238 0.0000 91.4333 106.8238 0.0000 92.4381 106.8238 0.0000
93.4428 106.8238 0.0000 94.4476 106.8238 0.0000 95.4524 106.8238 0.0000
96.4571 106.8238 0.0000 97.4619 106.8238 0.0000 98.4667 106.8238 0.0000
99.4714 106.8238 0.0000 100.4762 106.8238 0.0000 101.4809 106.8238 0.0000
102.4857 106.8238 0.0000 103.4905 106.8238 0.0000 104.4952 106.8238 0.0000
105.5000 106.8238 0.0000 106.5047 106.8238 0.0000 107.5095 106.8238 0.0000
108.5143 106.8238 0.0000 109.5190 106.8238 0.0000 110.5238 106.8238 0.0000
111.5286 106.8238 0.0000 112.5333 106.8238 0.0000 113.5381 106.8238 0.0000
114.5428 106.8238 0.0000 115.5476 106.8238 0.0000 116.5524 106.8238 0.0000
117.5571 106.8238 0.0000 118.5619 106.8238 0.0000 119.5666 106.8238 0.0000
0.0000 107.8316 0.0000 1.0048 107.8316 0.0000 2.0095 107.8316 0.0000
3.0143 107.8316 0.0000 4.0190 107.8316 0.0000 5.0238 107.8316 0.0000
6.0286 107.8316 0.0000 7.0333 107.8316 0.0000 8.0381 107.8316 0.0000
9.0429 107.8316 0.0000 10.0476 107.8316 0.0000 11.0524 107.8316 0.0000
12.0571 107.8316 0.0000 13.0619 107.8316 0.0000 14.0667 107.8316 0.0000
15.0714 107.8316 0.0000 16.0762 107.8316 0.0000 17.0809 107.8316 0.0000
18.0857 107.8316 0.0000 19.0905 107.8316 0.0000 20.0952 107.8316 0.0000
21.1000 107.8316 0.0000 22.1048 107.8316 0.0000 23.1095 107.8316 0.0000
24.1143 107.8316 0.0000 25.1190 107.8316 0.0000 26.1238 107.8316 0.0000
27.1286 107.8316 0.0000 28.1333 107.8316 0.0000 29.1381 107.8316 0.0000
30.1429 107.8316 0.0000 31.1476 107.8316 0.0000 32.1524 107.8316 0.0000
33.1571 107.8316 0.0000 34.1619 107.8316 0.0000 35.1667 107.8316 0.0000
36.1714 107.8316 0.0000 37.1762 107.8316 0.0000 38.1809 107.8316 0.0000
39.1857 107.8316 0.0000 40.1905 107.8316 0.0000 41.1952 107.8316 0.0000
42.2000 107.8316 0.0000 43.2048 107.8316 0.0000 44.2095 107.8316 0.0000
45.2143 107.8316 0.0000 46.2190 107.8316 0.0000 47.2238 107.8316 0.0000
48.2286 107.8316 0.0000 49.2333 107.8316 0.0000 50.2381 107.8316 0.0000
51.2428 107.8316 0.0000 52.2476 107.8316 0.0000 53.2524 107.8316 0.0000
54.2571 107.8316 0.0000 55.2619 107.8316 0.0000 56.2667 107.8316 0.0000
57.2714 107.8316 0.0000 58.2762 107.8316 0.0000 59.2809 107.8316 0.0000
60.2857 107.8316 0.0000 61.2905 107.8316 0.0000 62.2952 107.8316 0.0000
63.3000 107.8316 0.0000 64.3048 107.8316 0.0000 65.3095 107.8316 0.0000
66.3143 107.8316 0.0000 67.3190 107.8316 0.0000 68.3238 107.8316 0.0000
69.3286 107.8316 0.0000 70.3333 107.8316 0.0000 71.3381 107.8316 0.0000
72.3428 107.8316 0.0000 73.3476 107.8316 0.0000 74.3524 107.8316 0.0000
75.3571 107.8316 0.0000 76.3619 107.8316 0.0000 77.3667 107.8316 0.0000
78.3714 107.8316 0.0000 79.3762 107.8316 0.0000 80.3809 107.8316 0.0000
81.3857 107.8316 0.0000 82.3905 107.8316 0.0000 83.3952 107.8316 0.0000
84.4000 107.8316 0.0000 85.4047 107.8316 0.0000 86.4095 107.8316 0.0000
87.4143 107.8316 0.0000 88.4190 107.8316 0.0000 89.4238 107.8316 0.0000
90.4286 107.8316 0.0000 91.4333 107.8316 0.0000 92.4381 107.8316 0.0000
93.4428 107.8316 0.0000 94.4476 107.8316 0.0000 95.4524 107.8316 0.0000
96.4571 107.8316 0.0000 97.4619 107.8316 0.0000 98.4667 107.8316 0.0000
99.4714 107.8316 0.0000 100.4762 107.8316 0.0000 101.4809 107.8316 0.0000
102.4857 107.8316 0.0000 103.4905 107.8316 0.0000 104.4952 107.8316 0.0000
105.5000 107.8316 0.0000 106.5047 107.8316 0.0000 107.5095 107.8316 0.0000
108.5143 107.8316 0.0000 109.5190 107.8316 0.0000 110.5238 107.8316 0.0000
111.5286 107.8316 0.0000 112.5333 107.8316 0.0000 113.5381 107.8316 0.0000
114.5428 107.8316 0.0000 115.5476 107.8316 0.0000 116.5524 107.8316 0.0000
117.5571 107.8316 0.0000 118.5619 107.8316 0.0000 119.5666 107.8316 0.0000
0.0000 108.8393 0.0000 1.0048 108.8393 0.0000 2.0095 108.8393 0.0000
3.0143 108.8393 0.0000 4.0190 108.8393 0.0000 5.0238 108.8393 0.0000
6.0286 108.8393 0.0000 7.0333 108.8393 0.0000 8.0381 108.8393 0.0000
9.0429 108.8393 0.0000 10.0476 108.8393 0.0000 11.0524 108.8393 0.0000
12.0571 108.8393 0.0000 13.0619 108.8393 0.0000 14.0667 108.8393 0.0000
15.0714 108.8393 0.0000 16.0762 108.8393 0.0000 17.0809 108.8393 0.0000
18.0857 108.8393 0.0000 19.0905 108.8393 0.0000 20.0952 108.8393 0.0000
21.1000 108.8393 0.0000 22.1048 108.8393 0.0000 23.1095 108.8393 0.0000
24.1143 108.8393 0.0000 25.1190 108.8393 0.0000 26.1238 108.8393 0.0000
27.1286 108.8393 0.0000 28.1333 108.8393 0.0000 29.1381 108.8393 0.0000
30.1429 108.8393 0.0000 31.1476 108.8393 0.0000 32.1524 108.8393 0.0000
33.1571 108.8393 0.0000 34.1619 108.8393 0.0000 35.1667 108.8393 0.0000
36.1714 108.8393 0.0000 37.1762 108.8393 0.0000 38.1809 108.8393 0.0000
39.1857 108.8393 0.0000 40.1905 108.8393 0.0000 41.1952 108.8393 0.0000
42.2000 108.8393 0.0000 43.2048 108.8393 0.0000 44.2095 108.8393 0.0000
45.2143 108.8393 0.0000 46.2190 108.8393 0.0000 47.2238 108.8393 0.0000
48.2286 108.8393 0.0000 49.2333 108.8393 0.0000 50.2381 108.8393 0.0000
51.2428 108.8393 0.0000 52.2476 108.8393 0.0000 53.2524 108.8393 0.0000
54.2571 108.8393 0.0000 55.2619 108.8393 0.0000 56.2667 108.8393 0.0000
57.2714 108.8393 0.0000 58.2762 108.8393 0.0000 59.2809 108.8393 0.0000
60.2857 108.8393 0.0000 61.2905 108.8393 0.0000 62.2952 108.8393 0.0000
63.3000 108.8393 0.0000 64.3048 108.8393 0.0000 65.3095 108.8393 0.0000
66.3143 108.8393 0.0000 67.3190 108.8393 0.0000 68.3238 108.8393 0.0000
69.3286 108.8393 0.0000 70.3333 108.8393 0.0000 71.3381 108.8393 0.0000
72.3428 108.8393 0.0000 73.3476 108.8393 0.0000 74.3524 108.8393 0.0000
75.3571 108.8393 0.0000 76.3619 108.8393 0.0000 77.3667 108.8393 0.0000
78.3714 108.8393 0.0000 79.3762 108.8393 0.0000 80.3809 108.8393 0.0000
81.3857 108.8393 0.0000 82.3905 108.8393 0.0000 83.3952 108.8393 0.0000
84.4000 108.8393 0.0000 85.4047 108.8393 0.0000 86.4095 108.8393 0.0000
87.4143 108.8393 0.0000 88.4190 108.8393 0.0000 89.4238 108.8393 0.0000
90.4286 108.8393 0.0000 91.4333 108.8393 0.0000 92.4381 108.8393 0.0000
93.4428 108.8393 0.0000 94.4476 108.8393 0.0000 95.4524 108.8393 0.0000
96.4571 108.8393 0.0000 97.4619 108.8393 0.0000 98.4667 108.8393 0.0000
99.4714 108.8393 0.0000 100.4762 108.8393 0.0000 101.4809 108.8393 0.0000
102.4857 108.8393 0.0000 103.4905 108.8393 0.0000 104.4952 108.8393 0.0000
105.5000 108.8393 0.0000 106.5047 108.8393 0.0000 107.5095 108.8393 0.0000
108.5143 108.8393 0.0000 109.5190 108.8393 0.0000 110.5238 108.8393 0.0000
111.5286 108.8393 0.0000 112.5333 108.8393 0.0000 113.5381 108.8393 0.0000
114.5428 108.8393 0.0000 115.5476 108.8393 0.0000 116.5524 108.8393 0.0000
117.5571 108.8393 0.0000 118.5619 108.8393 0.0000 119.5666 108.8393 0.0000
0.0000 109.8471 0.0000 1.0048 109.8471 0.0000 2.0095 109.8471 0.0000
3.0143 109.8471 0.0000 4.0190 109.8471 0.0000 5.0238 109.8471 0.0000
6.0286 109.8471 0.0000 7.0333 109.8471 0.0000 8.0381 109.8471 0.0000
9.0429 109.8471 0.0000 10.0476 109.8471 0.0000 11.0524 109.8471 0.0000
12.0571 109.8471 0.0000 13.0619 109.8471 0.0000 14.0667 109.8471 0.0000
15.0714 109.8471 0.0000 16.0762 109.8471 0.0000 17.0809 109.8471 0.0000
18.0857 109.8471 0.0000 19.0905 109.8471 0.0000 20.0952 109.8471 0.0000
21.1000 109.8471 0.0000 22.1048 109.8471 0.0000 23.1095 109.8471 0.0000
24.1143 109.8471 0.0000 25.1190 109.8471 0.0000 26.1238 109.8471 0.0000
27.1286 109.8471 0.0000 28.1333 109.8471 0.0000 29.1381 109.8471 0.0000
30.1429 109.8471 0.0000 31.1476 109.8471 0.0000 32.1524 109.8471 0.0000
33.1571 109.8471 0.0000 34.1619 109.8471 0.0000 35.1667 109.8471 0.0000
36.1714 109.8471 0.0000 37.1762 109.8471 0.0000 38.1809 109.8471 0.0000
39.1857 109.8471 0.0000 40.1905 109.8471 0.0000 41.1952 109.8471 0.0000
42.2000 109.8471 0.0000 43.2048 109.8471 0.0000 44.2095 109.8471 0.0000
45.2143 109.8471 0.0000 46.2190 109.8471 0.0000 47.2238 109.8471 0.0000
48.2286 109.8471 0.0000 49.2333 109.8471 0.0000 50.2381 109.8471 0.0000
51.2428 109.8471 0.0000 52.2476 109.8471 0.0000 53.2524 109.8471 0.0000
54.2571 109.8471 0.0000 55.2619 109.8471 0.0000 56.2667 109.8471 0.0000
57.2714 109.8471 0.0000 58.2762 109.8471 0.0000 59.2809 109.8471 0.0000
60.2857 109.8471 0.0000 61.2905 109.8471 0.0000 62.2952 109.8471 0.0000
63.3000 109.8471 0.0000 64.3048 109.8471 0.0000 65.3095 109.8471 0.0000
66.3143 109.8471 0.0000 67.3190 109.8471 0.0000 68.3238 109.8471 0.0000
69.3286 109.8471 0.0000 70.3333 109.8471 0.0000 71.3381 109.8471 0.0000
72.3428 109.8471 0.0000 73.3476 109.8471 0.0000 74.3524 109.8471 0.0000
75.3571 109.8471 0.0000 76.3619 109.8471 0.0000 77.3667 109.8471 0.0000
78.3714 109.8471 0.0000 79.3762 109.8471 0.0000 80.3809 109.8471 0.0000
81.3857 109.8471 0.0000 82.3905 109.8471 0.0000 83.3952 109.8471 0.0000
84.4000 109.8471 0.0000 85.4047 109.8471 0.0000 86.4095 109.8471 0.0000
87.4143 109.8471 0.0000 88.4190 109.8471 0.0000 89.4238 109.8471 0.0000
90.4286 109.8471 0.0000 91.4333 109.8471 0.0000 92.4381 109.8471 0.0000
93.4428 109.8471 0.0000 94.4476 109.8471 0.0000 95.4524 109.8471 0.0000
96.4571 109.8471 0.0000 97.4619 109.8471 0.0000 98.4667 109.8471 0.0000
99.4714 109.8471 0.0000 100.4762 109.8471 0.0000 101.4809 109.8471 0.0000
102.4857 109.8471 0.0000 103.4905 109.8471 0.0000 104.4952 109.8471 0.0000
105.5000 109.8471 0.0000 106.5047 109.8471 0.0000 107.5095 109.8471 0.0000
108.5143 109.8471 0.0000 109.5190 109.8471 0.0000 110.5238 109.8471 0.0000
111.5286 109.8471 0.0000 112.5333 109.8471 0.0000 113.5381 109.8471 0.0000
114.5428 109.8471 0.0000 115.5476 109.8471 0.0000 116.5524 109.8471 0.0000
117.5571 109.8471 0.0000 118.5619 109.8471 0.0000 119.5666 109.8471 0.0000
0.0000 110.8549 0.0000 1.0048 110.8549 0.0000 2.0095 110.8549 0.0000
3.0143 110.8549 0.0000 4.0190 110.8549 0.0000 5.0238 110.8549 0.0000
6.0286 110.8549 0.0000 7.0333 110.8549 0.0000 8.0381 110.8549 0.0000
9.0429 110.8549 0.0000 10.0476 110.8549 0.0000 11.0524 110.8549 0.0000
12.0571 110.8549 0.0000 13.0619 110.8549 0.0000 14.0667 110.8549 0.0000
15.0714 110.8549 0.0000 16.0762 110.8549 0.0000 17.0809 110.8549 0.0000
18.0857 110.8549 0.0000 19.0905 110.8549 0.0000 20.0952 110.8549 0.0000
21.1000 110.8549 0.0000 22.1048 110.8549 0.0000 23.1095 110.8549 0.0000
24.1143 110.8549 0.0000 25.1190 110.8549 0.0000 26.1238 110.8549 0.0000
27.1286 110.8549 0.0000 28.1333 110.8549 0.0000 29.1381 110.8549 0.0000
30.1429 110.8549 0.0000 31.1476 110.8549 0.0000 32.1524 110.8549 0.0000
33.1571 110.8549 0.0000 34.1619 110.8549 0.0000 35.1667 110.8549 0.0000
36.1714 110.8549 0.0000 37.1762 110.8549 0.0000 38.1809 110.8549 0.0000
39.1857 110.8549 0.0000 40.1905 110.8549 0.0000 41.1952 110.8549 0.0000
42.2000 110.8549 0.0000 43.2048 110.8549 0.0000 44.2095 110.8549 0.0000
45.2143 110.8549 0.0000 46.2190 110.8549 0.0000 47.2238 110.8549 0.0000
48.2286 110.8549 0.0000 49.2333 110.8549 0.0000 50.2381 110.8549 0.0000
51.2428 110.8549 0.0000 52.2476 110.8549 0.0000 53.2524 110.8549 0.0000
54.2571 110.8549 0.0000 55.2619 110.8549 0.0000 56.2667 110.8549 0.0000
57.2714 110.8549 0.0000 58.2762 110.8549 0.0000 59.2809 110.8549 0.0000
60.2857 110.8549 0.0000 61.2905 110.8549 0.0000 62.2952 110.8549 0.0000
63.3000 110.8549 0.0000 64.3048 110.8549 0.0000 65.3095 110.8549 0.0000
66.3143 110.8549 0.0000 67.3190 110.8549 0.0000 68.3238 110.8549 0.0000
69.3286 110.8549 0.0000 70.3333 110.8549 0.0000 71.3381 110.8549 0.0000
72.3428 110.8549 0.0000 73.3476 110.8549 0.0000 74.3524 110.8549 0.0000
75.3571 110.8549 0.0000 76.3619 110.8549 0.0000 77.3667 110.8549 0.0000
78.3714 110.8549 0.0000 79.3762 110.8549 0.0000 80.3809 110.8549 0.0000
81.3857 110.8549 0.0000 82.3905 110.8549 0.0000 83.3952 110.8549 0.0000
84.4000 110.8549 0.0000 85.4047 110.8549 0.0000 86.4095 110.8549 0.0000
87.4143 110.8549 0.0000 88.4190 110.8549 0.0000 89.4238 110.8549 0.0000
90.4286 110.8549 0.0000 91.4333 110.8549 0.0000 92.4381 110.8549 0.0000
93.4428 110.8549 0.0000 94.4476 110.8549 0.0000 95.4524 110.8549 0.0000
96.4571 110.8549 0.0000 97.4619 110.8549 0.0000 98.4667 110.8549 0.0000
99.4714 110.8549 0.0000 100.4762 110.8549 0.0000 101.4809 110.8549 0.0000
102.4857 110.8549 0.0000 103.4905 110.8549 0.0000 104.4952 110.8549 0.0000
105.5000 110.8549 0.0000 106.5047 110.8549 0.0000 107.5095 110.8549 0.0000
108.5143 110.8549 0.0000 109.5190 110.8549 0.0000 110.5238 110.8549 0.0000
111.5286 110.8549 0.0000 112.5333 110.8549 0.0000 113.5381 110.8549 0.0000
114.5428 110.8549 0.0000 115.5476 110.8549 0.0000 116.5524 110.8549 0.0000
117.5571 110.8549 0.0000 118.5619 110.8549 0.0000 119.5666 110.8549 0.0000
0.0000 111.8626 0.0000 1.0048 111.8626 0.0000 2.0095 111.8626 0.0000
3.0143 111.8626 0.0000 4.0190 111.8626 0.0000 5.0238 111.8626 0.0000
6.0286 111.8626 0.0000 7.0333 111.8626 0.0000 8.0381 111.8626 0.0000
9.0429 111.8626 0.0000 10.0476 111.8626 0.0000 11.0524 111.8626 0.0000
12.0571 111.8626 0.0000 13.0619 111.8626 0.0000 14.0667 111.8626 0.0000
15.0714 111.8626 0.0000 16.0762 111.8626 0.0000 17.0809 111.8626 0.0000
18.0857 111.8626 0.0000 19.0905 111.8626 0.0000 20.0952 111.8626 0.0000
21.1000 111.8626 0.0000 22.1048 111.8626 0.0000 23.1095 111.8626 0.0000
24.1143 111.8626 0.0000 25.1190 111.8626 0.0000 26.1238 111.8626 0.0000
27.1286 111.8626 0.0000 28.1333 111.8626 0.0000 29.1381 111.8626 0.0000
30.1429 111.8626 0.0000 31.1476 111.8626 0.0000 32.1524 111.8626 0.0000
33.1571 111.8626 0.0000 34.1619 111.8626 0.0000 35.1667 111.8626 0.0000
36.1714 111.8626 0.0000 37.1762 111.8626 0.0000 38.1809 111.8626 0.0000
39.1857 111.8626 0.0000 40.1905 111.8626 0.0000 41.1952 111.8626 0.0000
42.2000 111.8626 0.0000 43.2048 111.8626 0.0000 44.2095 111.8626 0.0000
45.2143 111.8626 0.0000 46.2190 111.8626 0.0000 47.2238 111.8626 0.0000
48.2286 111.8626 0.0000 49.2333 111.8626 0.0000 50.2381 111.8626 0.0000
51.2428 111.8626 0.0000 52.2476 111.8626 0.0000 53.2524 111.8626 0.0000
54.2571 111.8626 0.0000 55.2619 111.8626 0.0000 56.2667 111.8626 0.0000
57.2714 111.8626 0.0000 58.2762 111.8626 0.0000 59.2809 111.8626 0.0000
60.2857 111.8626 0.0000 61.2905 111.8626 0.0000 62.2952 111.8626 0.0000
63.3000 111.8626 0.0000 64.3048 111.8626 0.0000 65.3095 111.8626 0.0000
66.3143 111.8626 0.0000 67.3190 111.8626 0.0000 68.3238 111.8626 0.0000
69.3286 111.8626 0.0000 70.3333 111.8626 0.0000 71.3381 111.8626 0.0000
72.3428 111.8626 0.0000 73.3476 111.8626 0.0000 74.3524 111.8626 0.0000
75.3571 111.8626 0.0000 76.3619 111.8626 0.0000 77.3667 111.8626 0.0000
78.3714 111.8626 0.0000 79.3762 111.8626 0.0000 80.3809 111.8626 0.0000
81.3857 111.8626 0.0000 82.3905 111.8626 0.0000 83.3952 111.8626 0.0000
84.4000 111.8626 0.0000 85.4047 111.8626 0.0000 86.4095 111.8626 0.0000
87.4143 111.8626 0.0000 88.4190 111.8626 0.0000 89.4238 111.8626 0.0000
90.4286 111.8626 0.0000 91.4333 111.8626 0.0000 92.4381 111.8626 0.0000
93.4428 111.8626 0.0000 94.4476 111.8626 0.0000 95.4524 111.8626 0.0000
96.4571 111.8626 0.0000 97.4619 111.8626 0.0000 98.4667 111.8626 0.0000
99.4714 111.8626 0.0000 100.4762 111.8626 0.0000 101.4809 111.8626 0.0000
102.4857 111.8626 0.0000 103.4905 111.8626 0.0000 104.4952 111.8626 0.0000
105.5000 111.8626 0.0000 106.5047 111.8626 0.0000 107.5095 111.8626 0.0000
108.5143 111.8626 0.0000 109.5190 111.8626 0.0000 110.5238 111.8626 0.0000
111.5286 111.8626 0.0000 112.5333 111.8626 0.0000 113.5381 111.8626 0.0000
114.5428 111.8626 0.0000 115.5476 111.8626 0.0000 116.5524 111.8626 0.0000
117.5571 111.8626 0.0000 118.5619 111.8626 0.0000 119.5666 111.8626 0.0000
0.0000 112.8704 0.0000 1.0048 112.8704 0.0000 2.0095 112.8704 0.0000
3.0143 112.8704 0.0000 4.0190 112.8704 0.0000 5.0238 112.8704 0.0000
6.0286 112.8704 0.0000 7.0333 112.8704 0.0000 8.0381 112.8704 0.0000
9.0429 112.8704 0.0000 10.0476 112.8704 0.0000 11.0524 112.8704 0.0000
12.0571 112.8704 0.0000 13.0619 112.8704 0.0000 14.0667 112.8704 0.0000
15.0714 112.8704 0.0000 16.0762 112.8704 0.0000 17.0809 112.8704 0.0000
18.0857 112.8704 0.0000 19.0905 112.8704 0.0000 20.0952 112.8704 0.0000
21.1000 112.8704 0.0000 22.1048 112.8704 0.0000 23.1095 112.8704 0.0000
24.1143 112.8704 0.0000 25.1190 112.8704 0.0000 26.1238 112.8704 0.0000
27.1286 112.8704 0.0000 28.1333 112.8704 0.0000 29.1381 112.8704 0.0000
30.1429 112.8704 0.0000 31.1476 112.8704 0.0000 32.1524 112.8704 0.0000
33.1571 112.8704 0.0000 34.1619 112.8704 0.0000 35.1667 112.8704 0.0000
36.1714 112.8704 0.0000 37.1762 112.8704 0.0000 38.1809 112.8704 0.0000
39.1857 112.8704 0.0000 40.1905 112.8704 0.0000 41.1952 112.8704 0.0000
42.2000 112.8704 0.0000 43.2048 112.8704 0.0000 44.2095 112.8704 0.0000
45.2143 112.8704 0.0000 46.2190 112.8704 0.0000 47.2238 112.8704 0.0000
48.2286 112.8704 0.0000 49.2333 112.8704 0.0000 50.2381 112.8704 0.0000
51.2428 112.8704 0.0000 52.2476 112.8704 0.0000 53.2524 112.8704 0.0000
54.2571 112.8704 0.0000 55.2619 112.8704 0.0000 56.2667 112.8704 0.0000
57.2714 112.8704 0.0000 58.2762 112.8704 0.0000 59.2809 112.8704 0.0000
60.2857 112.8704 0.0000 61.2905 112.8704 0.0000 62.2952 112.8704 0.0000
63.3000 112.8704 0.0000 64.3048 112.8704 0.0000 65.3095 112.8704 0.0000
66.3143 112.8704 0.0000 67.3190 112.8704 0.0000 68.3238 112.8704 0.0000
69.3286 112.8704 0.0000 70.3333 112.8704 0.0000 71.3381 112.8704 0.0000
72.3428 112.8704 0.0000 73.3476 112.8704 0.0000 74.3524 112.8704 0.0000
75.3571 112.8704 0.0000 76.3619 112.8704 0.0000 77.3667 112.8704 0.0000
78.3714 112.8704 0.0000 79.3762 112.8704 0.0000 80.3809 112.8704 0.0000
81.3857 112.8704 0.0000 82.3905 112.8704 0.0000 83.3952 112.8704 0.0000
84.4000 112.8704 0.0000 85.4047 112.8704 0.0000 86.4095 112.8704 0.0000
87.4143 112.8704 0.0000 88.4190 112.8704 0.0000 89.4238 112.8704 0.0000
90.4286 112.8704 0.0000 91.4333 112.8704 0.0000 92.4381 112.8704 0.0000
93.4428 112.8704 0.0000 94.4476 112.8704 0.0000 95.4524 112.8704 0.0000
96.4571 112.8704 0.0000 97.4619 112.8704 0.0000 98.4667 112.8704 0.0000
99.4714 112.8704 0.0000 100.4762 112.8704 0.0000 101.4809 112.8704 0.0000
102.4857 112.8704 0.0000 103.4905 112.8704 0.0000 104.4952 112.8704 0.0000
105.5000 112.8704 0.0000 106.5047 112.8704 0.0000 107.5095 112.8704 0.0000
108.5143 112.8704 0.0000 109.5190 112.8704 0.0000 110.5238 112.8704 0.0000
111.5286 112.8704 0.0000 112.5333 112.8704 0.0000 113.5381 112.8704 0.0000
114.5428 112.8704 0.0000 115.5476 112.8704 0.0000 116.5524 112.8704 0.0000
117.5571 112.8704 0.0000 118.5619 112.8704 0.0000 119.5666 112.8704 0.0000
0.0000 113.8782 0.0000 1.0048 113.8782 0.0000 2.0095 113.8782 0.0000
3.0143 113.8782 0.0000 4.0190 113.8782 0.0000 5.0238 113.8782 0.0000
6.0286 113.8782 0.0000 7.0333 113.8782 0.0000 8.0381 113.8782 0.0000
9.0429 113.8782 0.0000 10.0476 113.8782 0.0000 11.0524 113.8782 0.0000
12.0571 113.8782 0.0000 13.0619 113.8782 0.0000 14.0667 113.8782 0.0000
15.0714 113.8782 0.0000 16.0762 113.8782 0.0000 17.0809 113.8782 0.0000
18.0857 113.8782 0.0000 19.0905 113.8782 0.0000 20.0952 113.8782 0.0000
21.1000 113.8782 0.0000 22.1048 113.8782 0.0000 23.1095 113.8782 0.0000
24.1143 113.8782 0.0000 25.1190 113.8782 0.0000 26.1238 113.8782 0.0000
27.1286 113.8782 0.0000 28.1333 113.8782 0.0000 29.1381 113.8782 0.0000
30.1429 113.8782 0.0000 31.1476 113.8782 0.0000 32.1524 113.8782 0.0000
33.1571 113.8782 0.0000 34.1619 113.8782 0.0000 35.1667 113.8782 0.0000
36.1714 113.8782 0.0000 37.1762 113.8782 0.0000 38.1809 113.8782 0.0000
39.1857 113.8782 0.0000 40.1905 113.8782 0.0000 41.1952 113.8782 0.0000
42.2000 113.8782 0.0000 43.2048 113.8782 0.0000 44.2095 113.8782 0.0000
45.2143 113.8782 0.0000 46.2190 113.8782 0.0000 47.2238 113.8782 0.0000
48.2286 113.8782 0.0000 49.2333 113.8782 0.0000 50.2381 113.8782 0.0000
51.2428 113.8782 0.0000 52.2476 113.8782 0.0000 53.2524 113.8782 0.0000
54.2571 113.8782 0.0000 55.2619 113.8782 0.0000 56.2667 113.8782 0.0000
57.2714 113.8782 0.0000 58.2762 113.8782 0.0000 59.2809 113.8782 0.0000
60.2857 113.8782 0.0000 61.2905 113.8782 0.0000 62.2952 113.8782 0.0000
63.3000 113.8782 0.0000 64.3048 113.8782 0.0000 65.3095 113.8782 0.0000
66.3143 113.8782 0.0000 67.3190 113.8782 0.0000 68.3238 113.8782 0.0000
69.3286 113.8782 0.0000 70.3333 113.8782 0.0000 71.3381 113.8782 0.0000
72.3428 113.8782 0.0000 73.3476 113.8782 0.0000 74.3524 113.8782 0.0000
75.3571 113.8782 0.0000 76.3619 113.8782 0.0000 77.3667 113.8782 0.0000
78.3714 113.8782 0.0000 79.3762 113.8782 0.0000 80.3809 113.8782 0.0000
81.3857 113.8782 0.0000 82.3905 113.8782 0.0000 83.3952 113.8782 0.0000
84.4000 113.8782 0.0000 85.4047 113.8782 0.0000 86.4095 113.8782 0.0000
87.4143 113.8782 0.0000 88.4190 113.8782 0.0000 89.4238 113.8782 0.0000
90.4286 113.8782 0.0000 91.4333 113.8782 0.0000 92.4381 113.8782 0.0000
93.4428 113.8782 0.0000 94.4476 113.8782 0.0000 95.4524 113.8782 0.0000
96.4571 113.8782 0.0000 97.4619 113.8782 0.0000 98.4667 113.8782 0.0000
99.4714 113.8782 0.0000 100.4762 113.8782 0.0000 101.4809 113.8782 0.0000
102.4857 113.8782 0.0000 103.4905 113.8782 0.0000 104.4952 113.8782 0.0000
105.5000 113.8782 0.0000 106.5047 113.8782 0.0000 107.5095 113.8782 0.0000
108.5143 113.8782 0.0000 109.5190 113.8782 0.0000 110.5238 113.8782 0.0000
111.5286 113.8782 0.0000 112.5333 113.8782 0.0000 113.5381 113.8782 0.0000
114.5428 113.8782 0.0000 115.5476 113.8782 0.0000 116.5524 113.8782 0.0000
117.5571 113.8782 0.0000 118.5619 113.8782 0.0000 119.5666 113.8782 0.0000
0.0000 114.8860 0.0000 1.0048 114.8860 0.0000 2.0095 114.8860 0.0000
3.0143 114.8860 0.0000 4.0190 114.8860 0.0000 5.0238 114.8860 0.0000
6.0286 114.8860 0.0000 7.0333 114.8860 0.0000 8.0381 114.8860 0.0000
9.0429 114.8860 0.0000 10.0476 114.8860 0.0000 11.0524 114.8860 0.0000
12.0571 114.8860 0.0000 13.0619 114.8860 0.0000 14.0667 114.8860 0.0000
15.0714 114.8860 0.0000 16.0762 114.8860 0.0000 17.0809 114.8860 0.0000
18.0857 114.8860 0.0000 19.0905 114.8860 0.0000 20.0952 114.8860 0.0000
21.1000 114.8860 0.0000 22.1048 114.8860 0.0000 23.1095 114.8860 0.0000
24.1143 114.8860 0.0000 25.1190 114.8860 0.0000 26.1238 114.8860 0.0000
27.1286 114.8860 0.0000 28.1333 114.8860 0.0000 29.1381 114.8860 0.0000
30.1429 114.8860 0.0000 31.1476 114.8860 0.0000 32.1524 114.8860 0.0000
33.1571 114.8860 0.0000 34.1619 114.8860 0.0000 35.1667 114.8860 0.0000
36.1714 114.8860 0.0000 37.1762 114.8860 0.0000 38.1809 114.8860 0.0000
39.1857 114.8860 0.0000 40.1905 114.8860 0.0000 41.1952 114.8860 0.0000
42.2000 114.8860 0.0000 43.2048 114.8860 0.0000 44.2095 114.8860 0.0000
45.2143 114.8860 0.0000 46.2190 114.8860 0.0000 47.2238 114.8860 0.0000
48.2286 114.8860 0.0000 49.2333 114.8860 0.0000 50.2381 114.8860 0.0000
51.2428 114.8860 0.0000 52.2476 114.8860 0.0000 53.2524 114.8860 0.0000
54.2571 114.8860 0.0000 55.2619 114.8860 0.0000 56.2667 114.8860 0.0000
57.2714 114.8860 0.0000 58.2762 114.8860 0.0000 59.2809 114.8860 0.0000
60.2857 114.8860 0.0000 61.2905 114.8860 0.0000 62.2952 114.8860 0.0000
63.3000 114.8860 0.0000 64.3048 114.8860 0.0000 65.3095 114.8860 0.0000
66.3143 114.8860 0.0000 67.3190 114.8860 0.0000 68.3238 114.8860 0.0000
69.3286 114.8860 0.0000 70.3333 114.8860 0.0000 71.3381 114.8860 0.0000
72.3428 114.8860 0.0000 73.3476 114.8860 0.0000 74.3524 114.8860 0.0000
75.3571 114.8860 0.0000 76.3619 114.8860 0.0000 77.3667 114.8860 0.0000
78.3714 114.8860 0.0000 79.3762 114.8860 0.0000 80.3809 114.8860 0.0000
81.3857 114.8860 0.0000 82.3905 114.8860 0.0000 83.3952 114.8860 0.0000
84.4000 114.8860 0.0000 85.4047 114.8860 0.0000 86.4095 114.8860 0.0000
87.4143 114.8860 0.0000 88.4190 114.8860 0.0000 89.4238 114.8860 0.0000
90.4286 114.8860 0.0000 91.4333 114.8860 0.0000 92.4381 114.8860 0.0000
93.4428 114.8860 0.0000 94.4476 114.8860 0.0000 95.4524 114.8860 0.0000
96.4571 114.8860 0.0000 97.4619 114.8860 0.0000 98.4667 114.8860 0.0000
99.4714 114.8860 0.0000 100.4762 114.8860 0.0000 101.4809 114.8860 0.0000
102.4857 114.8860 0.0000 103.4905 114.8860 0.0000 104.4952 114.8860 0.0000
105.5000 114.8860 0.0000 106.5047 114.8860 0.0000 107.5095 114.8860 0.0000
108.5143 114.8860 0.0000 109.5190 114.8860 0.0000 110.5238 114.8860 0.0000
111.5286 114.8860 0.0000 112.5333 114.8860 0.0000 113.5381 114.8860 0.0000
114.5428 114.8860 0.0000 115.5476 114.8860 0.0000 116.5524 114.8860 0.0000
117.5571 114.8860 0.0000 118.5619 114.8860 0.0000 119.5666 114.8860 0.0000
0.0000 115.8937 0.0000 1.0048 115.8937 0.0000 2.0095 115.8937 0.0000
3.0143 115.8937 0.0000 4.0190 115.8937 0.0000 5.0238 115.8937 0.0000
6.0286 115.8937 0.0000 7.0333 115.8937 0.0000 8.0381 115.8937 0.0000
9.0429 115.8937 0.0000 10.0476 115.8937 0.0000 11.0524 115.8937 0.0000
12.0571 115.8937 0.0000 13.0619 115.8937 0.0000 14.0667 115.8937 0.0000
15.0714 115.8937 0.0000 16.0762 115.8937 0.0000 17.0809 115.8937 0.0000
18.0857 115.8937 0.0000 19.0905 115.8937 0.0000 20.0952 115.8937 0.0000
21.1000 115.8937 0.0000 22.1048 115.8937 0.0000 23.1095 115.8937 0.0000
24.1143 115.8937 0.0000 25.1190 115.8937 0.0000 26.1238 115.8937 0.0000
27.1286 115.8937 0.0000 28.1333 115.8937 0.0000 29.1381 115.8937 0.0000
30.1429 115.8937 0.0000 31.1476 115.8937 0.0000 32.1524 115.8937 0.0000
33.1571 115.8937 0.0000 34.1619 115.8937 0.0000 35.1667 115.8937 0.0000
36.1714 115.8937 0.0000 37.1762 115.8937 0.0000 38.1809 115.8937 0.0000
39.1857 115.8937 0.0000 40.1905 115.8937 0.0000 41.1952 115.8937 0.0000
42.2000 115.8937 0.0000 43.2048 115.8937 0.0000 44.2095 115.8937 0.0000
45.2143 115.8937 0.0000 46.2190 115.8937 0.0000 47.2238 115.8937 0.0000
48.2286 115.8937 0.0000 49.2333 115.8937 0.0000 50.2381 115.8937 0.0000
51.2428 115.8937 0.0000 52.2476 115.8937 0.0000 53.2524 115.8937 0.0000
54.2571 115.8937 0.0000 55.2619 115.8937 0.0000 56.2667 115.8937 0.0000
57.2714 115.8937 0.0000 58.2762 115.8937 0.0000 59.2809 115.8937 0.0000
60.2857 115.8937 0.0000 61.2905 115.8937 0.0000 62.2952 115.8937 0.0000
63.3000 115.8937 0.0000 64.3048 115.8937 0.0000 65.3095 115.8937 0.0000
66.3143 115.8937 0.0000 67.3190 115.8937 0.0000 68.3238 115.8937 0.0000
69.3286 115.8937 0.0000 70.3333 115.8937 0.0000 71.3381 115.8937 0.0000
72.3428 115.8937 0.0000 73.3476 115.8937 0.0000 74.3524 115.8937 0.0000
75.3571 115.8937 0.0000 76.3619 115.8937 0.0000 77.3667 115.8937 0.0000
78.3714 115.8937 0.0000 79.3762 115.8937 0.0000 80.3809 115.8937 0.0000
81.3857 115.8937 0.0000 82.3905 115.8937 0.0000 83.3952 115.8937 0.0000
84.4000 115.8937 0.0000 85.4047 115.8937 0.0000 86.4095 115.8937 0.0000
87.4143 115.8937 0.0000 88.4190 115.8937 0.0000 89.4238 115.8937 0.0000
90.4286 115.8937 0.0000 91.4333 115.8937 0.0000 92.4381 115.8937 0.0000
93.4428 115.8937 0.0000 94.4476 115.8937 0.0000 95.4524 115.8937 0.0000
96.4571 115.8937 0.0000 97.4619 115.8937 0.0000 98.4667 115.8937 0.0000
99.4714 115.8937 0.0000 100.4762 115.8937 0.0000 101.4809 115.8937 0.0000
102.4857 115.8937 0.0000 103.4905 115.8937 0.0000 104.4952 115.8937 0.0000
105.5000 115.8937 0.0000 106.5047 115.8937 0.0000 107.5095 115.8937 0.0000
108.5143 115.8937 0.0000 109.5190 115.8937 0.0000 110.5238 115.8937 0.0000
111.5286 115.8937 0.0000 112.5333 115.8937 0.0000 113.5381 115.8937 0.0000
114.5428 115.8937 0.0000 115.5476 115.8937 0.0000 116.5524 115.8937 0.0000
117.5571 115.8937 0.0000 118.5619 115.8937 0.0000 119.5666 115.8937 0.0000
0.0000 116.9015 0.0000 1.0048 116.9015 0.0000 2.0095 116.9015 0.0000
3.0143 116.9015 0.0000 4.0190 116.9015 0.0000 5.0238 116.9015 0.0000
6.0286 116.9015 0.0000 7.0333 116.9015 0.0000 8.0381 116.9015 0.0000
9.0429 116.9015 0.0000 10.0476 116.9015 0.0000 11.0524 116.9015 0.0000
12.0571 116.9015 0.0000 13.0619 116.9015 0.0000 14.0667 116.9015 0.0000
15.0714 116.9015 0.0000 16.0762 116.9015 0.0000 17.0809 116.9015 0.0000
18.0857 116.9015 0.0000 19.0905 116.9015 0.0000 20.0952 116.9015 0.0000
21.1000 116.9015 0.0000 22.1048 116.9015 0.0000 23.1095 116.9015 0.0000
24.1143 116.9015 0.0000 25.1190 116.9015 0.0000 26.1238 116.9015 0.0000
27.1286 116.9015 0.0000 28.1333 116.9015 0.0000 29.1381 116.9015 0.0000
30.1429 116.9015 0.0000 31.1476 116.9015 0.0000 32.1524 116.9015 0.0000
33.1571 116.9015 0.0000 34.1619 116.9015 0.0000 35.1667 116.9015 0.0000
36.1714 116.9015 0.0000 37.1762 116.9015 0.0000 38.1809 116.9015 0.0000
39.1857 116.9015 0.0000 40.1905 116.9015 0.0000 41.1952 116.9015 0.0000
42.2000 116.9015 0.0000 43.2048 116.9015 0.0000 44.2095 116.9015 0.0000
45.2143 116.9015 0.0000 46.2190 116.9015 0.0000 47.2238 116.9015 0.0000
48.2286 116.9015 0.0000 49.2333 116.9015 0.0000 50.2381 116.9015 0.0000
51.2428 116.9015 0.0000 52.2476 116.9015 0.0000 53.2524 116.9015 0.0000
54.2571 116.9015 0.0000 55.2619 116.9015 0.0000 56.2667 116.9015 0.0000
57.2714 116.9015 0.0000 58.2762 116.9015 0.0000 59.2809 116.9015 0.0000
60.2857 116.9015 0.0000 61.2905 116.9015 0.0000 62.2952 116.9015 0.0000
63.3000 116.9015 0.0000 64.3048 116.9015 0.0000 65.3095 116.9015 0.0000
66.3143 116.9015 0.0000 67.3190 116.9015 0.0000 68.3238 116.9015 0.0000
69.3286 116.9015 0.0000 70.3333 116.9015 0.0000 71.3381 116.9015 0.0000
72.3428 116.9015 0.0000 73.3476 116.9015 0.0000 74.3524 116.9015 0.0000
75.3571 116.9015 0.0000 76.3619 116.9015 0.0000 77.3667 116.9015 0.0000
78.3714 116.9015 0.0000 79.3762 116.9015 0.0000 80.3809 116.9015 0.0000
81.3857 116.9015 0.0000 82.3905 116.9015 0.0000 83.3952 116.9015 0.0000
84.4000 116.9015 0.0000 85.4047 116.9015 0.0000 86.4095 116.9015 0.0000
87.4143 116.9015 0.0000 88.4190 116.9015 0.0000 89.4238 116.9015 0.0000
90.4286 116.9015 0.0000 91.4333 116.9015 0.0000 92.4381 116.9015 0.0000
93.4428 116.9015 0.0000 94.4476 116.9015 0.0000 95.4524 116.9015 0.0000
96.4571 116.9015 0.0000 97.4619 116.9015 0.0000 98.4667 116.9015 0.0000
99.4714 116.9015 0.0000 100.4762 116.9015 0.0000 101.4809 116.9015 0.0000
102.4857 116.9015 0.0000 103.4905 116.9015 0.0000 104.4952 116.9015 0.0000
105.5000 116.9015 0.0000 106.5047 116.9015 0.0000 107.5095 116.9015 0.0000
108.5143 116.9015 0.0000 109.5190 116.9015 0.0000 110.5238 116.9015 0.0000
111.5286 116.9015 0.0000 112.5333 116.9015 0.0000 113.5381 116.9015 0.0000
114.5428 116.9015 0.0000 115.5476 116.9015 0.0000 116.5524 116.9015 0.0000
117.5571 116.9015 0.0000 118.5619 116.9015 0.0000 119.5666 116.9015 0.0000
0.0000 117.9093 0.0000 1.0048 117.9093 0.0000 2.0095 117.9093 0.0000
3.0143 117.9093 0.0000 4.0190 117.9093 0.0000 5.0238 117.9093 0.0000
6.0286 117.9093 0.0000 7.0333 117.9093 0.0000 8.0381 117.9093 0.0000
9.0429 117.9093 0.0000 10.0476 117.9093 0.0000 11.0524 117.9093 0.0000
12.0571 117.9093 0.0000 13.0619 117.9093 0.0000 14.0667 117.9093 0.0000
15.0714 117.9093 0.0000 16.0762 117.9093 0.0000 17.0809 117.9093 0.0000
18.0857 117.9093 0.0000 19.0905 117.9093 0.0000 20.0952 117.9093 0.0000
21.1000 117.9093 0.0000 22.1048 117.9093 0.0000 23.1095 117.9093 0.0000
24.1143 117.9093 0.0000 25.1190 117.9093 0.0000 26.1238 117.9093 0.0000
27.1286 117.9093 0.0000 28.1333 117.9093 0.0000 29.1381 117.9093 0.0000
30.1429 117.9093 0.0000 31.1476 117.9093 0.0000 32.1524 117.9093 0.0000
33.1571 117.9093 0.0000 34.1619 117.9093 0.0000 35.1667 117.9093 0.0000
36.1714 117.9093 0.0000 37.1762 117.9093 0.0000 38.1809 117.9093 0.0000
39.1857 117.9093 0.0000 40.1905 117.9093 0.0000 41.1952 117.9093 0.0000
42.2000 117.9093 0.0000 43.2048 117.9093 0.0000 44.2095 117.9093 0.0000
45.2143 117.9093 0.0000 46.2190 117.9093 0.0000 47.2238 117.9093 0.0000
48.2286 117.9093 0.0000 49.2333 117.9093 0.0000 50.2381 117.9093 0.0000
51.2428 117.9093 0.0000 52.2476 117.9093 0.0000 53.2524 117.9093 0.0000
54.2571 117.9093 0.0000 55.2619 117.9093 0.0000 56.2667 117.9093 0.0000
57.2714 117.9093 0.0000 58.2762 117.9093 0.0000 59.2809 117.9093 0.0000
60.2857 117.9093 0.0000 61.2905 117.9093 0.0000 62.2952 117.9093 0.0000
63.3000 117.9093 0.0000 64.3048 117.9093 0.0000 65.3095 117.9093 0.0000
66.3143 117.9093 0.0000 67.3190 117.9093 0.0000 68.3238 117.9093 0.0000
69.3286 117.9093 0.0000 70.3333 117.9093 0.0000 71.3381 117.9093 0.0000
72.3428 117.9093 0.0000 73.3476 117.9093 0.0000 74.3524 117.9093 0.0000
75.3571 117.9093 0.0000 76.3619 117.9093 0.0000 77.3667 117.9093 0.0000
78.3714 117.9093 0.0000 79.3762 117.9093 0.0000 80.3809 117.9093 0.0000
81.3857 117.9093 0.0000 82.3905 117.9093 0.0000 83.3952 117.9093 0.0000
84.4000 117.9093 0.0000 85.4047 117.9093 0.0000 86.4095 117.9093 0.0000
87.4143 117.9093 0.0000 88.4190 117.9093 0.0000 89.4238 117.9093 0.0000
90.4286 117.9093 0.0000 91.4333 117.9093 0.0000 92.4381 117.9093 0.0000
93.4428 117.9093 0.0000 94.4476 117.9093 0.0000 95.4524 117.9093 0.0000
96.4571 117.9093 0.0000 97.4619 117.9093 0.0000 98.4667 117.9093 0.0000
99.4714 117.9093 0.0000 100.4762 117.9093 0.0000 101.4809 117.9093 0.0000
102.4857 117.9093 0.0000 103.4905 117.9093 0.0000 104.4952 117.9093 0.0000
105.5000 117.9093 0.0000 106.5047 117.9093 0.0000 107.5095 117.9093 0.0000
108.5143 117.9093 0.0000 109.5190 117.9093 0.0000 110.5238 117.9093 0.0000
111.5286 117.9093 0.0000 112.5333 117.9093 0.0000 113.5381 117.9093 0.0000
114.5428 117.9093 0.0000 115.5476 117.9093 0.0000 116.5524 117.9093 0.0000
117.5571 117.9093 0.0000 118.5619 117.9093 0.0000 119.5666 117.9093 0.0000
0.0000 118.9170 0.0000 1.0048 118.9170 0.0000 2.0095 118.9170 0.0000
3.0143 118.9170 0.0000 4.0190 118.9170 0.0000 5.0238 118.9170 0.0000
6.0286 118.9170 0.0000 7.0333 118.9170 0.0000 8.0381 118.9170 0.0000
9.0429 118.9170 0.0000 10.0476 118.9170 0.0000 11.0524 118.9170 0.0000
12.0571 118.9170 0.0000 13.0619 118.9170 0.0000 14.0667 118.9170 0.0000
15.0714 118.9170 0.0000 16.0762 118.9170 0.0000 17.0809 118.9170 0.0000
18.0857 118.9170 0.0000 19.0905 118.9170 0.0000 20.0952 118.9170 0.0000
21.1000 118.9170 0.0000 22.1048 118.9170 0.0000 23.1095 118.9170 0.0000
24.1143 118.9170 0.0000 25.1190 118.9170 0.0000 26.1238 118.9170 0.0000
27.1286 118.9170 0.0000 28.1333 118.9170 0.0000 29.1381 118.9170 0.0000
30.1429 118.9170 0.0000 31.1476 118.9170 0.0000 32.1524 118.9170 0.0000
33.1571 118.9170 0.0000 34.1619 118.9170 0.0000 35.1667 118.9170 0.0000
36.1714 118.9170 0.0000 37.1762 118.9170 0.0000 38.1809 118.9170 0.0000
39.1857 118.9170 0.0000 40.1905 118.9170 0.0000 41.1952 118.9170 0.0000
42.2000 118.9170 0.0000 43.2048 118.9170 0.0000 44.2095 118.9170 0.0000
45.2143 118.9170 0.0000 46.2190 118.9170 0.0000 47.2238 118.9170 0.0000
48.2286 118.9170 0.0000 49.2333 118.9170 0.0000 50.2381 118.9170 0.0000
51.2428 118.9170 0.0000 52.2476 118.9170 0.0000 53.2524 118.9170 0.0000
54.2571 118.9170 0.0000 55.2619 118.9170 0.0000 56.2667 118.9170 0.0000
57.2714 118.9170 0.0000 58.2762 118.9170 0.0000 59.2809 118.9170 0.0000
60.2857 118.9170 0.0000 61.2905 118.9170 0.0000 62.2952 118.9170 0.0000
63.3000 118.9170 0.0000 64.3048 118.9170 0.0000 65.3095 118.9170 0.0000
66.3143 118.9170 0.0000 67.3190 118.9170 0.0000 68.3238 118.9170 0.0000
69.3286 118.9170 0.0000 70.3333 118.9170 0.0000 71.3381 118.9170 0.0000
72.3428 118.9170 0.0000 73.3476 118.9170 0.0000 74.3524 118.9170 0.0000
75.3571 118.9170 0.0000 76.3619 118.9170 0.0000 77.3667 118.9170 0.0000
78.3714 118.9170 0.0000 79.3762 118.9170 0.0000 80.3809 118.9170 0.0000
81.3857 118.9170 0.0000 82.3905 118.9170 0.0000 83.3952 118.9170 0.0000
84.4000 118.9170 0.0000 85.4047 118.9170 0.0000 86.4095 118.9170 0.0000
87.4143 118.9170 0.0000 88.4190 118.9170 0.0000 89.4238 118.9170 0.0000
90.4286 118.9170 0.0000 91.4333 118.9170 0.0000 92.4381 118.9170 0.0000
93.4428 118.9170 0.0000 94.4476 118.9170 0.0000 95.4524 118.9170 0.0000
96.4571 118.9170 0.0000 97.4619 118.9170 0.0000 98.4667 118.9170 0.0000
99.4714 118.9170 0.0000 100.4762 118.9170 0.0000 101.4809 118.9170 0.0000
102.4857 118.9170 0.0000 103.4905 118.9170 0.0000 104.4952 118.9170 0.0000
105.5000 118.9170 0.0000 106.5047 118.9170 0.0000 107.5095 118.9170 0.0000
108.5143 118.9170 0.0000 109.5190 118.9170 0.0000 110.5238 118.9170 0.0000
111.5286 118.9170 0.0000 112.5333 118.9170 0.0000 113.5381 118.9170 0.0000
114.5428 118.9170 0.0000 115.5476 118.9170 0.0000 116.5524 118.9170 0.0000
117.5571 118.9170 0.0000 118.5619 118.9170 0.0000 119.5666 118.9170 0.0000
0.0000 119.9248 0.0000 1.0048 119.9248 0.0000 2.0095 119.9248 0.0000
3.0143 119.9248 0.0000 4.0190 119.9248 0.0000 5.0238 119.9248 0.0000
6.0286 119.9248 0.0000 7.0333 119.9248 0.0000 8.0381 119.9248 0.0000
9.0429 119.9248 0.0000 10.0476 119.9248 0.0000 11.0524 119.9248 0.0000
12.0571 119.9248 0.0000 13.0619 119.9248 0.0000 14.0667 119.9248 0.0000
15.0714 119.9248 0.0000 16.0762 119.9248 0.0000 17.0809 119.9248 0.0000
18.0857 119.9248 0.0000 19.0905 119.9248 0.0000 20.0952 119.9248 0.0000
21.1000 119.9248 0.0000 22.1048 119.9248 0.0000 23.1095 119.9248 0.0000
24.1143 119.9248 0.0000 25.1190 119.9248 0.0000 26.1238 119.9248 0.0000
27.1286 119.9248 0.0000 28.1333 119.9248 0.0000 29.1381 119.9248 0.0000
30.1429 119.9248 0.0000 31.1476 119.9248 0.0000 32.1524 119.9248 0.0000
33.1571 119.9248 0.0000 34.1619 119.9248 0.0000 35.1667 119.9248 0.0000
36.1714 119.9248 0.0000 37.1762 119.9248 0.0000 38.1809 119.9248 0.0000
39.1857 119.9248 0.0000 40.1905 119.9248 0.0000 41.1952 119.9248 0.0000
42.2000 119.9248 0.0000 43.2048 119.9248 0.0000 44.2095 119.9248 0.0000
45.2143 119.9248 0.0000 46.2190 119.9248 0.0000 47.2238 119.9248 0.0000
48.2286 119.9248 0.0000 49.2333 119.9248 0.0000 50.2381 119.9248 0.0000
51.2428 119.9248 0.0000 52.2476 119.9248 0.0000 53.2524 119.9248 0.0000
54.2571 119.9248 0.0000 55.2619 119.9248 0.0000 56.2667 119.9248 0.0000
57.2714 119.9248 0.0000 58.2762 119.9248 0.0000 59.2809 119.9248 0.0000
60.2857 119.9248 0.0000 61.2905 119.9248 0.0000 62.2952 119.9248 0.0000
63.3000 119.9248 0.0000 64.3048 119.9248 0.0000 65.3095 119.9248 0.0000
66.3143 119.9248 0.0000 67.3190 119.9248 0.0000 68.3238 119.9248 0.0000
69.3286 119.9248 0.0000 70.3333 119.9248 0.0000 71.3381 119.9248 0.0000
72.3428 119.9248 0.0000 73.3476 119.9248 0.0000 74.3524 119.9248 0.0000
75.3571 119.9248 0.0000 76.3619 119.9248 0.0000 77.3667 119.9248 0.0000
78.3714 119.9248 0.0000 79.3762 119.9248 0.0000 80.3809 119.9248 0.0000
81.3857 119.9248 0.0000 82.3905 119.9248 0.0000 83.3952 119.9248 0.0000
84.4000 119.9248 0.0000 85.4047 119.9248 0.0000 86.4095 119.9248 0.0000
87.4143 119.9248 0.0000 88.4190 119.9248 0.0000 89.4238 119.9248 0.0000
90.4286 119.9248 0.0000 91.4333 119.9248 0.0000 92.4381 119.9248 0.0000
93.4428 119.9248 0.0000 94.4476 119.9248 0.0000 95.4524 119.9248 0.0000
96.4571 119.9248 0.0000 97.4619 119.9248 0.0000 98.4667 119.9248 0.0000
99.4714 119.9248 0.0000 100.4762 119.9248 0.0000 101.4809 119.9248 0.0000
102.4857 119.9248 0.0000 103.4905 119.9248 0.0000 104.4952 119.9248 0.0000
105.5000 119.9248 0.0000 106.5047 119.9248 0.0000 107.5095 119.9248 0.0000
108.5143 119.9248 0.0000 109.5190 119.9248 0.0000 110.5238 119.9248 0.0000
111.5286 119.9248 0.0000 112.5333 119.9248 0.0000 113.5381 119.9248 0.0000
114.5428 119.9248 0.0000 115.5476 119.9248 0.0000 116.5524 119.9248 0.0000
117.5571 119.9248 0.0000 118.5619 119.9248 0.0000 119.5666 119.9248 0.0000

POINT_DATA 14400
SCALARS correlation_coefficient double
LOOKUP_TABLE default
0.0012737064089484262
0.0012573467307792439
0.0016784722937568872
0.0017726972454225798
-0.00123622489641212
-0.003486457600487906
-0.0009471013021622506
0.0028480675358549742
0.0032457222634234787
0.0015388742018680917
-0.0005246723952472142
-0.002004140270694291
-0.0028837746645929635
-0.0030180456861853174
-0.002838503194904515
-0.0015498078275905367
-0.0020414161255704315
-0.0017983766713475895
0.00013304476893211733
0.002375611150450492
0.0035267316512468424
0.002776089149817686
0.0022879188288579297
0.00018869482868831664
-0.0027819033797716105
-0.0056250469066231445
-0.0039160866804258156
-0.0017825039015225601
0.0012405490230882306
0.0023473708523475065
0.0023374511122173694
0.00196124611142736
0.0012317072536083434
-0.00015787207158703538
-2.9965974378536476e-05
-0.00010876514673343143
0.0004190968314233568
0.0016424832020616187
0.0013593525918820448
2.2264483610178842e-05
-0.0010200101887640923
-0.0024734227894705565
-0.005004233304119699
-0.005326407801050026
-0.002948552244764463
-0.0004849040488438904
-0.00015501523134903118
0.001070044697672974
0.00041013311820370857
-0.00327619895880116
-0.006159047482310161
-0.0034241784913882824
-0.00045989732226781174
0.001700345154201616
0.0030244851424346235
0.0029410022993386175
0.0005148295973995337
-0.0014276965316502499
-0.001074898308607667
0.0020664149259107998
0.004802354913811917
0.002066414925910797
-0.0010748983086076574
-0.0014276965316502412
0.0005148295973995242
0.002941002299338607
0.003024485142434636
0.0017003451542016092
-0.0004598973222678125
-0.003424178491388279
-0.0061590474823101675
-0.003276198958801132
0.00041013311820371117
0.0010700446976729624
-0.00015501523134902034
-0.00048490404884390026
-0.002948552244764466
-0.005326407801050018
-0.0050042333041197115
-0.00247342278947056
-0.0010200101887641079
2.226448361018784e-05
0.0013593525918820502
0.001642483202061648
0.0004190968314233568
-0.00010876514673342118
-2.9965974378544933e-05
-0.00015787207158703828
0.001231707253608334
0.0019612461114273394
0.0023374511122173877
0.0023473708523474987
0.001240549023088236
-0.00178250390152256
-0.003916086680425812
-0.0056250469066231636
-0.002781903379771621
0.00018869482868830363
0.0022879188288579475
0.0027760891498176885
0.0035267316512468537
0.0023756111504504955
0.00013304476893213077
-0.0017983766713475825
-0.0020414161255704307
-0.0015498078275905372
-0.002838503194904529
-0.0030180456861853265
-0.002883774664592972
-0.0020041402706943035
-0.0005246723952471702
0.0015388742018680817
0.003245722263423482
0.002848067535855008
-0.0009471013021622439
-0.0034864576004879264
-0.0012362248964121214
0.0017726972454225906
0.0016784722937568742
0.0012573467307792547
0.00035907844009244153
0.0011525944141294795
0.0021594277642878316
0.001809882977465552
-0.0008337019788010074
-0.0017721524225655246
0.0008508418322681569
0.0030812864598302766
0.002712179821914168
0.0015683144284170036
-0.001021202956467788
-0.0034957657251181913
-0.004734882324548522
-0.0043271480770131305
-0.0021762027660995873
0.0005557172068686382
0.0018202394289436933
0.0014171984616874003
0.0011646448186628054
0.0020031442090635734
0.0028946430643343904
0.0013456029422054113
0.0017225559205800581
0.0017530585720182787
-0.00018569228651228481
-0.002881625727460863
-0.0036571809058589294
-0.002729334595761201
-0.0010208205456206487
0.0009552271546012651
0.0026300572045183965
0.004132700082843275
0.0027935370434208654
0.0013427809255194777
0.0011980265570874298
0.0007323617099083471
0.0003153389159574558
0.0009177543605759467
0.0016865131823285838
0.0009899139806843974
-0.00024062684724425568
-0.0019725870100855674
-0.003055962131892954
-0.003396743177092462
-0.0016921243362082528
-0.001580423647948857
-0.0009408096988874708
0.0009135235589786145
0.0012557727823497746
-0.002973096922392266
-0.004853204848503396
-0.0033173882428004257
-0.0011017260400256101
-5.562370581766124e-05
0.0011935062037302724
0.0011077798507999014
-0.000220897760672927
-0.0014010742214297322
-0.0012849881165274348
0.0012520955639460385
0.004359508121768917
0.003860406772221263
0.0006612858964583556
-0.0019464452190245069
-0.001185992723998685
0.0018175668948809142
0.0037359428889917226
0.00298358394649863
0.0006402461487607992
-0.0023774025869333286
-0.004310270629911664
-0.002336127812864814
0.00028409066936094685
0.0014351585239595305
0.00045813741966876877
0.0008834955602022024
-0.00196409850486392
-0.0035961755977064877
-0.0033907789200854107
-0.001999575996951332
-0.0017310903733243452
-0.0013959555658540853
0.0007714474487899245
0.002454223983156577
0.0021227880023054115
-9.623960316414593e-05
-0.0003143225924281826
-0.000248965029904259
0.0004020798238848948
0.0008926115553025162
0.002196897686539738
0.003228028849979369
0.0021233243084424996
-0.0010285212160047548
-0.0035299201693813702
-0.005087447068478782
-0.0035068393631205556
-7.070191026885416e-05
0.0022448831656968027
0.003364131225792472
0.0041548740756971346
0.0039179088372874125
0.0012063414333888711
-0.001835851629942662
-0.002811532016194494
-0.0022939072900300447
-0.00123617475496233
-0.00045680388057963887
0.000400311896348838
0.0002642776160172671
0.0007598014373500142
0.0017774410070761867
0.003228323856188752
0.0011783698534747647
-0.002130658423359793
-0.002760979561011266
-9.130351998752747e-05
0.0013537073872416172
0.0012340978870065303
0.00035038858537612223
-0.0007972228817580708
0.000605063572256448
0.002508659925823006
0.0015369722488496457
-0.0001305289674951157
-0.0001637194525623731
0.002313964957055201
0.0023318054000964292
0.002734340923469878
0.0018824704942880005
-0.0012037038766007846
-0.004208245926545322
-0.005394865400991414
-0.0045234306116493095
-0.0017949149029445675
0.001965221765522346
0.004838813164480684
0.004373780416500488
0.0030853120660518504
0.002643877122260609
0.0025863940941310165
0.00106619952519196
0.0011379488716307328
0.001913340994052637
0.0007594882556557006
-0.0007567314788378726
-0.002216463566564581
-0.0024144377150185606
-0.0015932172971281546
-4.587547684487957e-05
0.002689873550511661
0.005352628325393058
0.003779595713932208
0.0020664556941782774
0.0010550403611211444
0.0003111234743505487
7.528973255778322e-05
0.0009418645637690576
0.0015635797834495655
0.0014666512326526023
-0.00024610736769311073
-0.0023720872561348197
-0.002499847113537972
-0.0022795000247922415
-0.0014653720332959597
-0.0015059777200323477
-0.0015535748508913624
-0.00014094114235515967
0.0008138089119066182
0.0002448486629410755
-0.0007121080073221166
-0.001137334969100594
-0.001333795554023792
-0.0010658633397185716
-0.0001995465872044412
-0.0007289357809543496
-0.0017570327298892458
-0.0018252846459544322
-0.0014008467944366004
-0.00010746832648840521
0.0022297865394223324
0.004133883130273694
0.0021002496750386433
-0.0025417509105742243
-0.0035965804751965204
-1.6266964654092347e-05
0.0027600458523774586
0.002675814780910976
0.0015035504564710083
-0.0004967629577897076
-0.0012124987112811848
-0.0016294995016278527
-0.0005195951857010354
0.000356141684073304
0.0013075991953896016
0.0009767683731196225
-0.000721088786784473
-0.0006406194090996268
-0.00013099378960487027
-0.0008102292683360563
-0.0006736762030655592
-0.0011227223014559306
0.0010743507280268668
0.0030155619769666377
0.0028272031115066667
-7.412679698702422e-05
-0.0012069200947797975
-0.0008289140962830348
-0.00044748527537120085
0.0005010043915383192
0.002270773245575821
0.004458239507291782
0.0024600784683819106
-0.00048332052223142317
-0.0024358721018902818
-0.001538295307748959
-0.0012790875878794566
-0.0005660577686243714
0.00046579612607707324
0.0019526182438337515
0.003662208445667243
0.0053399313984089
0.0030904075180848904
-0.0006392984914247555
-0.0025795352507997998
-0.0018357665856359572
-0.0008136924402760062
0.0007858983300267758
0.0016597043688110367
0.00152712493803991
0.0017912137101452237
0.0023549928139012764
0.0015342998043284292
-0.001062272651689193
-0.0033652313591537907
-0.0015559742294738311
0.0009890071447878055
0.0007320014808302753
1.687511013396181e-05
-0.0008698151210430178
-0.002794826348925269
-0.0005690628537927966
0.001907848140551398
0.0016577684474012456
0.0005707739021136664
0.0003147814361709367
0.0014589080723251997
0.002582400955208337
0.0032192317420943048
0.0018343356075025375
-0.002027504846131822
-0.004197941837223231
-0.005102566260092911
-0.004250489298748833
-0.002340768369666786
0.0014174226428399351
0.004517687898423793
0.004864563776542572
0.0032566479510702647
0.0024882611482804594
0.0006734558755956379
0.0001084486247453087
0.0003461062402209947
0.0008989212841327265
0.0001253036912577121
-0.00025144666534393224
-0.0008006093363309949
-0.0005169774872930664
-0.00016795134575453194
0.0008128284907028663
0.0025879218428981852
0.0040651016894479135
0.003097818099645791
0.0024411559347875303
0.001699554653714368
0.00028020249958600403
1.7751312487686626e-05
0.00021624502774982772
0.0006652549386219112
0.001337221257191096
0.0001959900278106744
-0.0022061469623416703
-0.0038312797733015395
-0.0031717788833266368
-0.0020972267502960213
-0.00026873467627889505
-0.00018047153801014975
0.0003280184330542997
0.0014649691302231883
0.0038381801067994357
0.003051144440606668
0.001459739816028505
-0.0014666132540288523
-0.002142771416102986
-0.001194023024424947
-0.0007482074659673746
-0.002403121098567122
-0.0026890938431340947
-0.0018221493757859288
-0.0016082793690415532
0.00038345501448507367
0.0032518011864922547
0.0028824195964142355
-0.0001825087898210476
-0.0018217399960320218
0.0006035362673851954
0.002156779877711146
0.0019538164674487335
0.0015464219856721729
0.0006623270880385006
-0.0008852434498385346
-0.002248480303611818
-0.002595039677175885
-0.00089672524657974
0.0016370469324864573
0.0014908515842895936
0.0012425027492209036
0.0011762960304390576
0.0007586780988977923
-0.000682652363645331
-0.0004913587584464687
0.00028937450275921275
0.0005629218484668639
0.002208344478735181
0.0013752136435495723
-0.0003439059029535709
-0.002531200105950127
-0.002408833848836254
-0.002053343016447985
-0.00039081113406627286
0.001996432757882647
0.0033146387172152745
0.0013160264997942649
-0.0008911279530362962
-0.0015159387762274344
0.0006528778960823858
0.00028400139117655104
-0.0017337181593488505
-0.0011155636187812857
0.0001920516818083853
0.003320202294972495
0.004339795739849532
0.0036183486997535693
0.0007485620218060314
-0.0005811857070243874
-0.0004121511506890111
-0.0009506810896380406
0.00014576142321739386
0.0008169442134225416
0.0016252305959226076
0.001633219313051493
0.0012846962805194194
-0.00025189193143510593
-0.0024600573625943294
-0.002932520331636294
-0.0009565699456705408
0.0008146491857590802
0.0006260554368277735
-0.0009010162740402459
-0.0022627147474323247
-0.005716364432734025
-0.0025241108412476306
0.0005702799839633489
0.002121698339159057
0.0008912318144581974
-0.00022216525542554099
0.0005851534856318704
0.0031354131736887965
0.0032542368604664062
0.000634919467266213
-0.0031859618900214803
-0.004360653293223257
-0.004441377607168709
-0.0034537781373700552
-0.0013079850046214593
0.0008275787976337119
0.0030602061370731573
0.003652353433534903
0.002316687986969145
0.0008539091303389645
-0.0009486578261188249
-0.001368455965782799
-0.0005241742526221939
-0.00012225805582860398
-0.00022694652681201473
0.00018945471841494812
-0.0009211663523959342
-0.00029055373703911944
0.0002715259909306881
0.0017751117525262176
0.002625727950770662
0.002924452054665183
0.0032250575688463363
0.003158234013108616
0.002830799375410563
0.0019761685663511287
-1.8251822316920014e-05
-0.0011199390309247575
2.813897821231804e-06
0.0014921801920241846
0.0017604000315278358
-0.001308531494883621
-0.004131956126127179
-0.004371045723253411
-0.002082257914265247
-2.1984701792096358e-05
0.001059162902146285
0.0010654986425212773
0.0028399680561568665
0.004516846205446684
0.005445777196149369
0.0018916371112784548
-0.0015555533368573438
-0.0035804623711896523
-0.0018880791381726274
-0.0007295750516552682
-0.002311549421559817
-0.002769742393480025
-0.0023898497228872174
-0.001627265356044867
-0.00033470020054062084
0.001665932162688406
0.003001616438073307
0.0028191926608395054
0.0013935345417594605
0.002218513786844686
0.0025397633550231506
0.0022923776354877514
0.0008284956523612071
0.00016766917619585598
-0.0009097005223241454
-0.002493110253119588
-0.003483038440309924
-0.001177439925884794
0.0015535081652682664
0.0027268864576399853
0.0017534080244341551
0.0012128496035597664
0.00023669371728095068
-0.000791881378912379
6.750977554426324e-05
0.0003671750608588935
0.00044824629539131906
0.0002336347790263143
-5.828165130498204e-05
-0.0013164090092370592
-0.0022248331099141857
-0.0024381258856221093
-0.0018139320461331707
0.00030973009082815655
0.0020852115745352436
0.0017586369954884686
-0.00011254558745740913
-0.0006059007935243667
0.0003894101237859038
0.0012003853731367908
0.0001573650096456322
-0.0021358813293807085
-0.002801333340180565
-0.0005844826187903262
0.0016883285812855835
0.002279590233368198
0.002382300249817013
0.0020712487285168618
0.0012036749405459994
0.0011755439631916183
0.0005446926825176171
0.0006942498174037422
0.0014388105998535288
0.0010369270238999831
0.0006590414849658175
-0.0003355390356343935
-0.001026759356297236
-0.0021895077369105303
-0.0013225090718859476
-0.000789404285460709
0.00031679166180059834
0.00012743402643643946
-0.0015030870910678947
-0.003964159418510716
-0.005340243477509951
-0.0031354397047628456
-0.0005319642616364161
0.0008868984842195254
-2.0598554462555636e-05
-0.0009489240053707408
-0.00020234323534326268
0.0020736905707926944
0.0016364782505732612
-0.0011844630068806729
-0.003239955714480849
-0.0028779360233427828
-0.002787517609873299
-0.0025635729874942488
-0.0008660272960526938
-4.792483094582015e-06
0.0022633544664919032
0.002970594301163434
0.0018176639399729725
0.0005164023983202858
-0.0002448671932766004
0.00014192447752994146
0.00037369506637224874
0.0001253723622413347
-0.00021529727005923575
-0.00013046174656781084
-0.0007688351787735788
-0.00047813207225897293
0.0009324576545529876
0.0009139950931101879
0.00034059729175886467
0.0003297624258501973
0.0006013953305259825
0.0017325396327370817
0.0024456118440027838
0.001581491842108461
-0.0012367849865438662
-0.002924520840182542
-0.0010989863744965069
0.0023601097590773565
0.0032726364502194106
-0.0007066214621067602
-0.0029921226205049927
-0.0031029000135427654
-0.0020548849801801626
-0.0006764993508241378
-0.00019144795574777993
0.0010949739165509044
0.0022186696375791817
0.0033586775887767717
0.004155047515275614
0.0021703546026338753
-0.000986296626578694
-0.0033283257598919875
-0.00313417000400035
-0.0016238330182549126
-0.001334253440753199
-0.0015362184498499548
-0.0016584824927172782
-0.000804383183689068
-0.0006228514978732934
0.0008243346946226568
0.0026673593421744487
0.0032572729661836594
0.00163852898746782
0.0014251941799539828
0.0032694862070102113
0.0030477331048737776
0.0002546741142894339
-0.0010951154344253288
-0.0014215879090733717
-0.0013360979747745617
-0.001489081754245797
-0.00019883205503970264
0.0007128462402242197
0.0007596165579415142
0.00010456826737112087
-0.00047107770419829275
-0.0006677964134536318
1.4904107134718243e-05
0.0006878595662810795
0.001003261815260513
0.001262562682770182
0.00041942087265621226
-1.757468933212883e-05
-0.0017484436866019109
-0.002585393792215753
-0.0025892574163979684
-2.6111527033538875e-05
0.0018117989071554108
0.003084002214829105
0.0012861730100402128
-0.00023987350186247718
-0.00010765905611313165
0.000719738993343669
0.00013960020128343212
-0.001424710669147788
-0.001677787983912229
-0.0023863806784785997
-0.0012798934016298416
-0.00010547612927691704
0.0005282382528899307
0.0006713596069718895
0.0015398206120120583
0.0006943473138803822
1.470051174762288e-05
0.00013917421979693973
0.0007041388477632605
0.0012153823770691627
0.00035028262728507625
-0.0006778389620664025
-0.001186727453864649
-0.0017246797713562642
-0.0021562077153104726
-0.0008114164975029751
-0.00017668303286491287
0.0002875279964443209
6.493163305412763e-05
-0.0016710815618202139
-0.004078995018864912
-0.0032866327262498834
-0.0035495344720632258
-0.0014130131350945509
-0.000977951955986903
-2.9367967365601555e-05
-0.0010237687114354047
0.00021693828429308632
-1.867229333590392e-05
0.00015526919439673198
-0.0007132089612594635
-0.0013834187774522555
-0.0009566539821931077
-0.0009965890376645735
-0.0011355721463205664
-0.0009404403113759399
0.0004975144511730122
0.001801822622004856
0.00157397575694047
0.00025597667878963105
-3.7367943424119164e-05
0.0016052601647959478
0.003137314187585206
0.003535301324721771
0.001492721528399266
-0.00016027160716507735
-0.0009116965335085262
-0.001132458643219851
-0.00039295202637608167
0.00038994047322463534
0.00015091786516134575
-0.0012043653800067372
-0.0017628008266320234
-0.0008154948408244289
0.0002485398762632619
0.0005235178190809811
-0.0002379925401957459
-0.0030165158507689553
-0.003146772944633695
-0.00011266356546586601
0.0030564237577536107
0.0019144231460406084
-0.0013770244468280439
-0.00268977934563179
-0.002533218264110742
-0.001660673673058819
-0.0010229639574008966
-0.0003520567887037023
0.0002970622219973869
0.0006940511608486065
0.001510394976681608
0.0009594971652484836
0.0011927750435105175
-0.0006469265703752962
-0.0028433662915683883
-0.003939887369733842
-0.00230992959381637
-3.889078289700523e-05
-0.0004739628440343235
-0.0011694939179766458
-0.0014382347754851442
-1.2212950842230036e-05
0.0002016832929211628
0.0020781056683325675
0.001577548803909229
0.0006437435366986414
0.0014866746747129178
0.0038734025615130858
0.0027787403520891088
-2.5444380698522412e-05
-0.003133099137233809
-0.0034768738289038354
-0.0033494644070369882
-0.0009746257532107573
0.0005378342156214999
-8.173650731080632e-05
-0.000549791460512173
-0.00180077472988793
-0.0015691758080732532
-0.00168203560761606
-0.00026760260497677585
0.0013853394223738043
0.00235836817545134
0.0018164122310604144
0.0015246899443288739
0.0006238836678119319
-0.0018133096634996865
-0.0041176729027125845
-0.002444584202767951
0.0001207443652545021
0.0030606205838592956
0.0015594820882282388
0.0002836307374376201
-0.0006351843273989427
0.0001877981249625647
0.0007311467859317379
-0.0010771353894908165
-0.00226070351839849
-0.0015513387367683108
-0.0012572243198642045
-0.0015622305682054117
0.00011644462528150111
9.856866381230921e-05
0.00044775641520185326
-1.7529221430845408e-05
-0.00021603469377151554
-0.0009297624794018249
-0.0005945548577708946
0.0001605683688660893
0.0008822988212243061
0.0007990727052711783
-0.0010948526348179683
-0.0027057267978833066
-0.0027088832019460107
-0.001752626200601031
0.00010127225139123957
0.0013195800388920965
0.0012617738975182027
0.0005008608997599011
-0.0008113523281256484
-0.0024766335066064922
-0.00214785150051456
-0.0027674049847724955
-0.0022305334078787068
-0.0018407994154344535
-0.0012890891224743494
-0.0012836898004690428
-0.0014483541850437538
-0.0009532585938356878
-0.00023337931120230452
0.0007511197476693496
0.0015024479612127997
0.002142097449639836
0.0014539916177306544
0.0006072531539226859
0.0006472662504911585
0.0009815640757907052
0.0014867187297546549
-3.9447941583977634e-05
-0.0023165739567498614
-0.001795006498869869
0.001572403897129669
0.005386126205148494
0.005545756896345009
0.003933307180184518
-2.8700345747121464e-05
-0.0013134918179249205
-0.001742857810016415
-0.0006044304501453679
-0.0007993763738209539
-0.0012551492826889978
-0.002053814780091724
-0.0010188922669003653
0.0007932652928297959
0.0016512260579697098
-0.0002987367412801711
-0.002792908193922696
-0.0032534780633977503
-0.001760670690051838
0.0010623837459925434
0.0022936358833244826
0.0002317282537610702
-0.0030901268504285808
-0.003132554956073642
-0.003330417990133768
-0.0025723544525759947
-0.001377740609209085
0.0006776572044004835
0.0007513211901016509
0.0007519555803745655
-0.0019271195751830073
-0.0021343758765710067
-0.0018109270832460229
-7.80998778154413e-05
-0.0012016965649597456
-0.0026100427453056166
-0.002258154659207126
-0.0008721783842766284
-0.00019831934403904462
-0.0013838954064029072
-0.0009516742981094487
0.00021437946847842774
0.0012343357789478733
0.0010646212874168798
0.0005810153330886398
0.0003573703445061509
0.0014534268722646857
0.0026657168171422747
0.0025166535440907844
0.00016388288091605003
-0.003915867683813483
-0.005093981266267092
-0.004135156749465434
-0.0003203850708781217
0.0011348205593833538
0.0011351147620822402
0.0008503864820170253
-0.0007932737950292765
-0.0017657085388075562
-0.0014195122295697468
0.0004984778620912718
0.001602438716707429
0.003766254161623259
0.0019973870740755866
0.001630824646630312
0.00031908143918864864
-0.002284035220022302
-0.004298710201975457
-0.002764498464234246
-0.0009564495018231535
0.0008285237158786945
0.0006662342566865154
-0.0005556000357480695
0.00018755630726488494
0.0007866539465475991
0.0011167053434344523
-0.000855095581875612
-0.0024040921555565824
-0.0020837672304825213
-0.0016265465725186007
-0.00028247258530554733
0.0011630833025697445
0.0007348937152583826
-0.0005608421148283596
-0.00045612637933633513
0.00020185004606997737
0.0009901108258353291
0.0013655546969392573
0.001317050420343508
0.0013283537429650207
0.00216691290369841
-0.00027243788512034415
-0.002724164135379628
-0.00333623862083547
-0.0010022670508239436
0.0018741628531925747
0.0022362360084636455
0.001167860578639008
-0.0009415130160286985
-0.001710674243899482
-0.002268306713050165
-0.0019088808293838799
-0.0020605653860336064
-0.0017043680566980455
-0.0020834275238236855
-0.002328082217907308
-0.0022251423912589808
-0.0013149573394611236
-0.0005447768655077531
8.673179248341943e-05
0.0015026600705043778
0.0021982940617012213
0.002371939805734436
0.0018614736974887913
0.0015477049730364607
0.0024771228737029524
0.002765324078895291
0.0007234621278220795
-0.001984976182081325
-0.004017753014883663
-0.0027378883815909563
0.0010711941082307554
0.00491984390929828
0.006856118184568546
0.0052386427622733885
0.0010327563345237393
-0.0024306676300683595
-0.002112308087870294
-0.0016910605512092697
-0.0008527986656589703
-0.0021130650156956513
-0.003106003137199533
-0.0006209950810586545
0.002519675102942232
0.0027082442394153897
-0.0005610907523928871
-0.003859024131610568
-0.002536606906916688
-9.747615605102756e-05
0.0012871269343135798
0.0010227215181326326
0.00024477610755924075
-0.0017025226553332154
-0.0032762890477219956
-0.0039029982031857577
-0.0020691140645698607
-0.0022050025538104577
0.00024352690670252012
0.0007175889720101533
0.0003602785015646426
-0.001799755766154515
-0.004366715656972176
-0.0015599669994658004
0.000667746090910829
0.0011771743042996198
-0.00019857872415139492
-0.0022808854467688006
-0.0012686786162259952
-0.0007986581155794685
-0.0009031168701588766
-0.00024095512783794756
0.0007414817953687134
0.0007257808848820996
-0.00019931019987835634
-0.00038343052184996703
-0.0005366888598876199
0.00021564990882819976
0.0010674065401803383
0.0028600426295338614
0.0018939334020514123
-0.0025468535973435973
-0.0052447340045334
-0.00278801148639825
0.0007570398099374101
0.002361964302291939
0.0027142689832163453
0.002308603661513994
0.0010155512379135976
-0.002210145942385484
-0.0017456266548455395
0.00010276488570003948
0.0023591830087822795
0.002750520592295156
0.0018557883640879648
0.0004552560499743693
-0.0004573763442598655
-0.0030708722080560157
-0.0032250017175476054
-0.0029128629491834038
-0.0020190969610199036
-0.0005332223017421973
0.0011160104901007193
0.0011385108685702235
0.0019037601117710657
0.0021111145903855728
0.0005929042514777679
-0.0013353413771255212
-0.0015644957814446832
-0.0010138762687876338
-0.0005664330371637718
0.0016245028302107546
0.0024906127327162966
0.0016321534789254276
-0.00031965797804742104
0.0003533628951421544
0.0006825555364695325
0.0023698698717282865
0.0022152179057598363
0.0021499986910327464
0.0009607624968438833
0.0010586580139733707
0.0010236239922370633
-0.002241360812079457
-0.0030853616254857526
-0.0004250684604891695
0.002381730943499238
0.0032340135273077465
0.0003875106626787378
-0.002082704423069895
-0.0032719240017842783
-0.002717082464885498
-0.0023126068012072837
-0.0013088623355981815
-0.0009553627808983418
-0.0016963433423344942
-0.0028853337096613526
-0.0012615093616553247
0.0009261841862996205
0.0008369395985871884
0.0007569987259355244
0.0011331241366396066
0.001118826335616545
0.0003768201204676018
-2.228104444888194e-05
0.0014574066794365175
0.0029859536573442523
0.00413954085837374
0.00062126602963646
-0.002738215220360446
-0.004320876731133475
-0.002373605091094686
0.0004238208176303713
0.004175678130998001
0.006406465088463714
0.0050113702171039306
0.0009222387396429688
-0.0014452830732776607
-0.0018847695608206244
-0.0016048360391060445
-0.0008487328539919298
-0.002802055387674578
-0.003379469784631687
-0.0013834541459429722
0.0022911390167820126
0.0027556423945273487
-0.000492470365992152
-0.0030828704668486697
-0.0009249851120428881
0.0008136196888529495
0.001093309424722508
0.0010897473023145762
0.0010021734223969222
5.968173985626546e-05
-0.0016635761928614956
-0.0014727369315581543
-0.0009765165081942437
-4.805637649723691e-05
-0.000920542252053038
-0.0006852923976017656
-0.0007029770279852782
-0.0014364393159269275
-0.0017229009527728665
0.00021583049344810743
0.002801781486659044
0.003521252782384982
0.0022070217912687363
0.00024356364408750992
-0.0018329047333073328
-0.0019625078786025454
-0.0017907712004072895
0.000287464334898597
0.0013655430277262851
0.000218212541682273
-0.00055009000681921
-0.0007738056399228537
-0.0009732534998844204
-0.0006962243894557432
0.0005460221499795548
0.0025499676275818756
0.002565858581046741
-0.0005948121698893576
-0.0027358932805550814
-0.0004980757913321949
0.0019076808713624038
0.00327337268439686
0.003209273369186426
0.0027718342975153777
0.000923062427117789
-0.0013664851173043845
-0.002387669462153349
-0.0007282668199287275
0.0023161279699342708
0.0028781356179445987
0.0015818648851619144
-0.00011596800038482803
-0.0011642934450239477
-0.0018567924165066815
-0.0027001656799921087
-0.0023005401762882334
-0.0016751189173870732
0.00019123494091723018
0.0021334761124236637
0.002824014562528102
0.002521494565667812
0.0018319427978082665
0.00020833853124212304
-0.0014499279116755265
-0.0004980499346828946
0.00023549084588167973
0.0016791710113751722
0.0024566498597551724
0.0037244185665322384
0.003463861774552917
0.002567438241020619
0.0012396318096912072
0.0010129314887378478
0.0016362946983125128
0.002810705303159541
0.0016803973328331355
-0.00018302588414434266
-0.0005754538425051738
-0.0006877152612846738
-0.002516285183612404
-0.004202084921215962
-0.00231172395113399
0.00046307445595646167
0.0028717623414772704
0.002530767575141467
0.0003322465705799699
-0.0013220952741903528
-0.0019543178428821284
-0.0024846888508410553
-0.001672928220709298
-0.0012649558644706402
-0.0020759333503905008
-0.0028306523936132717
-0.0009580965148468894
0.0015505533172109729
0.000935144733548638
0.0009028787985982565
0.0009348665692894235
-0.0005592603789145824
-0.0012098630641023417
-0.0009908477228825468
0.00017985493215717796
0.002680032724909495
0.0035947236021841903
0.0015800603440564056
-0.0017569385843486825
-0.003872503987799312
-0.0035582871434745827
-0.00022266998838782508
0.002471271547995339
0.0036562493364689684
0.0022962940968510306
0.0005717259261353816
-0.0005524966068739959
-0.0006057731088639945
-0.0003633466508976013
-0.00037466221501246605
-0.001967443949455328
-0.0026245026921126644
-0.002302436681677284
0.0002946235425672092
0.0016966580515087942
0.000527245614762187
-0.0008627451530522495
0.0006566089361581961
0.0007861532283506762
9.787978052571859e-05
0.0003331387624201142
0.0011433507577496471
0.0013699402239247666
0.00023680436364286264
0.0004993223861881196
0.0011801450088037816
0.0002660724472374309
-0.0017009101691964359
-0.0028219275800410296
-0.002373319402680807
-0.0007119329066612443
0.00011507100243693977
0.0022054508686012953
0.003674182688222457
0.004643476608560624
0.004242372642204864
0.001259201464945561
-0.0014850887519719455
-0.002633476600136013
-0.0018583822303070905
0.0007720278135615592
0.0012417645623563507
-0.0001716926982271358
0.00017745406504434584
-0.00021146287829006127
-0.0008027275798809056
-0.001186338009547718
-1.1657513940009677e-05
0.002060716134181354
0.002902201001503106
0.0008041429895189299
-0.00014658082453215238
0.0008703037742645492
0.0018003160560591206
0.002626856458163285
0.0023233060117569676
0.002258753990898852
0.0011573427756023614
-0.00033933122035208533
-0.0026123350858956885
-0.0013565715043386095
0.0012767967733432009
0.003415024999004752
0.002372264945844712
0.0016956492621357031
0.0016504526879551644
0.000698229258260195
-0.0007366528165383519
-0.000936040423789726
-7.31596730950137e-05
0.0008075091480205028
0.002215254725449034
0.003908668664495291
0.002414743385794995
0.00030221544741027527
-0.00047207470588224107
-0.0009737343700784065
0.00020651549226851523
0.0016831682626145652
0.0025823905949552573
0.0039116356648278925
0.0033374374162865434
0.004349238801725516
0.002929542742375703
0.0006569175472209267
-0.0013841398696008986
0.0005243051220843527
0.0028923582669254794
0.0017080893259420454
-0.0011575556953604795
-0.0024657637608698863
-0.0023534853122399724
-0.0025216103358540504
-0.003249812413051088
-0.0026484228231277093
-0.0011510255220475458
0.0017874579624401934
0.003615495051247539
0.002223347865017388
0.0004212652364614937
-0.0013027006098429038
-0.0029102072499285524
-0.002811982526008475
-0.002075726059944108
-0.0017521165442837237
-0.002335817605086425
-0.0014911472647490764
0.0003744092344270619
0.0011936596877924084
0.0007521830744347624
-0.0007646608848540417
-0.002289173058226444
-0.003066029279512958
-0.0024578303023310346
-0.0017876162093673092
0.0020220328199398114
0.003277276911609948
0.0026894075071921667
-0.0011535701801276073
-0.0037957290868872546
-0.004078981183428174
-0.0012574742032382615
0.0011985680837485648
0.0004953045768443782
-0.0006821371584099785
1.8242525682327874e-05
0.0001748457086051756
-0.0004707004273856466
-0.0011047751839999588
-0.0008730320493433852
-0.0016235489108190069
-0.0017492173528652177
-0.001858944460931401
0.00033496414665820705
0.002157666042298523
0.0019210717496766813
0.0009956424661913923
0.0009087508280299186
0.00014598616873700952
-0.0022795684649941157
-0.0014870308064760848
-5.095846835362431e-06
0.0017600506526098182
0.0027624914525044997
0.002509582444411583
0.0019979126664521093
-0.00035538627352568633
-0.002764560942838413
-0.0036949400197468754
-0.002949613818604089
-0.0012015843020269457
0.0010760970550717926
0.002435197992785192
0.003504701972978121
0.004732744260585838
0.00389410545602126
0.001010493036621785
-0.0009170543726897312
-0.0018041026879918494
-0.0014557391512341768
0.0004954903788115763
0.0013871908648303327
0.00046806928188269556
0.00037200536815542055
0.0001553159091512114
-0.0015569454147034026
-0.0010193350192709508
-0.0010994714555012065
0.0003727281917124117
0.0014123768737593764
0.0007053268704069998
0.0004050698158676397
0.00037617424324068796
0.0015001155112441674
0.0019238375486245302
0.0017313796357300282
0.0016546116495374929
0.0014216673270778268
0.00042551286812274585
-0.0010031381201157789
-0.0018161372150823953
-0.0001686116399157083
0.0013188827173460746
0.002307836152730663
0.0030743445061153433
0.0029334261407673442
0.0013074743954185706
-0.0002066674944932402
-9.418731123578148e-05
0.0005032064599403271
0.001247027983706568
0.002518974302653032
0.003351256099376878
0.0009099298838252086
-0.0017042551643650108
-0.0016499890396979848
-0.0008134512582599705
4.995857290356077e-05
0.0008340538293793171
0.0021580151959049738
0.0026960142217163836
0.002925405281589234
0.0025330940031161623
0.0018787813250600457
-0.0005914272011166865
-0.002357940111510391
-0.00036907481192199887
0.002490220793451363
0.0021079218004652614
-0.0007572305466755831
-0.0017235852117147257
-0.00184086474162973
-0.0010428849283853918
-0.0016083298200051123
-0.0016714833806399038
-0.001307326478864727
-9.141968117525588e-05
0.0015690326608637352
0.002671239507401151
0.0010174115425735865
-0.001521831823954506
-0.003587140464956607
-0.003636109691750884
-0.002269901780693876
-0.0010710869117037144
-0.00039104457511099963
-1.4333476854650601e-05
0.0006321068753679387
0.0024057397508345573
0.001083057560886741
-0.0014949104644659992
-0.0033795587953194843
-0.00357202172409289
-0.004103360532363702
-0.0028357132383198306
0.00037666547977360397
0.003406173533147542
0.0024498417682230224
-0.0006712896269979698
-0.0031020738171688685
-0.0024214012608182634
-8.152176151059003e-05
0.00026829622178822717
-0.0010141000691313423
-0.0011771168436742955
0.0010899676931106802
0.0018036627425485892
0.0005767538923150874
-0.0014803248710991727
-0.0022592179379890076
-0.002351750632522228
-0.002335128630559391
-0.000413044257949359
0.002179095404223771
0.003508953539171404
0.002166670636728489
0.0011029891933372997
0.0003421899513506938
-0.000187579886279692
-0.0022536425769337227
-0.001989509114924839
-0.0005136947338734277
0.0011502892912253035
0.0033421696751367034
0.0035419490581111903
0.0018069738775785744
-0.0004115503622302241
-0.002127298427716442
-0.002078727560630893
-0.0011811313330739354
-5.704681281353116e-05
0.0015238921980816522
0.001726462009695595
0.00339434606525065
0.004146994021887927
0.0026178627648554224
-0.00033631366525910256
-0.0016648676521657424
-0.0026734354131118542
-0.0026588264552840756
-0.00037022510914185664
0.001392769783067459
0.0011001784125966247
0.0007583828799836345
0.0005277837355637309
-0.0012390964662269846
-0.0014032404383122702
-0.0012933163741058156
-0.0007920384528209574
-0.0006079097731940312
-0.0008822111734661774
-0.0006638287771932095
-0.0007747186926066183
0.001283955525910636
0.0023444538156910323
0.0015171610447248514
0.0005805794861263678
0.0008785941343651543
0.0018753516021856338
0.001532067305166157
-0.000654370762301585
-0.0016119944272630373
-0.0018469544445476015
0.0005668314624908992
0.0018027994652653713
0.00040651731382664545
-0.0014425371498291777
-0.0016484209230473832
-0.0011755235986071122
-0.0005638451649876099
0.0011114833370636239
0.00227320051558353
0.0022070258927918964
-0.0004381962173141622
-0.00214607112694135
-0.0018767738270536033
-0.0009140754020309514
-0.0003776692794048859
-0.000929643447704273
-0.0002301105886261732
0.0012719436958936303
0.0024125886022509065
0.0009519685600185856
-0.0005736461658458921
-0.0025845096592204413
-0.002245897589415043
-0.0010813805012157038
0.0014116458407888368
0.0019165512899773198
0.0009464843252309251
0.0009292535334735836
0.000378376385858322
0.0003594339950657886
-0.0004866799842210873
-0.001177911571828819
-0.001280536328580386
-0.0017962052542315342
0.00046541714877774444
0.0033325045087727375
0.002857191818386221
-0.0005109859722230285
-0.002953832311432275
-0.0035534356940992743
-0.002062405881814053
-0.0008254451324374934
0.0011383928981055814
0.001558511495772779
0.0009413161833416204
0.001257944195399143
0.0007651403490593685
-0.0012930001702711456
-0.002622969948621539
-0.001931710715316612
-0.0027850235618245836
-0.0022153585498732114
0.00012816339425802132
0.003347835914472976
0.002071150293557784
-0.00010068849312990359
-0.00165804297433864
-0.0014342132426110664
-0.0005586093868044397
-0.00029431667327911386
-0.0006064117523649931
0.0008464664168055048
0.0029142067222035157
0.0028634584249900164
0.0009421088199792757
-0.0011482223735931989
-0.00256733527745251
-0.0025161241621884014
-0.0017541451115581333
0.0008624305558337661
0.0031531751133261243
0.003304372177993215
0.0016253594794892407
0.00022175016835516482
0.0003330020877837576
-0.00036222560817383777
-0.0012334979722189742
-0.0014901413844198806
-0.0010854569462142578
-0.0003488028893044476
0.0014169324960623976
0.002290840083034786
0.0003666819636745579
-0.0007323811286099867
-0.0014651770158874676
-7.016427462418619e-05
0.0010667017898524454
0.001684510050076931
0.0011718967354873507
0.0006996084577727412
0.0016319334874710053
0.001754427617365835
0.0003017308268525499
-0.0010116866538427637
-0.001692650684949116
-0.0028062978517370265
-0.0026280705159221936
-0.0007168873809189202
0.0011051398247424156
0.0008480917504238824
0.0007066478093582358
-2.9849733318538778e-05
-0.0006706990801020611
-0.0007552218150097014
-0.0003224648661400073
-0.000635849857011473
-0.0007075543604539618
-0.0010781478859130892
-0.0010589864172841272
-0.0002171368673614209
0.002465291825906071
0.003079761100844459
0.0010350031002238193
-0.000448950296646061
0.0008068440959765339
0.002991580341518551
0.0031730723603272974
0.0008108930958950706
-0.002178482923817223
-0.0025628142247310632
-0.0012503083351651872
7.226402461755165e-05
-0.0020447351635289436
-0.003103375957595438
-0.0021741231565612675
-0.0019933489948041213
-0.0019434141140974113
-0.0006928947613363571
0.0007339181843221591
0.0007916516451455795
-0.0006306125435113732
-0.0002971467643621264
-0.0002990237284581554
-0.0007008183020545979
-0.0012144350579366648
-0.0017196692123686188
-0.0012693650974787902
0.0006581150458715016
0.002402768732618627
-0.0003528798848575213
-0.003236627435248568
-0.003783145555325013
-0.0020638594120762632
-0.0005899689774864183
0.0005285344579099671
0.0009233402730999703
0.0017057338354324004
0.0020775723414646705
0.0020004353006678865
0.0015664091486990131
0.0006538950538179514
-0.00027755745247389266
-0.00040653195853891416
-0.0016620776348135555
0.0002316759356960987
0.003940978839361772
0.005184076209211219
0.0010607005430148732
-0.0008322618317040472
-0.001350497717245277
-0.001175560252643139
-0.001160848939953455
-3.576753336631972e-05
0.0007477461098471358
-0.00032177160889227963
-0.0008769070889697646
0.00034124481478502855
-0.0013120536988316784
-0.0021971962038852193
-0.0020415844103867375
-0.001117617395074344
-0.0008792142082140896
0.0004398963265146846
0.0020811949758148904
0.0021390643065409623
-0.0001584446141687878
-0.001997806629823217
-0.002676183216940525
-0.0022188263761274475
-0.00040765092178547343
0.0007930504901866235
0.0021750316528298783
0.0027807028425872056
0.001239596278859071
0.0001078209250281383
-0.0006524006449727014
-0.001684625077610393
-0.001372706443575023
-0.0004846798744823508
0.0002650443356532895
0.001716591688091512
0.0013227151335658788
-0.0005851953453928551
-0.0005613945373058303
2.3987807607360597e-05
-0.001563570248006888
-0.0018362226150753275
-0.001039931428873923
-0.001316463901227335
-0.0013868691440137451
0.0002715682042989529
0.0013336655709828805
-1.632897243621594e-05
-0.0010833205592834087
-0.0018304314052636221
5.526356320125121e-05
0.0010280440927281443
0.0008318148925322691
-0.0007466992352585927
-0.001477543924061736
-0.0014218406084860638
-0.0016128665283274644
-0.0016740170921369511
-0.0004759002610858457
0.0007423815427180586
-3.7323492393921814e-05
-0.0008124504288488892
-5.73641988080158e-05
0.0004309957706426187
0.0001582293274378151
9.115868501338535e-05
2.3696225375650134e-06
0.00016146473109641718
0.00018023850379713605
0.0008619249046681201
0.0008075531034810994
0.0004146082050900139
0.00043925506085284034
-0.0004067370223828196
0.0004272454881912121
0.0021150232525693454
0.002904437010447522
0.0013947252584369202
0.0005055976733048769
0.0015992769121891683
0.00280997675632457
0.0024543745303887143
0.000340506778935055
-0.0020344041395114875
-0.0022491885426863655
-0.001932803780378477
-0.0015513460949962959
-0.002885497385489373
-0.0028044009625168734
-0.0020449975163158098
-0.001913662233664168
-0.001848570577293335
-0.0015028543993402797
-0.00015500377443047504
-0.0004400044456776955
-0.0002811736525583971
0.0006998293175135156
0.0010769328062991688
-0.00033906919890710173
-0.001404254190625845
-0.0008104255463142467
-0.0003208021119593392
0.0012130420948895716
0.0013621177853281568
-0.0011126817986236196
-0.0031308150335946803
-0.0020533223480405072
0.00013287046463656446
0.0016387091856125662
0.0016205469872233804
0.001250929077005626
0.001381572197124432
0.0019738403902604886
0.0020032953268289406
0.0023074230728218708
0.0015460377823033823
0.001665572255660752
0.0018329547194880383
-0.0001727879827680258
-0.0010747069461639837
0.0022916001424562646
0.003562036027640842
0.001556013404200367
5.768718771924749e-05
-0.00014200791530170735
-0.0008514772015871861
-0.0011735470523679538
-0.0004348603048582375
-0.00011030306809319397
-0.0015432192641511185
-0.0016240515359797925
-0.00029560507112987245
-0.0007523962096385641
-0.002097607032200574
-0.0017635364245462918
4.31569432279418e-06
-5.691353864481575e-05
-0.00015283753859023173
0.0005062695149354841
0.001800507657531061
0.00027968437175336755
-0.002625308300446108
-0.0036431319185369604
-0.002059501629150377
0.0006944807880325052
0.003109931267032488
0.004290557516935756
0.002868951576886093
0.0003282619536615001
-0.00017305166488372926
0.00030817995936687935
-0.0002554370452832093
-0.00044597108765869777
-0.0007737008883029376
-0.001079995538008504
-0.0005227515874969387
-0.0006432556274734822
-0.0019631745113970816
-0.0009598800555309066
-2.6074913379043685e-05
-0.0009006509611762155
-0.0009442639307749655
-0.0003520762239257727
-0.001013887706409586
-0.0010213730072276023
0.0002187333719275102
0.0010736112831347406
0.0008086991911185496
-0.0001627097274975002
-0.0011827625364349518
-0.0010434644318184085
8.507441011275135e-05
-0.00036442466380226887
-0.001715089505595153
-0.002536174772707494
-0.003312955764182268
-0.0030068404917629114
-0.0017539024448351697
-9.413009887688172e-05
0.00247638976548568
0.0016096817277396964
-0.00037787846506312007
0.0001765339497978712
8.267896232397971e-05
1.77191327959585e-06
-0.0001277772231365632
0.000556038480006286
0.0006870183766045469
0.0005978023109755598
0.0009909094258932793
0.0016901951974337027
0.0011164437424976098
-1.430849310357185e-05
-0.0011262169312653738
-0.001410562247847067
0.00048674547836132924
0.0022447406638219105
0.0015512004957806689
0.0010449702503478849
0.0012568777668893326
0.0025063119550504096
0.0021663514224843083
-9.715633459050113e-05
-0.0018530856818976189
-0.00287411900233021
-0.002995965679409765
-0.0033002218869660187
-0.002534843588873744
-0.001973403001687966
-0.0019165243949839567
-0.0018285979417299969
-0.001282403888985967
-0.00031670534632586536
-2.8881839569945897e-05
-0.0011969824517642541
-0.0003387169116676225
0.0009018919887523421
0.0009474788659347973
0.00011156436209190331
-0.0008480721304278037
-0.0004068768758693252
0.00025373222244865715
0.0018994108794349825
0.0010621663982435343
-0.0011232017541804383
-0.0022604220477580586
-0.0008443232183976365
0.0010725475685391275
0.0015757417638951477
0.0016745954172491739
0.001331910668111538
0.0009857132571071691
0.0012282854713271357
0.001976007785794151
0.002887477037702612
0.0026165746744078906
0.0030496845795412756
0.0023924154834664133
0.0004193382457134072
-0.002404679000097465
-0.0007525072676938256
0.0004631734432311977
0.0004934398336720795
-0.00021705331392082378
-4.4857363785832954e-05
-0.0011381580619544264
-0.0017302395246226515
-8.421926411588418e-05
0.0007895661494972577
-0.0009308121377345124
-0.00031714245659336063
0.00017294598281307211
-0.0003663036428760802
-0.0020586684125740566
-0.000889414120206974
-0.00038806233881535164
-0.00044480460644475355
-0.00036243148440901754
-0.0003260789758133333
0.0018604736523223238
0.0013913537277737865
-0.0011123998853358663
-0.003278100610863266
-0.0025021812897807797
0.0011634220191440272
0.00464273362630428
0.005133632251110191
0.003253227886579032
0.0005038500464804614
-0.0001763506974878415
-8.689406966418752e-05
0.0002501365553872492
-0.00025151679382937314
-0.0011937911108599105
-0.0025448545725019903
-0.0012768587350960457
-0.0016521501980169885
-0.0024801147127363433
-0.0020393572730110147
-0.00015411819466098348
0.0012372103847336324
0.0014543709576998486
0.0008370208491975852
-0.0008213654930108947
-0.0007795494878373463
0.000451042666575065
0.0004813269577201256
0.0001805979002668364
-0.0003501239489605907
-0.0008074916918383734
-0.0016626014443836357
-0.0008849224233499904
-0.0007188195644729995
-0.000719869373350279
-0.0017544552590876557
-0.002739494530126966
-0.0019840235658768715
-0.0015311022705609004
-2.085184392284817e-05
0.0010158142866544264
-0.00019070738557036858
-0.0012441926728671635
-4.983991147501578e-05
0.0007632398473981763
0.00041578222978185745
0.000736893902053512
0.0016640138531080063
0.0007574883085782037
-0.0006009036781160957
0.0004921611916697659
0.0023929476647315496
0.0015719296414311175
-0.0015748511708649307
-0.00311145233925059
-0.003416275412752717
-6.195123744668404e-05
0.001266633751391143
0.0013785511359355959
0.000786632543379969
0.0009555122161435206
0.0023516693398539794
0.0025734346957574164
-2.8119320220816043e-05
-0.0016080502678359585
-0.0023822305929943957
-0.002900218055578293
-0.003114028851134075
-0.0025879125149820925
-0.001659000090616361
-0.0018860961304737133
-0.0008108857289110735
0.0005708329336416597
0.0013950235802187574
0.00010747618090908433
-0.0003675937445277779
-0.00024793130517503304
0.0005852123109731277
0.000210303865113399
-0.00048030463152190397
-0.0015830070523299117
-0.002315716548313085
-0.0014667960073891301
0.0005943207802359689
0.0008768106985091775
-0.0010602749095556718
-0.0018254564565146091
-0.00011486289973541749
0.0004119771856985318
0.000573056339580022
0.0009336111885256965
0.0003821604625849259
-0.0001995512821981333
-0.0004204794202491978
0.0004439248357053225
0.0016584915551177712
0.002198999176647708
0.002003045556717898
0.00036244018191367684
-0.0019787745740310406
-0.0033775521935341057
-0.0027654743647448953
-0.0013785737595069243
-0.0014212839763457189
0.0003832637137049818
0.00019407435495982282
-0.0019376131281388718
-0.0024440684438813147
-0.00039015026546919103
0.0016620572194365774
0.0012824669151654982
0.0007203455322622049
0.000620952789251778
-0.0004704068263830276
-0.00209650437893058
-0.0016551127231707347
-0.002043381117758567
-0.0009334279983506589
-0.0003920864253448577
0.0006208914262771417
0.001942316894126358
0.0028109735391926077
0.0006874645026425626
-0.002797127857247957
-0.003482543225512205
0.0002864486579896834
0.004251260447151712
0.004342039963528298
0.00270558835989258
-0.00016281033100190925
-0.0010420267068346032
-0.0012016417205292671
0.00014703253368994018
0.0007617428413329117
-0.0005871367547144487
-0.0014751653755908293
-0.0005417208359261303
-0.0020873525419676155
-0.0032575092918099473
-0.0037542173107666596
-0.00029905152529746584
0.002610582482904472
0.0025656788204645718
0.0005468018609549157
-0.0006430507106939547
-0.00045749110668637347
0.0010453942561696147
0.0010934771585969986
-0.0002702408881474521
-0.0021125007756938275
-0.0012619177966766678
-0.0012952869338359418
-0.0006938746580484035
0.000151921089853904
0.000938390995453718
-0.0006118629230186818
-0.001921631245694534
-0.0024879196505731994
-0.00203349929199083
-0.0006748750591273449
-0.001464329918919169
-0.0026818334939168694
-0.002565449330327038
-0.0011898986067009597
0.0003707684871899473
0.0006247289069238565
0.0014907276129501826
0.0019313462336746343
0.0005114765799222592
-0.001205004328715058
0.0013932049682346078
0.00419962282027041
0.0021740904667974393
-0.0011405962308659277
-0.005035106971201364
-0.003309436781960305
-0.00015466333826018113
0.0013610540916113452
0.001649103299566838
0.000913793305011011
0.001167033090493289
0.002122138157823946
0.003230428482378994
0.00133778345250769
-0.0007464868930638406
-0.0014151188212095857
-0.0014045182324517935
-0.0020116969739193136
-0.002235330655172197
-0.0020824592015687973
-0.0009716851972614564
0.0002991343963811708
0.0022855311174611545
0.00212033832537096
0.0005549330333212328
-0.00025327629069101594
-0.0004732425924732238
-0.0007354422165548246
-0.0010227035399081963
-0.0013070383925328783
-0.0021830849861394198
-0.00319968297619884
-0.0020581119387889225
0.0004982311351657468
0.0002045510475251562
-0.0004827683933701348
-0.0008831678718366622
0.0006859853056519536
0.0011353991674397533
0.0008153508862406382
0.0005495601347134211
-0.000811926166691043
-0.0029811487656837008
-0.0023487644149796584
-0.0005563193991575889
0.0002100520639324382
0.0010629034736611808
-0.0007093495195830239
-0.0018397903462513486
-0.003947143108289338
-0.0035813754569200165
-0.002680154207319827
-0.0020554663285656935
-0.00076965358919112
0.0012666286537633743
-0.00011726957134242664
-0.00211888934810544
-0.0028719616053430757
-0.0015497199607293663
0.00047944487537771366
0.000790698759030361
0.0005711155775854719
0.0012026439086322434
6.212434984760032e-05
0.0001027938848482086
-0.0006407413519873486
-0.0013313264135881788
-0.0006576574695434208
0.0004765368097018798
0.0010720922483592088
0.0018032619093183695
0.0024218995094800588
-0.0007454307681749271
-0.003356962067226241
-0.004056430470833304
-0.0009704003840387102
0.0019403845478882975
0.003387097626976022
0.0025044497931054808
0.0008025903847897926
-0.001518063047377989
-0.0018381959157297595
9.573739365305615e-05
0.0014134421697136355
0.0001366944879976477
-6.163258987898837e-05
0.0004528800417276928
-0.0009574987932456708
-0.003639294741510436
-0.003003176148260215
0.000506003637502706
0.003483179649056087
0.0026341569879902694
-4.358320145677274e-05
-0.0002557820758740104
0.0006746761719631238
0.0013407638956490987
0.0018312414282286094
0.000210518882590364
-0.001795683970427478
-0.002616373298870508
-0.0010704678203521038
0.000799618215291883
0.0012438391052493922
0.0016406566054369227
0.0009597236162032321
-0.0005721337902482259
-0.002144293678130249
-0.0027668960681563703
-0.0015717837557726274
-0.0013958928896334185
-0.002438218179697537
-0.0031252369364704914
-0.002614364305473587
-0.001950992757156916
-0.00022035013427194427
0.0010967208662489682
0.002656768210465882
0.002542579297661004
0.0021735192220789525
0.0028229557716951447
0.0037596630126001604
0.0023262686398160984
-0.0017853696045299784
-0.0042189415847396355
-0.00297176491607341
0.00011274363407599581
0.001550654164510555
0.0014094458695260935
0.002124346478659603
0.000252192175008597
0.0006921459195158033
0.002216292542087932
0.0015844476230834092
-0.00031553266403525613
-0.0014141078815109512
-0.0009452973843008068
-0.0017362931352659467
-0.0013803144617078465
-0.000962922339109826
6.511532640256017e-05
0.000841111822587558
0.0018067139360216334
0.0011645414179364754
0.0012038216324716275
-0.0005913376731110438
-0.0015395428992716759
-0.001796831231157315
-0.0010468013717732298
-0.0009811630403746964
-0.0017517861825035207
-0.0017888572036978963
0.0007719380165880004
0.002215088058741153
0.0007276767780651257
-0.0006377536270716693
-3.295533350134686e-05
0.0007839955648922748
0.0006194333546172405
0.0008412587088616287
-0.0002895113052588737
-0.0018389266215048236
-0.0035557397289536323
-0.002455996947997012
-0.00034025315258866956
0.0013912471384997203
0.0014069050285893839
-0.0001995416613340686
-0.0020640368678953055
-0.002926352620198026
-0.00238322737532448
-0.0011341373021301069
-0.0009825868752509177
0.00040343667955025636
0.00034511753853817763
-0.0012460936238164826
-0.002347477409097298
-0.002551481522319207
-0.0017461471999780796
-0.0004257305961860339
6.962908290485939e-05
0.0004112002060183668
0.0014394411913374308
0.0007046839215385553
0.000938420185388525
0.0009218330301809513
0.0002289673562794869
-6.198725234711895e-06
0.001367672416642788
0.0013315849757106048
0.0017285013878323957
0.0009893726398139588
-0.002470199877967867
-0.005184449813955477
-0.0036793901835438514
-0.001780018741893932
0.0004391057275744093
0.0028413623756675926
0.0035914910572437805
0.000957428386618974
-0.002002160113850114
-0.0014784697772882195
0.0009084449081679955
0.0016752063423996705
-7.010915080019224e-05
-0.0008008541228680067
-0.00030375725671598136
-0.0019910535429516598
-0.003945553444873847
-0.0014362889299374877
0.0020981831848090773
0.0045031902600596845
0.002952226745905542
-0.00020163727441197877
0.0003911359319454578
0.0011035113161912819
0.0011154452905695327
0.000770859333883759
0.0002862710194115588
-0.0017200601343669607
-0.003609772062479973
-0.00204118994528984
0.0006725680272536244
0.002803751228984527
0.0018072540425795917
0.001321416431964524
0.00044513805298784033
-0.0016479387780686998
-0.0036033536179972234
-0.000957256865560834
0.00024342338313378532
6.177691482187433e-05
-0.0014017987468812683
-0.0036258677564784854
-0.002540531651358646
-0.0015576454838852412
0.0010935594308861857
0.003924684991699966
0.0056377975208699305
0.004617447893463564
0.004448843738272771
0.003240048741755451
0.001484936361757019
-0.0019494546698466501
-0.0032122894149141136
-0.003142415430396631
-6.894046271063715e-05
0.0008580736187958065
0.0016036243289759761
0.0009161624808637372
-0.0008481305032995269
-0.0003247287852362968
0.000946648539979879
0.001775677958530098
0.00013292960465158753
-0.0005463158263146494
-0.0010597684117568023
-0.0019363110774525036
-0.002128193822616354
-0.0008583296248057926
0.000592218839852677
0.0007000312349500397
0.0008936834153109277
3.3603777560896417e-06
0.000536525964215916
-6.569837233969054e-05
-0.0009704723288034478
-0.0008713942744973128
0.0002861763408113546
-0.0002017456174622155
-0.0020474010789571775
-0.0013107925187940453
0.0017034188929561118
0.0035120080093563938
0.0011211776051420557
-0.0008639403070749255
-0.000836939187246329
-9.85418140414207e-05
0.00047561087804889624
-0.0003726125438532977
-0.0016730712312878872
-0.0016337480946294145
-0.0018417229099260126
-0.001518247678302049
0.0009210621645382163
0.0028208288300239446
0.0021587537789254005
0.0007881997099973641
-0.0014431901214242437
-0.0006751032114884566
0.00022606213645914354
0.0009435202497816461
0.00015059527004796463
3.3138443544812634e-05
-0.0016424100183485251
-0.0027318693932131414
-0.0028688745024219226
-0.0024781042229854245
-0.0008147852623778659
0.00016688060472796454
-0.000167834821404855
0.0002921442440103594
0.0016615484761240288
0.0013998720343223786
0.0009028470132702378
0.0014312933777706632
0.0023395009868726405
0.0021922051939041237
0.0014972528883889394
0.001293596276605913
0.0007622618006934603
-0.0007182962874640315
-0.0026624648100700846
-0.004739110115428574
-0.003178457909698486
-0.0013521288521163854
0.0003075271574649052
0.0017355182605334812
0.0025742975403297177
0.0007318280341982856
-0.0009057674942493613
0.0005068584044718636
0.0018771285351465714
0.0006060408836249282
-0.00010105473476804622
-0.0005402539723666391
-0.00018509321813947317
-0.0013015521036769616
-0.0022529387750226744
-0.0001678740796072657
0.0034870760192684063
0.004884217360477405
0.003187616879055756
0.0007017235072883021
0.0009131663894544938
0.0008661300400362153
-0.0006588873696265784
-0.0009121630623497661
-0.00039918336361328803
-0.0019084401654777313
-0.0037051837388370635
-0.002707748185149907
0.001354810422804447
0.0028779312840918948
0.0014323170472055093
-0.00036568268490586367
-0.0007735139786330564
-0.0020506824256892823
-0.0020720245303273545
-0.0010327134526426141
0.0022658389690141854
0.002013702686167094
0.0005579269581294547
-0.0017706678609453082
-0.0018901427537265992
-0.0013685773098658118
0.0007857738796094556
0.002953293023573392
0.0036606249664904063
0.003575749510493422
0.002824435911653841
0.0021267034865121437
0.00019980450086816187
-0.0018633994761520652
-0.0025922210131366194
-0.0019636811378074452
0.00027412645110601064
0.0015048119287639286
0.0010218684495422869
0.0007529769337369843
-0.00025629459813324433
-0.001228412040861905
-0.0006105616407873723
0.000544101527023823
0.0018348746426985903
0.0014366182567734555
-4.903869212819723e-05
-0.001704355522431494
-0.0031551885272501166
-0.0014951222498915979
-0.00018553852730497888
0.0006253146196508198
-0.00026180059496292286
0.00034405955455348974
0.0009802948905220878
0.00013189223011156217
-0.0005254120687341583
8.048553527684383e-06
0.0005083123057192317
0.00040920733346664923
5.466632490495278e-05
0.00041818013556558316
0.0020025556538065315
0.002858401284528681
0.0009793650480330535
-0.001005038037173844
-0.0010445219658135854
9.324144981812175e-05
0.0009249596974459348
-0.0002760114349998155
-0.0015394610362115598
-0.00011411669325473047
0.0004795785285128658
0.0012361959547102959
0.0023140344681235403
0.0029189317733128136
0.0018842321888937986
6.275456592255496e-05
-0.0014304658969363498
-0.0013497561447125257
0.0007304147284848668
0.0012566965217905885
0.0004778131440716231
-0.000655187350281029
-0.0020362447372606046
-0.002203580842707348
-0.0029180600887359727
-0.0020728940185702938
-0.0007781763609201013
0.0011697642441149294
-0.0002321937856665956
-4.2808611575554604e-05
0.0008273947259239949
0.0015198415634032402
0.0019247087873599325
0.0030237454331305084
0.004119611093486839
0.003096306839935699
0.0017069573655795378
9.212056328562583e-05
-0.0005062909594604047
-0.0016125904071013744
-0.0022108193080778043
-0.002152248326662406
-0.0012183265562254056
-0.00034716309820775654
-4.183253616687338e-05
0.0009499820859640577
0.0010678411702176385
0.0006361464876321354
0.0009088189072396975
0.0016074734774579272
0.000911914625078657
0.00034760264204495705
-0.00036726908288059424
0.0007983134432686239
0.0010379495820185024
0.0009981426280039351
-0.000588133173292764
-0.00025060481139271623
0.0024665916857882896
0.004226257903387119
0.0032487442507060306
0.002021028741062153
0.0016814113525868103
0.0003542897005472977
-0.0012074232519228908
-0.002083814782473295
-0.0010989088356627335
-0.0012630207063619057
-0.0016470112162339486
-0.0006061005091428946
0.0025317367217310757
0.0026755468390067204
0.0008983344070548411
-1.4097398612213396e-05
-0.0008633042804200428
-0.0019542592698453824
-0.0015295466245715996
-0.00037352501505024543
0.0015285155004268927
0.0026945368560920783
0.001033106891531577
-0.0011838201568161735
-0.0025111743470097943
-0.0009389287958947422
0.000455879738662015
0.002458732960730102
0.0024280084456634455
0.0013005115013692825
0.0012763971038219871
0.0010460240377130265
-0.00039713025034978765
-0.0007944172945507828
-0.0016727163561372344
6.2239353218815e-05
0.0013893732622470142
0.0019423171194019363
0.001665914059926655
0.0019047488771979071
0.00020628348548576867
-0.001573471661728975
-0.002655403196758644
-0.0005621065175866371
0.002633348031545549
0.0017552115829411142
-0.0004038259833334953
-0.0015186869543489852
-0.0018797238181947962
-0.001469914769670672
-0.0004959671711082577
0.00016652150942318743
-0.0010061034654625992
0.0005448964465049947
0.001525225974343902
-0.0002615090445082567
-0.0004811194193693533
0.000782492249228792
0.0012608311588834594
0.001667088055177414
0.0022338778245398795
0.001718918187332503
0.0015169284009343984
0.001516834892170223
0.000248230936108369
-0.0009378830498982438
-0.0012337725540923308
0.0003336716095192027
0.0007591138203491563
0.00012837114474581338
-0.000725300456094861
0.0015218574059684673
0.0025613101472138486
0.0035056771610529084
0.004660596235538062
0.0031765934817550596
0.0013012154147116922
-0.0005736808842265551
-0.0018476262040104535
-0.003234558386819601
-0.0009898395014942257
0.0009008569054323883
0.0005762942584918231
-0.0012181569490358362
-0.001477008304397072
-0.0017588698287967588
-0.0017276134690903332
-0.0019797417948023356
-0.0007551860574640655
0.00032214463507074253
0.00046714807823105756
0.00016692191181408604
-4.732008005257698e-05
0.0010266709961822753
0.0025884904804887384
0.0027641854700141593
0.003089532258054509
0.0018312834360353625
0.0003231274790727646
-0.0002800851030958294
-0.0006416690018591102
-0.0014053473115858944
-0.002537835106978204
-0.002121499398384875
0.0003027199313585698
0.0007682020388402107
0.00012384072554295217
-0.0004703880555276738
-0.0011181566717489767
0.00019590077315954013
0.00035654208825498356
0.0002142879759813366
-0.0003389111068883569
-0.0003341676116514642
0.0007086105913374121
0.00044301951490285127
0.0008609822211321964
0.000529656999686303
-0.00022319696442220404
-0.001351799578405125
0.0009046045293296826
0.0025813389302519656
0.0029860582939524993
0.0022221346039421495
0.0012834928664541998
0.0001814971689256202
-0.0005902817455834314
-0.0014621810936453884
-0.000577105101954413
0.0007942184035098462
0.0011131598243831766
0.0016999375139767825
0.002954205678802657
0.0020094889342565894
0.001463883829006522
0.0008020641750805483
0.0005064737552762591
-0.002011793367530929
-0.0013804720345254493
6.065263893925417e-05
0.001394300380702752
0.0018325138166620175
-0.0008195787086445037
-0.003390490191276886
-0.003968500020984922
-0.002303800835721645
0.0007993900088122644
0.0036231299365754787
0.003986362349660754
0.001393442717183965
0.0003915122014937771
0.0002141589147905727
-1.064397850816985e-05
-0.0009971612793576135
-0.0007579126410590667
7.465021959790659e-07
0.001479830554917865
0.0029057916671720464
0.0032575437663694513
0.0015425958797883681
-0.0001394229664321658
-0.002225834410699831
-0.003407622249201703
-0.0012167967120189365
0.0008168356367634622
-0.0005274233108251436
-0.0013892903745106183
-0.0015305448147839653
-0.0004042389738144859
-0.0005927085475470331
-0.00016368705321562384
-0.0011173001084031399
-0.0017814008044314536
-0.0004920759361813883
-9.558754406500318e-05
-0.000861908692776243
-0.0005207770724663266
0.0011222910512977218
0.001126072855408989
0.0018258286592210864
0.00281815790594548
0.0007235621833358396
-0.0010243418903919047
-0.0007706720330567605
0.0001587072831236038
0.00021115410111962577
-0.0006362604841459196
0.0009087961098014706
0.0011381152363685212
-0.0007571105138082642
-0.0008752363171145557
0.0008088383515867773
0.00283996193588564
0.003881735464910603
0.004959793946057743
0.0027106136889079096
0.0010901000237679205
-0.000642406155506996
-0.0028294014097579243
-0.0031819281917977406
-0.0013724863447168356
0.0008417540620795183
0.00074048047809127
-0.001413092337885817
-0.0013251154701492648
-0.0013650057886671497
-0.0014414845454906791
-0.0027039103098905454
-0.0013322032980036572
0.00047329551427625373
0.0021626701823719823
0.0014694415095955157
7.300868711384174e-05
7.065127536424228e-05
0.0016200284922267048
0.00200447183002623
0.0006720406205534936
-0.00031995366687869744
4.088994867269737e-05
0.00011030133393706532
0.000631588588444926
-0.0007489211029254837
-0.0032541879505067453
-0.0041321348224391576
-0.001039331130044752
0.0006860370102689895
-0.00029489077405971294
-0.001564718673934185
-0.0020343398291222336
-0.00040119200453309236
0.00045595997264178935
0.000259467905600843
0.00018466166109551972
0.00023870993488843108
-2.9442651157777377e-06
-7.152326915834667e-05
-0.00021682815109652073
-0.00010413696681617064
-0.0006669997595726962
-0.0009712408366021716
-0.0002733725139029697
0.0010930750223716538
0.0015541162727266682
0.0013537894094727337
0.00010140043033759469
-8.375807604103441e-05
-0.0006436466736112108
-0.0016531753133270377
-0.0003163522889995861
0.0013153107825866525
0.0022205139075360935
0.002375432554460267
0.002828983823486237
0.003306926815553182
0.002356018726352798
0.0017190508795979676
-5.376465409654698e-05
-0.003320907375243181
-0.0032601868810338518
-0.00015722435799073002
0.002037004357417288
0.0013998164770859939
-0.0013088220301910967
-0.004385780318541443
-0.004415826889092739
-0.003212667463939843
0.0009579106502047195
0.005283506685154385
0.005983902326643137
0.0026566179342262046
6.56562048185743e-05
-0.0007530788019409614
-0.001580900961236989
-0.0021110114926676353
-0.001866723185228019
-0.0013592121522252342
0.00020920475296721787
0.002985349762511931
0.003751691450862665
0.001183578559803296
-0.00128856319607379
-0.002077290030861864
-0.0030496462823138243
-0.0025865130841787294
-0.0006849944141787861
-0.0010310438397687477
-0.0008813692374773712
-0.0008515805930580757
-0.00017115517651777152
-0.0008131225131253659
4.541381875577911e-05
-0.0004941123824409091
-0.0009850938710875923
-0.0005700207398258352
-0.00048758728227286946
-0.0013727074683596012
-0.0005687783196532369
2.6562719906231356e-06
8.614871532651539e-05
0.00208195153636307
0.0034836346383082433
0.0007248697133237237
-0.002504838841817295
-0.002578084100709915
9.887918619674559e-06
0.001064345193780747
0.0013033567481292876
0.0016764611478055523
0.0016148176051911105
-0.0008727420572095483
-0.0031704539061248537
-0.0011723229509253885
0.0008695355416713626
0.0020200851042425283
0.002657026593034464
0.0029368369473370187
0.0013050738055380147
-0.0008603311241937781
-0.0033312508333641
-0.002159936981504751
-0.0003852336611107507
0.0006554672661380539
-0.00020964942047762165
-0.001978503673601451
-0.0009338380063139311
-0.0009119437073644661
-0.0017938292737362683
-0.0026449854552797842
-0.002288836767380711
0.001421296946629791
0.0030957479834578605
0.00130391318804222
-0.0003396098330943997
-2.2248514977052424e-05
0.0011878051464688
0.001502811251683519
-0.0015915903215245268
-0.002643363226223102
-0.0006782284430764647
0.0010808102523846752
0.0020355781904918603
0.0011037601341666843
-0.002332925690697989
-0.004506355636772672
-0.003397793042238828
-0.0010302792788842155
5.874065360243243e-05
-0.0003236460624198652
-0.0007743785539235105
-0.0006659791989592284
-5.985238289383908e-05
6.0935779261390684e-05
0.001720955099003808
0.0014503184284623007
-0.00031712229273900847
-0.0011305149818063391
0.00011242695761773207
0.0010855676617349819
-0.00039404140750720943
-0.0013220159547593711
-0.0017439115665073713
-0.0008907546865759577
-0.0010283120927075528
-0.0005385608210819539
-7.263622454953804e-05
0.0005608677120170582
-0.0009814092382718588
-0.002555448600282716
-0.0012967249398345084
0.0012923418107682596
0.0017541641048189564
0.001426165098947255
0.0023342167118662136
0.0025542227180269865
0.0011557250156013312
0.0012132185293290462
-0.0012552266754825528
-0.004066846236118556
-0.004211793452029813
-0.00011251881954319962
0.002628007634532154
0.0020668391282221183
-1.602451511662452e-05
-0.0024017786295419744
-0.002637167535021634
-0.0028484197826714043
0.001027350987051675
0.005141336643421565
0.0060393795711112495
0.003073865188297553
-0.0002930609034468715
-0.00267281259802526
-0.0037945531752175484
-0.00332238327847208
-0.002171977020675677
-0.0017092593850768544
0.0005785709339599052
0.003164891275449898
0.0025065745057995317
0.00037175720402658123
-0.001437261828368488
-0.0032074632079595895
-0.0039368407063180315
-0.0028883463452946097
-0.0016519412242311097
-0.00035391692056149077
1.6349966674719793e-05
9.884726218943589e-05
-0.0015937112143282032
-0.001415102222801983
-0.000759827503848983
0.0013448901074459062
0.0007562587468946867
-0.00043405021750474843
-0.0015328126748111012
-0.0019340926972435404
-0.0021711371995132736
-0.002059737817830036
-0.0005647192956290994
0.0023742756679473475
0.00362576594719574
0.0005648828909716713
-0.002325624769285787
-0.003428315818258249
-0.0008893720397689432
0.001902947468562433
0.002795519549060568
0.0023434858961941607
0.0014388377326213094
-0.0007052515464108271
-0.0025654387775564526
-0.0015761221748036305
-0.0005650784711356289
-0.00017335319294511868
0.0009520275067091491
0.0020086474088976845
0.0002992008610209713
-0.002395560356972242
-0.003792640821338368
-0.003052049537144208
-0.0010962827498388647
-0.00030774366142603414
-0.0008821298479326301
-0.0013151985121387687
0.00032572553209052427
-0.0006800043346710672
-0.0027612090008180515
-0.0029253414571530946
-0.0021863786525947553
0.0009079415237211279
0.0007650101681587492
-0.0006371026277118372
-0.001591525616901669
-0.0005901263896083901
0.0015400173092487794
0.0005808586811474314
-0.0023367786790168517
-0.00421636146885271
-0.0015765054475948184
0.0014041847112357727
0.002511003119039774
0.0015194708657468642
-0.0009305303588583093
-0.003433360098383786
-0.004515923512574186
-0.0021260836567296897
0.001233133354385834
0.0022977011978065143
0.0008798069798226173
-0.0009682587555418055
-0.000829320118336577
-0.0010657609653736007
0.0009054386927823531
0.0011640360338499673
-0.0008555188232185723
-0.0003280766082853759
0.0016079892088015474
0.002323064863643675
6.044094067668063e-05
-0.0017476782862304993
-0.001617142131444557
-0.0013663290199180272
-0.0015732105171696194
-0.000881219619815847
0.0003313347987605956
0.000371236111452349
-0.0021235755991226447
-0.0041841618387411334
-0.0024741026988894313
0.0009084503887793211
0.0010152333739297033
0.0009674194492546022
0.0012126084990892918
-5.23200908408266e-05
-0.002563398287486061
-0.001968649039545159
-0.003136096546352935
-0.003996221124912392
-0.0024210151303786344
0.0012298776732445741
0.0033238373915949727
0.00325526177356807
0.0011685338608145009
-0.0005584628105696211
-0.0014162211839072335
-0.0007636369355689551
0.0012684358277742008
0.004004930527863399
0.0042659594502021635
0.0031006424687994453
-2.356273835246183e-05
-0.0029400588515895738
-0.004394114953350388
-0.003588556642702266
-0.0018689369150779503
-0.0012338490896312184
0.0008186602195652649
0.002217989396306688
0.001903750639995725
0.0004525690578744857
-0.0005466121503912702
-0.0033107481784384494
-0.00432297692118197
-0.002235458875499062
-0.0013604414806907864
0.0005780996479767208
0.0009385692223324409
0.0004854029901899332
-0.001626970467768384
-0.0026300956450919215
-0.0013232249980768573
0.0018393501979913679
0.0021342125688126224
0.00028337090587299534
-0.0023775377765595128
-0.003448277196461316
-0.004420852039370669
-0.0040550197279820566
-0.0009827402304006172
0.0028127683485862647
0.0024338340037931517
9.417336902759165e-05
-0.002354850044890653
-0.0026294820497202304
-0.0013696580405627324
0.0016740073909926139
0.002464588327934698
0.0019980390607860724
0.0004332522092617404
-0.0007317101500296716
-0.0008769934425260259
6.777176188254934e-05
0.0002725322132509306
-0.00022096528018499456
0.0012772912502752873
0.0009317732965948759
-0.001615363934360972
-0.003583805429281237
-0.0037327884995901504
-0.0037211678716571315
-0.00233546468798964
-0.0005586118954866206
-0.0006064673331294449
0.0002118954967033071
0.0013488631391449853
-0.00037344679257586837
-0.0018671595365228103
-0.0014877140055211176
-0.000513403708442973
-0.0003759928339397052
-0.0017720194379274527
-0.003133154798391804
-0.0021266657914184098
-1.242244617868628e-05
0.0012900740289201605
0.00031796212496004495
-0.0015789472553583738
-0.003259959940120952
-0.001066111669765702
0.0019707142925258314
0.0019418999806203277
0.0003504017819026702
-0.0011712498121888993
-0.0032308445603848445
-0.004317333475804789
-0.0023443311163737855
0.001060241717646206
0.0028229516647943556
0.0012144136254301937
-0.00019006587718941833
-0.00043157540437301507
6.366186248226748e-05
-0.0005030693834908862
9.384622016806663e-06
0.0007103389949751007
0.0009917245591033615
0.0023608534859873463
0.0017766728213008554
-0.0006403519178810686
-0.0015272426233376166
-0.0008889359982468159
-0.00037996684548640596
0.0005063830660338442
0.0006895591775654774
-1.350148955658599e-05
-0.0007037166680325825
-0.003135700273769448
-0.0036847700071075914
-0.0010933710902325446
0.0008504599868066124
0.0003955030012856919
0.0008821591870585182
0.0009262390887411368
-0.0018097254172110518
-0.004236332145726936
-0.0046759175912478666
-0.004386853820893843
-0.003423186272047625
-9.916014855247012e-05
0.002102311787097148
0.002925297033530402
0.002973170266372643
0.00046297412474282284
-0.0007278208722695593
-0.0012726787570961535
0.0005572619100159133
0.001825231839035059
0.003273909788618962
0.003556844102707346
0.0027668841725368614
0.00043668595284453724
-0.0022783223481085777
-0.003362084056611582
-0.002301321910832428
-0.0008564194339529933
-0.0006703220873598536
-0.0003219832347619704
0.0010220334563545645
0.002316162358979886
0.0013818299360809612
-0.0012260520942739192
-0.003575052851736595
-0.0032692768312778476
-0.0007854132326771936
0.00123236927826592
0.0013754780860454803
0.0016223535655214643
-0.0002024218186811751
-0.0022624755914876973
-0.0038987214653864385
-0.002258896710500345
0.0004897383155266224
0.0031091845310915424
0.001249354497823605
-0.0015910482876422326
-0.0033304127648691893
-0.004526075896736943
-0.004372089392383576
-0.0012289908789301814
0.0016389727692484998
0.0010674458988692696
-0.00011519113295031097
-0.0008986040543178279
-0.0006662137772674805
-0.0003443739196744317
0.0005216015594617574
0.0010161883185454727
0.0001278325123783453
-0.0009381697701859677
-0.0016530459388698106
-0.0006268390458924864
0.0013246048471027786
0.0022437998531640102
0.0014295387015230304
0.0019268807057639331
0.0012475302932238226
-0.0012198894227446358
-0.0024732533054091692
-0.0031217362153939656
-0.0029077337718632235
-0.0011918415302662102
-9.927039197999386e-05
0.00023259716594434607
0.0008645968578461764
0.001475121624951476
0.0008169067975248015
-0.0007018002139469794
-0.0008383322957569567
0.00019909705861981687
-0.001635814900945545
-0.003547354715822066
-0.003957845490008624
-0.0015413524552923862
0.0009461361208228325
0.0006490727084988203
6.437587718519989e-05
-0.0008312217909891382
-0.0005640806926622592
0.0007801714465074539
0.0024102458885229415
0.0008299442406515047
-0.000327799657160298
-0.0018083943877552021
-0.0032155830566765325
-0.003349933994390164
-0.0022821573966841217
-0.0001538543206739364
0.0012163665039277363
0.0011206833667888672
0.0012173764949055654
0.0019033686625426556
0.0014320609108656292
-0.0002028579776857676
0.0002826441350921137
0.0013906664396227107
0.0012927690707630612
0.0007523849749943026
-0.0003183542895239574
-0.0016541741385877556
-0.001647325457398841
-0.0008091116515532067
1.9442567519918478e-05
0.0013778812346393443
0.0018514244914348958
-0.0005149749920529697
-0.0018719592910591781
-0.002753967528499911
-0.00030441971680812593
0.002304919888128475
0.0022343723831670086
0.00017861741177865376
0.0006698476160193682
0.0009045834404311386
-0.001571317896388019
-0.0033212369859469586
-0.004043435636425248
-0.0033180214121425328
-0.002253035094553279
0.00035422361234848596
0.0014225689561815514
0.0021872606935742643
0.0017647204866809137
-0.000865443459079537
-0.0026027795696121417
-0.002236793585810829
-0.0006316245184457101
0.0009113832030603116
0.0032994335275713218
0.005163083869704108
0.0028853714912426467
6.35468406408204e-05
-0.001252793526394722
-0.0010726137677339446
-0.00013564810355108322
0.00067657183028769
-0.0001720565985624511
-0.0008095375922234066
0.0012429842014310415
0.0034499102351657433
0.0016086363838597468
-0.00262715974044058
-0.004346528704609496
-0.0030680889518948946
-0.0003770233185410427
0.0026399071176627085
0.0037827600265166227
0.002671667866256339
-0.0003193669185866572
-0.0020001163345064795
-0.0038022323488261546
-0.003423035710828847
-0.00031708722616718635
0.003171158555235024
0.0025190086417317447
0.000505424853686133
-0.0019284995483593759
-0.0031371654630479254
-0.0037760222845173927
-0.0017797242904373312
-0.000182383947842308
0.0007434681050278841
0.00039460872968123824
0.000841846900676077
0.0010511598852701767
0.0010471931020549967
0.0006941208060527435
9.509295315506731e-05
-0.0013605117392111853
-0.002069557947660415
-0.0017807984584657373
-0.0012454642487948362
0.0008131604721135337
0.0023525932221735444
0.0024318664242071737
0.0017823373331227025
0.001989433539412784
0.0004026494119560632
-0.0015196201955582993
-0.0027575052163928433
-0.0020758966515530683
9.237538814323788e-05
0.0010182128107270047
0.000627559399594065
0.0003318949114440589
0.0006594670666382092
0.0015195901512018587
-3.345080009990167e-05
-0.0012818028675055776
-0.0006702616796635289
-0.001742906891296058
-0.003370526074455163
-0.0034357732031231646
-0.0006490032481110623
0.0015369524586727758
0.0008390153193936758
7.086490301376697e-05
0.00048350835381296363
0.001300484377182621
0.0017159360315893804
0.0006242445394596545
0.00027085172188403596
1.9175776563387507e-05
-0.0011770354726206526
-0.0022798623870975004
-0.002461709974179811
-0.0022964421759236507
-0.0016950839369413357
-0.00048082593479524695
0.0005033077770462926
0.0011032886098067134
0.0023240475083430717
0.0018296209269776339
0.0007829308665830315
-0.0003565833839045912
-0.0006704405549099071
-9.470483317673348e-05
-0.00018035539727856304
-0.0007812635658408611
-0.001647616029147816
-0.0011198039885040123
-0.00127330621752873
-0.00031172249387698744
0.00107746213276358
0.0013959998625763925
-0.000196697730453079
-0.0021339853889361933
-0.0007409319078400778
0.002340333455144793
0.005101280931865036
0.00334516102030806
0.0008214124728018852
0.00012615247475702453
0.0003152009922736192
-0.0007365427799021905
-0.0018323852768529977
-0.002779351895325389
-0.002169935387309907
-0.0012157995686132694
-0.0003963858993670581
0.0008363400885568022
0.0017238556671209534
-4.4202338315364026e-05
-0.0022283485102340965
-0.0031714585229029616
-0.0027071741207915917
-0.0019339610035217054
0.00021429019421604256
0.0033718219085800624
0.006282509941093509
0.003119271349384392
-6.380199527023257e-05
0.0005574628595653039
0.0015187703585945584
0.0017143572300555789
0.0013167496316400617
0.0005319440475446785
6.330296748599095e-05
0.001898282520615727
0.004189854136219832
0.0015884083704617458
-0.0021108866165608048
-0.0035324088920034163
-0.0025551920331763197
-0.0005214886899233795
0.0027990204827350335
0.005306767036597784
0.0033911308194605814
0.0003226393669006308
-0.0011721427876610366
-0.002426569320015419
-0.003229302254090595
-0.00016868044449565035
0.003461141006172913
0.004513417879879956
0.002077952231779426
-0.0005241773978162588
-0.0019002294621504898
-0.0031092624313850724
-0.0023385894624953813
-0.0006327203181512455
-0.000305570110732737
-2.5914774317887135e-05
0.0009167710044787525
0.0012149795686126016
0.0015657642444495204
0.0010671333533951478
-0.0010998305085956892
-0.002710061760532375
-0.0023577133869497916
-0.001480680655770127
-0.00028873416451350245
0.0004741449258238827
0.00221051956063338
0.002484921651635823
0.0013195516591758762
0.0013264193744120473
0.0011447622613208505
-0.0012385323676805326
-0.0023289122511243386
-0.0015463151171297598
0.0011120343985788633
0.0023510351090438807
0.0014419341783091406
-5.812404150243398e-05
-0.0007250238029648353
-6.802273443615398e-05
-0.0006316777406880814
-0.0016196026282665195
-0.000712997199045961
-0.0007481302673425249
-0.0014886912737618189
-0.0018477627160370796
4.72864787896864e-06
0.0009259358187614664
0.0007779496475990458
0.00010767409876930723
0.0009719152968832954
0.0011987519254979615
0.0007759382354069207
-0.001145882429493298
-0.00032636982706534966
0.0005880160398085692
-0.00012039921620611896
-0.0016318987517584004
-0.0015001198123656063
-0.0016046781627536025
-0.0020465672936041826
-0.001614770346504491
-0.0009848655311709403
-0.00032012492745408464
0.00043591741116460905
0.0013960801918364877
0.001450321758349146
-0.0007600960382805524
-0.002023860296221258
-0.0014620392628333203
0.00022985550039938447
0.00036162859175711034
9.379032425654507e-05
0.0003901610703272836
0.00021410908612134612
6.433818855306275e-05
0.00030396708284725384
0.00024802075072432765
-0.0002908455187506885
-0.0016552293892057347
-0.000309018673261797
0.002064308577104055
0.004730719005958684
0.0037923639783003253
0.0013105178248633388
-0.0003484788945625453
-3.421158286040537e-05
0.0005564414639381648
0.0001773688643829435
-0.0003857701841242073
-0.0009546200415348487
-0.0007328339961210216
-0.0006010715921199411
-6.526735379932093e-05
-0.00010077779923830678
-0.0015843066034629035
-0.002158148374206234
-0.0019243681094857313
-0.0018271921429431895
-0.0015951970094554263
0.00012405696435984027
0.0031968910917657732
0.004960463853689531
0.0030828052024857297
0.0012415370456994462
0.0023846462622080836
0.0033559130935581585
0.001715091939981199
0.0002552078787473336
0.0002747313128192529
0.0013854136925756236
0.0027942694396723847
0.004447738319594379
0.003289060253627252
0.0005409972972765672
-0.0016099171920021984
-0.0016849624007783473
-0.00045102467289590865
0.002564310251121368
0.0038344588800574985
0.0028767054326090413
0.0008859444577619512
-0.0009128446500729424
-0.002172894057365888
-0.001684742752306588
0.0007978083924917873
0.0035257319088451934
0.0045009688517909496
0.0022252145622601634
-0.0006267860577001763
-0.002385259558072826
-0.0032577723491859154
-0.0018907785890334783
0.00014649995172444445
-0.0006874073247348921
-0.0015223427878773472
-0.0002755289124083013
0.0016098029767298377
0.0027544927682890564
0.00047051702035324605
-0.001954858049403268
-0.00285236667206468
-0.0016908318988004198
-0.0004610903568969091
0.0010885383012708793
0.0006674516491910569
0.0014571900625770654
0.001430657359589544
0.00043372485522509807
-0.00037734696263228484
-0.000875573974439751
-0.002186136763815472
-0.0017170285726639785
-0.0005722437122051278
0.0020880495508612726
0.0028474750293781582
0.0019137171695022756
-0.00013494288954372892
-0.0026750130911576465
-0.0018659432357077145
-0.0012273474781175466
-0.0001526753289682977
0.0001929997353747984
-0.00012712994782009186
-0.0010377176212374032
-0.0005390904693911566
-0.0007002155748372321
-0.00010994850824147927
-0.00011367103384052503
0.0002404243623677933
0.0004925534211689139
0.0008763574054495692
-0.0011991298627589805
-0.0030675112237813777
-0.001035571534329603
0.0008094094732249489
-0.0008065391145961006
-0.0019456946966147208
-0.000913580714980678
-0.0005929349624153621
-0.0012745086425252033
-0.0019034286464071205
-0.0016636662337442991
-0.00123901225824258
-0.0005111297953678226
0.0009283318177814629
0.001768009855446402
0.0003507594218306216
-0.0017825411831241893
-0.00046524367015359007
0.0005095289633201225
0.001244033267423042
0.0018588129091555326
0.0022204474940503414
0.0020686191435731536
0.001093860233290433
0.0002959433819735291
5.9560138174684956e-05
0.00030335846739126056
1.8463983340993762e-05
-0.00024029917481977484
0.0007656301038930352
0.0029713892179018928
0.0035345992523457305
0.0018282738970467282
-1.2896306308829734e-05
0.0002131150209793587
0.001746399545785858
0.002695348240858878
0.0012203237740365763
-0.00024578690325372107
-0.0013210542683130943
-0.0009170965003604877
-0.0008796512617856736
-0.0012884076652467588
-0.002290201190277663
-0.0017835355835427817
-0.0006625159235535875
1.8125429508339397e-07
-0.000456734809710124
0.00048078015364992475
0.0016676423346356595
0.0021891785297698005
0.001786164569516524
0.002185259726202599
0.003378071926714782
0.0033640809462973887
0.0008434629838786548
-0.0011983043034855
-0.0008130098739776442
0.0007080782804523301
0.002326054225176732
0.004095513930548557
0.005183357813854138
0.0024223781010183614
-3.942954111205979e-05
-0.0009370206664453264
-0.00027956872353071473
0.0013947778243379148
0.001977285248741057
0.0022188983739717233
0.0015270819217885947
-0.0010126130093188902
-0.003209931475636908
-0.00159403323432782
0.0007016760711217211
0.0011457634991517412
0.0011958734739603973
0.0008006516658281811
-0.0016940479636927987
-0.0031810192200063788
-0.0024407859754915114
-0.00033130819137219114
0.000775482876221119
-0.0007440477321135195
-0.0030015468301857785
-0.002079844877895966
0.0013459889661512107
0.003748228351721265
0.001133630650311353
-0.002298564948113632
-0.0028773639031070414
-0.00143419209421448
-0.00011891707275542632
0.0008018567509265918
0.0015465291331991672
0.0009680208586659598
0.000558282719069137
-0.00015084892783307646
-0.0018258123812973516
-0.0032575002729589284
-0.0027767210411491485
-0.001098255472505214
0.00020056468669683245
0.002535479912289376
0.0027146410896860774
0.0011575224329346905
-0.0009809468102470371
-0.002322519293550832
-0.0016506283803830203
-7.673774996538223e-05
0.0022113180713970826
0.0015772504035115598
-0.0005002463882389178
-0.0013079140733797266
-0.0012772084782168187
-0.001911134790492072
-0.0022843026412354937
-0.0010056847839016686
5.7042883868212114e-05
0.00047527516259008993
0.0005058353804584755
-0.000701997114523702
-0.001242405556835888
-0.00014173700384934311
0.0005910036539376927
-0.0019515736011466531
-0.002924717660616841
-0.001116937340872828
0.0010471802133022153
0.0008289429355997637
-0.000849060559357083
-0.0018149609404530362
-0.0013993125880645968
-0.0001466431326553282
0.0005488981971050438
0.0004245416308044632
0.00022471683558974661
1.6067602012778204e-05
0.000746414555384455
0.0007856851416032688
0.0016595578033407792
0.00340506511832159
0.004261812247041331
0.003793061370353641
0.0023408786552323252
0.0005219686490192934
-0.0007708906906088817
5.6413457987319296e-05
0.0002916843593100801
0.00022749045032368514
0.0008670115367768673
0.0026810332217726434
0.0024804802559118223
6.920254789978748e-05
-0.000629545890932159
0.0006230730414622096
0.0024123089321263654
0.003030733559405165
0.0013509008082067601
-0.000516786048857933
-0.0014043378125637744
-0.000908424836344222
-0.0011074919092942594
-0.0018252464643484178
-0.001960141563826139
-0.0007561932622619643
-0.00012936385721458942
0.001549759654163544
0.001105899063629036
0.0002815490646519037
-0.0006152599331550579
-0.0009502166565925224
-0.0005273904682179691
0.0012764734284809083
0.0019709247512003226
0.0008202537640306645
-0.0013546203998236813
-0.0011968320115995192
-0.00017270985375231911
0.0009746115696561299
0.0022754246772811277
0.0043319708901913626
0.005396147444344537
0.002448381793182612
-0.00014407408461221885
-0.0012057516573539774
-0.0013717245428997301
-0.00046842171383301896
0.0004033430588317583
0.0017162007817715238
0.000996131299909789
-0.0018442680846010048
-0.0030647845951559958
-0.0015181035705669691
-0.0005725434693391885
-0.0014058186392198453
-0.0018027115408292519
-0.0017893916432754277
-0.0013567647122742757
-0.0012409781931388341
0.0003226928369421631
0.001274274467835988
0.00029885787792124853
-0.0013034143854222904
-0.0031000977254070188
-0.002852072570496882
1.9709247290867238e-05
0.0012634733967582705
-0.00018646006849099028
-0.0031766086123835623
-0.003289556362293922
-0.00213120950947719
-0.001863159922522368
7.295972538596304e-05
0.0017224476655028726
0.0020060620837805657
0.0009773336118870531
-0.0005546161031825924
-0.0025960084349207924
-0.0038535406281466032
-0.003084929833046961
-0.0015888712421977256
0.001308596115979363
0.0031679001489212048
0.0030504608938852168
0.00032759569510969596
-0.001620947496575245
-0.0013572574117804957
-0.0014352703196062646
0.0004972296922148545
0.002386382122313791
0.0023595988901766
0.00021744930793934358
-0.001307384643942988
-0.001557977243646883
-0.0023254188843829455
-0.0032796192735428525
-0.0016923473491074292
-0.0006349120145800278
0.0004290163277354689
0.0005840476395065869
0.001287485284778647
0.00105977830351521
0.0019448100859650122
-0.00020372284332486235
-0.0028078430890446085
-0.00455910336099935
-0.0020145966275854233
0.0019528051245006534
0.0017808014528500485
-0.00017273399196296164
-0.0015607596984983478
-0.0007716243342294955
0.00021484156786233282
0.00011873415107555444
-0.00042768239374653476
-0.0003731297728316886
0.000571172253731523
0.0010301291869575936
0.0003617645041557659
0.001175004480354074
0.003049453151858484
0.004152212208138165
0.004664764466539746
0.0033129745892854176
-0.00025400304748786026
-0.0024027112998572437
-0.0011732620333274955
0.0003286124766248939
0.0004328089840071763
0.001174480854417868
0.002597244280464551
0.0005280653520229072
-0.0023103425235447717
-0.001914862917553245
0.0005797422940561828
0.002288139307713689
0.001648224935957367
0.0013220676510025666
-0.00014157016298319914
-0.0006158002083408113
-0.0007184344735886639
-0.0017839545221110995
-0.002692806330853662
-0.002502636046881439
-0.0016930348625790017
-0.0005259488958340485
0.0011489422088939035
0.0008729358542068029
0.0007012105289324405
-0.0009155035624135252
-0.0037023153253043536
-0.0018864626113504518
-2.6347815867529755e-05
-0.0006573314826151249
-0.002198740783920667
-0.002740484162043986
-0.0015006682254146996
0.0010387656666510277
0.001632177401778893
0.0024861751979992266
0.004475109758358001
0.0032276403941147334
0.0014389748659376167
0.00011239340818537147
-0.0013760874284350039
-0.002587160024188887
-0.00229458485047865
-0.0008577187148420249
-0.00010204729943778432
-0.0007737382938138079
-0.0027131032792888665
-0.0022944013652813344
-0.0006656932282130686
-0.000805387139954846
-0.0023168850579405307
-0.003285092776037237
-0.0014519726752259291
-0.00014246027322497093
0.0008624550182105427
0.0019259542890657133
0.0011773669506489404
8.011597134162558e-05
-0.002638570712014565
-0.0028758010315907048
-0.0029174368589461805
-0.0018280314137220678
-0.0009136577015293238
-0.0011626392971176014
-0.0019553222880722525
-0.0023596474015543075
-0.0027673305613794196
-0.0022581474734270192
-0.0012308893221628038
0.0012908470240030404
0.002470732242479782
0.00097636276732589
-0.001229138635881711
-0.0032652954745651898
-0.003699445422614178
-0.003546873757259551
-0.002337199766419369
0.0009372648068624352
0.004057371983425042
0.00266453194606633
0.0003011945982842216
-0.0011746047054545432
-1.9866024144940715e-05
-0.001249114145469281
2.4328595598776788e-05
0.0015037720008813159
0.002564095692875701
0.0015765175538765986
0.0004234971707090155
-0.0007169374614765396
-0.0011728209471084034
-0.001806320802560157
-0.0017722020590189725
-0.001170601064335161
-0.0010029930950404614
0.0006306208243771908
0.0016188725093690141
0.002618282470098275
0.0015475741254173826
2.1769206609558876e-05
-0.002578668208406059
-0.004936013959156214
-0.003641018649058263
-0.00026663945653219155
0.0013009025739805346
0.00048446992417291816
-0.0005305273323056006
-0.0009452241298312043
-6.345262052746803e-05
-0.0004544494272786235
0.0002258277880579782
0.0009859500985325504
0.0018221628695899023
0.0005493646101875846
-0.001139648036009704
-0.0008032567338777863
0.0006116169294652243
0.002322364027796053
0.003938424357436014
0.003125065604638371
0.00027202290576653157
-0.0027542276703852817
-0.0017766523824196431
-0.0005620071693802027
-0.00048022793113900223
-0.0006456350984771736
-0.0003428610700897991
-0.0014146764490918094
-0.0022317471610088005
-0.001350486343594441
0.0010513483882092093
0.002038326370668017
0.0020776515773647318
0.0015272934018227993
0.00021217138274015634
-0.0006265264349801433
-0.0010771356981217877
-0.0016694488664899115
-0.003529057480137693
-0.0034569402060596463
-0.0028113325010206405
-0.0013488823854661857
-0.0014918071010142926
0.0005303073563428404
0.00251706176152246
0.0010706354669894355
-0.0022969144510725722
-0.0018355240235042867
-0.0007081118482728626
-0.001629101968687415
-0.0026158725031491885
-0.0028827669306184895
-0.0015498745139993489
0.0006650948887254712
0.0013840213487756746
0.002272442502786606
0.002480459729513564
0.0007444049485624929
-0.0002987794549398057
-0.00044430712816773295
-0.0005709383756577579
-0.0018145106512043561
-0.0019262654768422982
-0.001143973306184239
-0.00011459052409403827
-0.0013910123826894995
-0.0024489978869427997
-0.0023491494387695225
-0.0010996592562057311
-0.0008087600803239089
-0.0013595996894131804
-0.002286699259328581
-0.0013763934661489364
0.0013469326790698493
0.002453989439710565
0.0021951559691954043
0.0002835689270885098
-0.0024487202073097602
-0.003184946169766912
-0.0040235039576527075
-0.003165573013788618
-0.001932289517721827
-0.0005804150529294199
0.0007664461267569856
0.000915263865625346
-2.7468682077016505e-05
-0.001814454411364068
-0.00295574464199219
-0.002615403485993037
0.0003565615997318675
0.002390221743989195
0.001193535845881383
-0.0017580047517674548
-0.003478983832625811
-0.0036367346414058277
-0.0027160474021606755
-0.0014417168108526509
0.0016616100599993317
0.002325390386005083
0.0014778337079186456
-0.0003447977154499139
-0.00010595835488320178
0.0012921182396317457
-0.0003786922971530909
-0.0006203387642348724
0.0008022017961914908
0.0012426161293095977
0.0018239230839225526
0.0009898767413384175
0.0008063476370329288
0.0005760719874041215
0.0006620041345891242
0.0001623795049638545
-0.0013184867796684067
-0.0019367651620125351
0.00023419121381202475
0.0012245579397047862
0.0018445470853454284
0.0011040000820141792
0.00034976342086035503
-0.0016833089664869925
-0.004464082993783842
-0.006097510505883622
-0.0024327454288318095
0.00015536111846553482
0.000624972353585215
-0.00033677562685947615
-0.0013295618433539682
-0.00027273009014304103
9.015446225738315e-05
0.0005486094170518146
0.0019751056273173517
0.003396195849709292
0.0004725100596532272
-0.003001423633694627
-0.003907183143699927
-0.0010930110772036184
0.0011530035685448237
0.002519847387089522
0.002861983259574351
0.0013229144482841191
-0.0014154606564103244
-0.002555058478028647
-0.001817320165657784
-0.00144770336464233
-0.0018184249278355036
-0.0020269082451064707
-0.002341168520648913
-0.0012944887922367327
-0.00011180015031483228
0.0012186522097983002
0.0023834664870987306
0.002491247753209196
0.001708115667431405
0.0007638178968931366
-0.0008959583568791329
-0.0005122580889206843
-0.0010063473460228715
-0.001780993526858071
-0.0033349197526849994
-0.0037057127077845843
-0.002927346585041314
-0.0032114067062708916
0.00036583797442056847
0.004220907953913405
0.003993734292476415
0.00030864249980426344
-0.0022021895157765584
-0.0012645532307986773
-0.0030263411286777504
-0.0019920129967166073
-0.0016178336478528173
-0.001667759671384708
-0.00039930150445796576
0.0008393431124489766
0.0011249839490427974
0.0008218980132430938
-0.00031652082197019215
-0.0003465647647466954
-0.0003503829432322425
-0.0002564782911146752
-0.001260179397985844
-0.0019499167718321437
-0.000772592580576529
-0.00010808979040455584
-0.0013617608934806597
-0.0020319605473139712
-0.002641284507216228
-0.0009806955563011644
0.00024768793426975175
0.00028258486025446375
-0.0013601827184850927
-0.0013761776443557507
0.0009602881851109028
0.0032183832708329073
0.0031862305276343936
-0.00012710074149662322
-0.0030670938579857674
-0.004264433937270219
-0.004663107824245392
-0.0033888022860026437
-0.0011248350037208895
0.0007875324168316333
0.002541332257136329
0.003188550632060761
0.0013125664374455896
-0.001230651232835978
-0.004685640636188718
-0.0034925838089419404
-0.0010532614938578903
0.002089140550318517
0.0009778810147323936
-0.0014725388324690685
-0.0024738048428442775
-0.002311309844333515
-0.0009303022447118684
0.0008039317603919451
0.0030130999310277484
0.0013092338692300791
-0.00014915124714971837
-0.0002192006133293939
0.0005915084210507239
0.00021770617520280476
-0.0003287543991689277
-0.0008105468930057654
0.00010372987793637133
0.0008382232507165371
0.00046426682493699205
0.0003950958394071894
-1.3515142286029477e-05
-0.0007631239042100383
-0.00040777547333790314
0.0004309462271723423
-0.001752090880011772
-0.0016746410713063906
0.00022597346508947418
0.0006995557490987264
0.0007269497325663602
0.00044178642078814137
0.0004943611756027639
-0.00045953996331396193
-0.0027775316277653924
-0.004958872482419688
-0.0031490656930091157
-0.0005841878001439062
0.00047025242000711323
0.00024749783485932605
0.0006205218191190075
0.0015366206845764832
0.0016237016013817462
5.729582104551593e-05
0.00039961772516622997
0.0010215263361463148
0.00011303199005828577
-0.003287620416204876
-0.0038686352879314647
-0.0012064479603704698
0.0011049104457758925
0.001642940903870707
0.0021588480435327695
0.0006730595710474261
-0.002091918617257313
-0.0028022808148049053
-0.0019879675795107417
-0.0012602240100286
-0.0013899172370004016
-0.0023851816526570453
-0.0016553739450030735
-0.00037281096673875123
0.0006225910954105885
0.0015244126406493215
0.0018270521814361352
0.00142944174071407
0.0009601988652272706
0.001137634780600096
0.0008489338988374024
0.0002377696029984012
0.00023391622928032663
-0.0004744857300525761
-0.002346530721124208
-0.0036913417304110492
-0.004063585154895711
-0.003938139320629143
-0.0007505622358182345
0.0029038864468994767
0.0032824660938867408
0.0011433630428200673
-0.001284448438393157
-0.0038704281632389783
-0.0041256092676910635
-0.002671936107414833
-0.0014324303728792957
-0.0013067620824727543
-0.0016693729187317516
-0.0009858393186585922
-0.00031654838570211135
0.0008579664894343528
0.0019167494829279673
0.0018212157805754018
0.0014120215480355283
-0.00014756828676068285
-0.0011579196584350828
-0.0008841294347105009
0.0004719271147955842
-0.0002867590708329681
-0.0021089801632428176
-0.0017825638727507476
-0.00029199388835621383
0.0008358790172515349
0.0011883916665645245
-9.008399700728123e-05
-0.0017565991524403123
-0.002886107231765256
-0.0006043637729662377
0.002396363561264216
0.004019397392068044
0.0021595327386191416
-0.0012871446032953942
-0.0034258333306921764
-0.003988176152062985
-0.0023401937347903895
-0.0002517692395836114
0.0007843735656183769
0.001644060746969088
0.0022967459995530256
0.0004773166513306814
-0.0024654278073907372
-0.004224180438203386
-0.004591957856531447
-0.0011204301437258383
0.002259083963991969
0.0018925312023035897
1.5934313545014605e-05
-0.0008642563192675166
-0.0006069818770666894
0.00033255121323357635
0.001761684399212903
0.0012170750545813002
-0.0009921579104605527
-0.0014041930222820041
-5.9284249095924385e-05
8.940652638929759e-05
-0.0007130340735542881
-0.0007483556311300077
-0.000605956221951174
-0.00010911012029584191
0.0010756154105939144
0.0005887375897588229
-0.00019929554270999472
-0.001098215106174998
-0.0025652561482950313
-0.002459969287770381
-0.0015614552536829594
-0.002420176955296036
-0.0014223623870196923
-0.0003535654082773151
0.00046494745727599247
0.00028337689244134284
0.000621028974295021
0.000739475706708849
0.0008159568205304532
-0.00027098382294449746
-0.0027557358266934316
-0.0027364314840644865
-0.0015949436486337727
-2.9556849007852147e-05
0.001333591183810286
0.0026120132565557327
0.0033775553061486056
0.0027792312134155357
8.445619360878434e-05
-0.0016996614285485477
-0.0010069178117561924
-0.0003796336521193521
-0.002302657980697737
-0.0019309157093098182
-0.0011811770027452587
-0.00014020876761108435
0.0012023093420734932
0.0015536925881311258
-0.0001743636255366944
-0.002904503000084941
-0.0025551174996617894
-0.0017191625375457542
-0.0008093379209949947
-0.0013218731516098008
-0.0026264038864870164
-0.0013601184890762264
-7.026023863788543e-05
0.0008611602065065182
0.0008061153551879001
0.0008611513101282938
9.556722284589978e-05
0.00018462821328815758
0.0015728879222345101
0.0020473620520380705
0.0008176757350761884
0.0010930717041600984
0.0011174027487203084
-0.0010588568728807266
-0.0030830918920604867
-0.003890224101303434
-0.0030833198467878917
-0.0007626696804728991
0.0010619241111284015
0.0018983830066458829
0.0008987328820458346
-0.0016396776020833341
-0.00457488924012886
-0.004452941615005047
-0.0021085909849547523
-0.0006203749109091991
-0.0013129562113851254
-0.003489265098757954
-0.0026849017681060293
-0.000593202115358703
0.0010535519370554938
0.00318153100709793
0.003435189273061086
0.0023529268386201316
-0.0005229436774860853
-0.0020797681768676317
-0.0005769492541543211
0.0015265899076905595
-0.0007222031650699279
-0.0025519344638996817
-0.0019824156545308015
0.0010581645879435418
0.0029589800312287964
0.0015474107644232796
-0.0006886740938540455
-0.002964702032671523
-0.00283561266332981
-0.0016810151294759093
0.0009895612883014503
0.003762533569374571
0.004356150931071031
0.0005719817769480804
-0.002281161582445342
-0.0016211880535340454
0.000776141019833472
0.0010378243984814552
0.00018876600466887763
0.001113659692345761
0.0012456575034496785
-0.00043338310906372145
-0.0020905549397598807
-0.003570553432705104
-0.004231580694755569
-0.0009558044866755383
0.0026716637230336515
0.0038134952017209694
0.002033621537467343
0.0005740305125728862
-0.0001955595555797299
0.0005230685083931486
0.0009897326007085414
-0.0007241137685020714
-0.0036881262457963125
-0.0028125873467390802
-0.00046429142576247663
-0.0003640626943125483
-6.585355131723497e-05
-0.0012771326696515981
-0.002240119512832344
-0.0017663509287737251
-0.0002069925154595788
0.00040558434582559414
-0.00019961796932381037
-0.0015197980641585241
-0.0028729384263800834
-0.002837419980266235
-0.002253253843682649
-0.002249073274575941
-0.0009579607794705811
-0.0003840189304398882
0.00021885684237893247
0.0015763257574554336
0.0021992455869901642
0.0028333997493745766
0.0028441659100002406
0.0009579530177004881
-0.002004780994478674
-0.003510496962146552
-0.0032036882760152303
-0.0019644528549581162
0.001181001058435991
0.0031359798197801454
0.002559861484971527
0.0009776083182862533
-0.0010526564234216388
-0.002704603535878835
-0.001413941480856116
-0.001287182084925145
-0.0010810628010007263
-0.001158502571126683
-0.0009975182342203187
-6.425168177756583e-05
0.00032830802580728787
0.00046162634564536614
-0.00034882472003218976
-0.0013354027759368437
-0.0020001262853071747
-0.0009933837412578088
-0.00020488577334180696
-0.0004426989960767898
-0.0019787747257665076
-0.0017004779803109387
-0.0003112236752568153
0.000435635110909625
0.0007853541221678821
-1.023842172685654e-05
0.00032783756960856516
0.0008622735475755445
0.0016114935890173077
0.0004056462245753268
-0.000266366256072341
-0.00042940614129112736
-1.7141129952837585e-05
-0.0007756098666056489
-0.0014597021164056783
-0.0022333186787037848
-0.00143596174230309
0.0001419620604839996
0.001738060875700193
0.00081481649777932
0.00018587358472042358
-0.0014054093742440796
-0.0038200268924772377
-0.0032480705043781747
-0.00037059929456008584
0.0015289991765404963
-0.0004863509564849934
-0.0029187415203485276
-0.0042819473141041745
-0.0026351143850701876
-7.216741009973872e-05
0.0029765177883240316
0.003721404941463069
0.0011252377640280033
-0.0018987589096029493
-0.003207480749845133
-0.000763165900117052
0.0012837652839799742
-0.0006820427589474304
-0.0034047136169527443
-0.002724236167522159
0.0008770310650584043
0.0028066829588591913
0.0016988533888680846
-0.0003890632446150219
-0.0032809253261324224
-0.00319952177871024
-0.0015425630583518568
0.0007851272095857169
0.002910224183076129
0.004733950120488464
0.002400448384849278
-0.0010045855812402262
-0.0007691647936479835
0.0005888757086012429
-0.00015409226140894694
-0.0004996612023405764
-0.0005370220618937127
0.00033685455845764074
-0.00014836709615748817
-0.0010948979992369402
-0.002341896412751795
-0.003446698663702178
-0.0011261967439431244
0.002074445794550142
0.004015185666258874
0.002884736193739787
0.0026288292387521223
0.00173157031318534
0.0012006982663646801
0.0005207834051843916
-0.0019508138453383922
-0.0032730240576568773
-0.002552807720508973
0.00014351083163118385
0.001209159427791855
0.0014114507288970248
-0.001040466025153404
-0.0042298635383697545
-0.004369952394589759
-0.0016716611657384647
0.0006036737078041702
-0.0002664174405403331
-0.0015772643054774906
-0.002213895234269774
-0.002487760997888945
-0.002372839150877573
-0.0017630791395810488
-0.0001481930462615281
0.00022226405161241168
0.00022655244068769953
0.001760419072372575
0.002787936074865248
0.0035067533038496104
0.0031262460888628707
0.000836622558881237
-0.0026844843078998736
-0.0035343281136303185
-0.004089189611442349
-0.003651901673617036
0.0003277580061630005
0.002851145586706688
0.0013346041373803884
-0.001339399906697198
-0.002620086228329146
-0.0026610773221753233
-0.0013905695358608508
-0.0012935592099070099
-0.0014537073145622277
-0.0006213993638075212
0.00023605649913969283
0.0010995309210698743
-0.00042978984208701327
-0.0011295430838762545
-0.0011846060168960897
-0.00041796851780625936
-0.0007826607022976681
-2.766314056583223e-05
0.0008802183870932968
0.0006514155686484294
-0.0008143770933990943
-0.001480671853425645
-0.0006424713333400678
0.00042321269002104504
0.0007177986483863234
0.00019296057973080876
0.0003641454369633216
0.0008048939345829222
0.0010350160390610716
-0.0006975394312473716
-0.0016511536301646987
-0.002746366188321095
-0.0019231859889326977
-0.0011434275981822783
-0.0005872285673614509
-0.0009844469113710428
-0.0010043232717834763
0.0005613610543505302
0.0016432787881256227
0.0007130537619489981
0.00039229540289998114
-0.00040747373260113643
-0.002288029358142641
-0.0017524084285589524
0.0007136780421664198
0.002255966480231017
0.001234949892535435
-0.0022141629066178953
-0.005166391326402038
-0.004179139836118785
-0.001457414791289165
0.0022058757229239
0.002369350321943504
0.0005234106660820118
-0.001470216251540929
-0.0015310558657456042
-0.000136865692926148
0.00048417503636161304
-0.0005718660086051425
-0.0023039074294647585
-0.0020524322263609823
0.00042388507250069917
0.0014380279098090802
0.0019320826934555249
0.0005061449535936996
-0.002812642258852487
-0.005291872424209617
-0.0025544557918933913
-0.00022623275524961842
0.001211151145184379
0.0033915153432697884
0.0036056259401633568
0.00041898042396940267
-0.0006131118009813129
-0.0007378420450109516
-0.0016997891451385981
-0.00273110514178442
-0.0020794269777152227
-0.00037512949565628477
0.0002095564398255955
-0.0011010687693628657
-0.0024261340851637263
-0.0022051193988622186
-0.0008511541046914717
0.0009448767336021065
0.0019788785522403653
0.002603455184635663
0.003163343821791094
0.0035515100530983225
0.0028404343771331773
0.0006965676206760068
-0.0019095027358855645
-0.0023823944632894853
-0.001193223106933131
0.0007632334092857506
0.001965086062273297
0.0028128054970338345
0.00020709303871127284
-0.0028666308260810553
-0.0037775723440165053
-0.001225892833036399
0.0009591898652132188
-0.00025860969948871167
-0.0010670887791811075
-0.0012819808917800325
-0.0019414320202393947
-0.002601073345476366
-0.0008478823329202175
9.061940400441489e-05
-0.0003703433128739911
-0.0009282035344335246
-4.448744736881751e-06
0.0012142824761712718
0.0025613859711423118
0.002147261250850469
-0.000125735957647323
-0.001794889106864619
-0.003232841959799086
-0.0034860077848972073
-0.001666721749080606
0.001552706707595316
0.003577429766926676
0.0012223227122534076
-0.00046993263104634555
-0.0009134122878891101
-0.001031459548415698
-0.0007917675738425542
-0.0016115481196778184
-0.0015483420503159932
-0.0007394961783941358
0.0003336332843151756
0.000436623059511477
-0.0006560911772733264
-0.0018622701487577948
-0.0009579568878608576
0.0001302524326045639
0.0007350995296152984
0.00010173839200006531
0.0007262264543275349
0.00083016238071558
0.00028120504944862827
-0.0011912856639518803
-0.000851895772861062
8.666858457953423e-05
5.866231968298512e-05
-0.00015948206339057823
-0.001239134541288923
-0.0009425726844612299
-0.00034120065873711845
-0.00032979403943700754
-0.0019994614094060873
-0.002651549748487309
-0.0012147476402197704
-0.00038725145796039104
-0.0012349486763109903
-0.0008843696789776082
-0.000510544800070351
-0.000191367203496018
0.0008196298298887784
0.000718067553289435
0.0004464708904642451
-6.324222185448316e-05
-0.000873266355710551
-0.0006936675244806423
0.001036381963801142
0.002311173726321327
0.0019608519782385995
-0.0009000739428766751
-0.0030167366981457533
-0.003951502031249458
-0.0016508693907659024
0.0011883524291272758
0.001765842699709356
0.001752372893741632
0.001015097603853845
0.0015141957741802664
0.0005710430465499317
-0.0007598334502462034
-0.0017051830301169097
-0.001283463875831105
-0.00112578024256059
-0.0005877171358772569
0.0011059617926862263
0.0016628230397325444
0.0007423505737735508
-0.0021398827266958294
-0.004291648195671556
-0.002898021095979603
-0.0012382478826600746
-8.663589307701471e-05
0.00139106604770218
0.003351558714110853
0.0018053398460734058
0.0005834832157182464
7.861497746298725e-05
-0.0015892190652235804
-0.0028402710320978753
-0.0018932542157506747
-0.0007212771656516586
-0.0001491643273204596
-0.001298387048931471
-0.0026345299031290174
-0.001512974928829662
-0.00047016902488807645
0.00020861546306959254
0.00026156423821972275
0.0009741800858883458
0.001827741621064627
0.0029734237043208675
0.003402403264015594
0.0017645787986482952
-0.0010851906619697513
-0.0010513731237697015
-3.324650214094559e-05
0.0005456067261984058
0.0017904568142602382
0.002001807452297157
0.0019179335611157423
7.91775059111174e-05
-0.0006188482564830981
0.00012910982910803632
0.0005997685546917299
-0.0007927765003248558
-0.0011316629071811079
-0.001240699819034515
-0.0018643814578363294
-0.0021495384743657215
-0.0011697961873032938
-0.0006849727654498323
-0.001732507186625098
-0.0019553405587232693
-0.0009975099215131795
0.00044161110294204157
0.0015813060103994374
0.0008564619274427439
-0.000699587101221599
-0.001145635787120587
-0.0023348717399373758
-0.001772444330995888
0.0014576656081233242
0.004162829232498284
0.0041305944173326975
0.0014621436763069292
0.0011310806114755649
0.0004122301683629913
3.2943176224876284e-05
-0.00029506385478058624
-0.0014765862601717858
-0.0007859034398324015
-0.0002399217483565624
-3.407483044051273e-05
-0.00030984307174253235
-0.00022494892252618195
-0.0010976156755737145
3.063004303189795e-05
0.0016543128613827084
0.0014459399527349394
0.0010301108633525733
0.00101247290089587
0.0013801036958030993
0.0005755713475132676
-0.00020835444472420593
-0.00042847190460405566
-6.847775065603706e-05
-0.0003484594002042225
-0.0009347472487048489
-0.0021611037334796418
-0.001654786324251134
-0.0007933872471172214
-4.1300527339537246e-05
-0.0002664783617240651
-8.94448050885138e-05
0.001049852896072703
0.0010394127516525646
-0.0011105935816503644
-0.001470284488637708
-0.0005406315413565785
0.00014729083780083043
0.0009154534117881869
0.0013810201891342165
0.001445811670703371
0.0005600183616072509
-0.00016711193627698807
0.00018609555165749974
0.0009453978377102222
0.001536424860556983
0.0006177460846377665
-0.00048292027474193457
-0.0014476346918355543
-0.0026623677614484673
-0.0010961904627121975
0.001331944663747605
0.002750208732710722
0.0031584879210094464
0.0031388846854140586
0.003155662385970133
0.00045791308593489885
-0.002348750356925577
-0.0031708626792076944
-0.002005566411002322
-0.0012804532903755424
5.315542742162613e-05
0.0024247892993557838
0.0023087472051834023
0.001339579458008389
-0.0006048061563819315
-0.0023252471326795287
-0.0021620203419034445
-0.0014519303750255709
-0.0006450657399036052
0.00022206553093661598
0.0017467536026308018
0.0022651689510216873
0.001507300776389653
0.0010691031737652037
-0.0006298377495766577
-0.0014173044601905143
-0.0008640165971137532
0.00029941180131811155
0.0005368900193273522
-0.0008789660608602186
-0.0016626970131435642
-0.00128259669624298
-0.000425056354842511
0.0003982647908686108
6.449522614458388e-05
0.000258062684111369
0.0006172851146094989
0.0016602367157968893
0.002562624128981606
0.0022748684324671044
0.0005485336957048746
-0.0005865099677003692
-0.0004444679676716719
-0.0006018984732352838
0.0007114374008171177
0.0016781527650989835
0.002613739764040556
0.0026499654919122377
0.002569569393528766
0.0004899800455901201
-0.0011133284846066784
-0.0019502137704701886
-0.0020520724630075345
-0.0015381499489217174
-0.0009982289509840433
-0.001139425434442601
-0.0012300980812146038
-0.002455318755516125
-0.003522684953522274
-0.0022288414992609755
-0.00043898097143207893
0.0002157177023157505
0.0005263399616145963
6.551886661033913e-06
-0.0012352908081098655
-0.0021638472264501676
-0.0030879680818041632
-0.000867952836331043
0.002632557868071072
0.004468879698835146
0.0031929609739981945
0.0011304900070070107
0.0013503790930593919
0.000688847488198363
0.00030057882565830374
0.0003874815239589616
-0.0006173934290055334
-4.893326261136573e-05
0.0009010816716342662
-3.575787409457881e-05
-0.00010500987107384767
-5.9291992812369586e-05
-0.0006106097058661039
-0.0002967549676098746
0.0010755650322264612
0.001209020601217057
0.001060356780409556
0.0011204800167987786
0.0011523684068160608
0.00032700787023878125
0.00017531889841122534
0.0009956976190805592
0.0005530233900471935
0.000251216751296882
-0.0009762666904869664
-0.0010683591323030564
-0.00036842344505583213
0.00044249071292295095
0.0005197131545300992
0.00017031516287611785
1.1175827478534248e-05
0.0006167158474617075
8.071990994361095e-05
-0.001554699987380411
-0.0013470413092722287
-0.0003496191167759893
0.0007474126903188564
0.0010489492823676037
0.002114043172491274
0.002357636877563991
0.001275970523598027
0.00048009510987611894
0.00028979735884473995
3.799088431961006e-05
0.00027682830253470694
-0.0003515007226692398
-0.0005152210338972537
-0.0009842230217717812
-0.0005898614564861157
-0.000344346437831725
0.0008206290238671999
0.0014213404669608672
0.0021517411988837155
0.003531662309308494
0.003261795575320019
0.0008212308001775608
-0.0029626440364742945
-0.003869505070496296
-0.0032808803225232333
-0.0006469020479294046
0.0013610087512082878
0.0036727981392773797
0.0029176390029085875
0.0014317697305213672
-0.00047257576999451957
-0.0012352863246109748
-0.0015916800078190955
-0.001418728302674666
-0.0012203828219008984
0.0002903368228464843
0.0002291702883834656
0.0015690836394816896
0.0015010544584107745
0.0005551640178060174
0.0002134802775976461
0.00017435516712285506
-9.309039207188111e-05
0.0005827974748909297
0.0007629979416798858
-0.00036059116459725266
-0.0007826566931357403
-0.00130259518117697
0.00013266983282634342
0.0007184294756514616
0.0002534955008096306
0.0008697225414186433
0.0011911584427956481
0.0009516818149792187
0.0007447774346079942
0.0014772447375961586
0.0009356163941977812
-1.3357781282169467e-05
-0.0015854488205587114
-0.001785487823412127
-0.0006613668571485451
0.0017794701695250529
0.0023027124063328855
0.003171950761508794
0.003092965036449056
-0.0003227512853012414
-0.0026789947512136894
-0.0028580156963996578
-0.0021054435163332845
-0.0009371427838073619
7.98413230864108e-05
-0.00020487907438517422
-0.0012226944964596888
-0.0034311286797674336
-0.0045267070889014275
-0.0024967352934568113
-0.00022054721818254893
-0.00012702711683560634
2.9885117283706512e-05
-0.0007693132303957543
-0.0032817775695634013
-0.0054891814640098385
-0.004818100878274265
-0.0017027994967453118
0.001009865075132045
0.001902764133493827
0.0011348283940979815
0.0007643197169787597
0.002094007041357358
0.0018364365095303757
-0.00016328785328199278
-0.00042629148196821585
-0.00014644403385918165
0.0009617075272077712
0.001029907939785495
-0.00013044014763701644
-0.0006488375218259201
-0.00146349056450708
-0.0025490324638603964
-0.0013546911933446592
0.0004659055157386975
0.001491442639820617
0.0013291114480555313
0.0015154005146622504
0.001098695335334237
-0.00017220763615971514
-0.0004098020355535883
0.0006971325433175876
0.0009815722296457607
0.0007616497421750162
5.846975526092651e-05
-0.0003816863219865182
0.0012370631374523328
0.0022637644055034274
0.002323200213099341
0.0010973218275072325
-0.00027878638306456693
-0.0009504570530172955
-0.0012331685554071662
-0.0013047357035419142
-0.0006191800148989346
-0.0001077498867129925
0.00011701619879965364
-0.0004432990156656928
0.0008248287695240585
0.0017765248689096788
0.001730982029517192
0.0011401842697615968
0.0005800961463517344
-0.0006773221656918445
-0.0003014526244780165
-0.00037993970458054574
-0.00033601157440432607
-0.0006439556549496894
0.0010565253405300633
0.0005461403769327813
-0.0005934296385379723
-0.00041624020886800087
0.0011566769084241223
0.001752579875352354
0.0010118046246142265
-0.0004650369143332934
-0.003538131871801886
-0.004767542083702384
-0.00364548553145391
0.0005410072704373826
0.0033580913571314933
0.0034061651867966832
0.001797184488311116
0.0001868070042011263
-0.0011746988335227756
-0.0014843444566132635
-0.0016438545362734204
-0.001819160288269206
-0.0011674066536424468
0.0004272947315881781
0.0005883910605562624
0.001203865863479356
0.0011839950112560113
-0.00016710858057900904
0.00016791285821741357
0.0012705608019505394
0.0009564189928231314
0.0009566503922243993
0.000760706317048854
7.3518734950605e-05
-0.0005749122145703989
-0.0006281461633928783
0.00030386480457135587
0.0002527864337043761
-0.0008388615357703714
-0.0011612339635310694
-0.0004632736229112737
-0.001188583275695359
-0.0012495118688677636
0.0003939288729271162
0.0024054749197535805
0.0007077526499445659
-0.0016730831703829778
-0.002566102370272534
-0.0006936645608326714
0.0015433666685938598
0.0015932032436647464
0.0025404869812055736
0.002672876289602947
-0.0007035206316716913
-0.0029531032477158378
-0.002961772442843497
-0.0024290187772151492
0.0006082917356774401
0.0011981861769477875
0.000647115109539925
-0.0010995150117561825
-0.0034871772162673926
-0.004205848170720821
-0.0029090341763751996
-0.0008394608684253665
0.0003517793879774774
0.0003706455366563749
-0.0015466956674956658
-0.004829492863065464
-0.007615402446361784
-0.004837643700203528
-0.00215063620442832
-0.0012195058611629947
-0.0008034652227330535
-0.0010163879245096716
0.0008927587072926378
0.0033271320278317074
0.0036400594613468793
0.0006850140615346079
-0.0028520183347047904
-0.0015240073344484786
0.0007178462024741853
0.0006211807296285579
-0.0003015551092744634
-0.000531323978203385
-0.0020319199685912242
-0.003122104480877171
-0.002053996163294812
0.00020059485015790567
0.0021302551862637255
0.0015915039748055984
0.00163164024010205
0.0013158478413055467
-0.0006267597596624629
-0.001639459038721636
-0.00025701825542020395
0.0013457147548088387
0.0008802686943253154
0.00014482027801633753
-0.0007467368676298113
0.0006580617394444585
0.0029870007842229115
0.003543398201913574
0.0018337049636837214
0.0002908363470642231
-0.0005344255297758995
-0.0009078537685451178
-0.00017024424665095937
-6.61330324941282e-05
0.0004810184439148423
-0.000404460922528286
-0.0016071404504564213
-0.0002941346967067144
0.0011401919146348972
0.002325787480444464
0.0012274599115364552
0.0010408200409848022
-0.00034299684506081135
-0.0004250445305719952
-0.00015241324142080805
-0.0003755262105204024
0.0005366672505758478
0.0015588601312857798
0.0008306789581966677
-0.000871928291376399
-0.000477164086684086
0.0012018461813348095
-7.684995666904607e-05
-0.0008029514452279713
-0.0020068951272733744
-0.0035463580559954673
-0.005016383601647199
-0.0030066052658236577
0.0014508781285157738
0.0053430527310074395
0.0029604468625209117
0.0008299423008741582
-0.0006917720751616962
-0.0018563435205015792
-0.001731205563988945
-0.0019147076048168063
-0.0023439897838116474
-0.0014590607146016555
-0.0005586732202436498
7.517526998692238e-05
0.00022094933108857768
0.00022432272206317108
-0.00037886063024158935
0.0006299241195999836
0.0015648903132461495
0.002041387789541722
0.0018190676434442095
0.0006310465883862953
-0.00015627844265866128
-0.00032289004417237707
0.0002623896789338534
0.0005505462578611789
-0.00016790861522740557
-0.0011076493730007022
-0.0021584002327705546
-0.0025681237294307197
-0.002858684361038276
-0.0021719142332919856
0.00021532600198388414
0.002704624106097701
0.00037338119347884557
-0.0023126302442891887
-0.002049005929134555
0.001229566971197953
0.0028796748548876264
0.001347402344148889
0.0013026851248967891
0.0005435068503743016
-0.001182071715485817
-0.001840480393430254
-0.002564149302501372
-0.0021166357970924194
0.0013608811887266968
0.0036534516468222544
0.0022110510397918516
-0.0005977069560699579
-0.0028983657765858425
-0.003280398055514548
-0.0027222376945910958
-0.0006594946758782372
0.0018996192548267029
0.0015940993776600604
-0.0004481669595733041
-0.003662622563751224
-0.005435756790673466
-0.0038321996766119484
-0.002213508542383411
-0.002381638416401441
-0.0018716506828758961
-0.0008360604192249013
0.0018924926807786365
0.003942792669067668
0.0043538337260368275
0.0012280082592970429
-0.0026234397564041433
-0.003700215238520644
-0.002305892829076983
-0.0023762318514736636
-0.0028946455506873386
-0.0009672665121214534
-0.001253407617091026
-0.0016505208933858186
-0.0015004468614019145
0.0003859632479726379
0.0014189353699360424
0.0010043559535281863
0.0004396882637459033
-5.8913280189715894e-05
-0.0006557942154005606
-0.0010509674588648622
0.0001724244500652287
0.0010015630680307126
0.0007151974017872364
-0.00029871713269698447
-0.001609326124280259
-0.0016805210824106835
0.0014798169795073133
0.003227883543692414
0.0020909996688006117
0.0003812357420981221
2.57748450372561e-05
-0.0005837364723195077
0.0002088051492974821
0.0002816721852010504
0.000752096194744908
0.00029416900405860555
-0.0002328217409978176
0.0006139336469118973
0.002926235609190391
0.0022836738680784155
0.0015806610146309403
0.0003220953052113001
9.837084001318853e-05
-5.062144304862135e-05
-0.00017904137253700567
-0.0010468312500338092
-0.00048158048885419064
1.670685944550455e-05
-0.0005696313180800232
-0.0002907005123530806
0.0010194689123733084
0.001319568873679183
-0.0006646461305718248
-0.0020656832713720364
-0.002361600744142302
-0.0032191155494494727
-0.003951240527968735
-0.0019194858245138004
0.0018000387290006941
0.004266765009865672
0.003314519623049941
0.000890363998272635
-0.0007296322198483002
-0.000961057610918711
-0.0012016920438738632
-0.0008737212019381442
-0.001169121071625668
-0.0013536116091921917
-0.0008272447179865629
-0.000974924089171655
-0.0009480264309507337
-0.0013914439177532445
-0.0014070685680774328
-0.000988075437303798
0.0006875196522367552
0.0017633795666184874
0.001049629750494465
-0.0014193345026085062
-0.003287659189903716
-0.0018630026745004287
-6.70253558380878e-05
0.00041634504653075227
0.001463090072973431
0.0021615399419130914
-3.157507835042635e-05
-0.0019048798622221758
-0.0012488480325230614
-7.59189012111848e-05
0.0013251154795028272
0.0009508128937090304
-0.001608023572661931
-0.0026914523232468342
-2.0864856892729457e-05
0.0028678449815662524
0.0026207355490035474
0.001252499565450971
-0.00022590101161379232
-0.0012155029741397494
-0.0012663867686218437
-0.001955481449671176
-0.0033988082098552544
-0.0015235225805228575
0.0019322671784065954
0.004922787978780896
0.0023542672072027447
-0.00042061692296520075
-0.00202621229915009
-0.0029124879566940582
-0.0025922854623382546
7.444959057619791e-05
0.0033484176825058177
0.003124989576075951
0.0004921656171559671
-0.0015767706562931079
-0.002372135085952329
-0.002842059983056626
-0.0024430832346762276
-0.002300671764665199
-0.0025086798999326954
-0.0005161415748030525
0.0023290782357295757
0.004158425364639746
0.003912920517282644
0.0011669561736027518
-0.0017473702297247952
-0.004135619878651877
-0.004418972135857533
-0.005061900395342017
-0.004494438438056065
-0.002333817603700489
-2.5676894296414675e-05
-0.001178098470226065
-0.0008094902618490237
0.00011591343693065229
0.00011178111850095951
6.778821948144812e-05
-0.00026667687815051127
-7.320926293352637e-05
0.0005067266946764109
0.00010123932803951161
0.0006435508062958198
0.00032611141144791867
0.00029861127605924
0.0002810365537182398
-0.0016671878802386921
-0.003352564131471911
-0.00018029952599712127
0.0024527946224053056
0.003246245771151517
0.0016153121119872548
-0.0002940112850687694
0.0004659457088927574
0.00032691531457027656
0.0006261909607285976
0.0005842378862311484
0.0013044160458023243
0.001681574910254642
0.0024350586084314427
0.003951392061473506
0.002878738536425586
0.0016149776039801125
-0.001135180868068353
-0.0008725097409781842
0.00018992382549284117
-0.0006130706251447559
-0.0019350049356745835
-0.0010249856854947345
-0.00011205522729820978
4.545485590450111e-06
0.00042262708349752505
0.0024924814907196164
0.0006384934394627392
-0.0013160291084112585
-0.0018227141546952549
-0.0019453208953845312
-0.0033216574936414675
-0.0022131696964458724
-0.0008837293684426119
0.001253272564459433
0.0023595376314718627
0.0023763606423053605
-0.00011961316205409212
-0.0010790527077439434
-0.0005223674970933692
9.437013337707792e-05
0.00012040536001457769
0.00027006889829014945
-0.0006143785503582105
-0.0010818423351466753
-0.001129693591814801
-0.002062749813609441
-0.0018951795032702665
-0.001898545861821579
-0.002515726729442779
-0.00033749574787909594
0.0011092622920836155
0.0004686216448409296
-0.003180818634482329
-0.005789895977299916
-0.0036431892778570505
-0.0016090656320928976
0.00037153865554439473
0.0028374997319111023
0.005065086944053841
0.0026171650627425515
4.504559904552305e-05
-0.00017267476786096507
0.0016911789279732226
0.0019577388549114247
-0.0004764650943491922
-0.0027999209186859585
-0.002354055024479192
0.0002603589087060792
0.0036119301135366473
0.00198077064999784
0.0004242924270977681
-0.001575935201594721
-0.0021824699983548817
-0.002128870980695431
-0.002500500368425322
-0.0024841462608876223
0.0005208059000987666
0.003278858000138154
0.0034407180620198595
0.0009862456383907354
-0.0010638403314137228
-0.0022477554225818416
-0.002722684664810967
-0.0022988867162589996
0.0008333311468639018
0.003023983768146261
0.0027683240453830853
0.0005305872039341746
-0.0006923591674381677
-0.0017573127196715463
-0.0011772228530479354
-0.0008171745621853552
-0.0011365033715171387
-0.0018040639874530003
-0.000613589212946763
0.0014250649138142241
0.0035117936797975056
0.0026959849987969907
0.0008740258407914414
-0.0017268732882230178
-0.0034986015507495684
-0.004143496386304232
-0.004338712306766887
-0.002687991882336231
-0.00021568926072901078
0.0003628475427331386
-0.0010394131374011893
-0.0010018794180671146
-0.001409747227519189
-0.0015864429073832434
-0.0013824097723446175
-0.00015040362836589004
8.657297567699236e-05
0.0009271390825779098
-0.0003473483377483225
-0.00016526307033540457
0.0003406526466565959
0.0011092676376737137
0.0020449424453203783
0.0005168669103071382
-0.0015383800387585831
-0.0014758049284039482
0.0009152848380353936
0.002795633949641857
0.002640941892224353
0.001236374553422269
0.0005598144545476335
0.0005774904740588863
0.00036280307077955765
0.0007370061098100994
0.0017407670914227511
0.0031595244720938097
0.003381343826407428
0.003297750795441612
0.0024780823609982126
0.0006319698059927875
-0.0016735559524620022
-0.0028907690098604827
-0.0006359073237183722
-0.00017655977430428005
-0.00017481522062344308
0.00018434579029248037
0.001778529231889377
0.0005326883782015007
-8.905064499632769e-05
0.0006596464619755013
0.00032542492516719475
-0.0012454319525502177
-0.0011479549311344283
-0.0008894512361732953
-0.0011837603021296775
-0.0005210002874524124
0.000940770229330292
0.0016729599313743074
0.0018254591884578858
0.0009002803417170941
-0.0009257826000752651
-0.0015542765175877496
0.00011892982671587212
0.0009582449023791683
0.0012242000075813706
0.00020169671011086623
-0.0001479565643081708
-0.0011684456121102641
-0.002085412559423162
-0.0020688078001720083
-0.0012276746896572527
-0.000380225946101721
4.839555302473095e-05
0.0011063834824345856
0.0015714522829161797
0.00014099208497323434
-0.0019996079741307926
-0.00465807915729612
-0.0047816355060874335
-0.002232831697360506
0.000882610103210008
0.0037689094388793916
0.004467804104988625
0.0037247101012126463
0.0007585886183651785
-0.0010012515842625766
-0.00013265655316714565
0.001065618442106109
-3.070661813653526e-05
-0.002101649734856621
-0.0025184509184473344
-2.02951927946144e-05
0.0016610736746297656
0.0016439094608830867
-8.212110521488151e-05
-0.0016176966800632987
-0.0028128567711499554
-0.00248091071790159
-0.0017903957058356278
-0.00033587828611507647
0.002668807004348018
0.004119983415785041
0.002479483401457908
-3.7604426346053406e-05
-0.0013803451292515672
-0.0022649652904135975
-0.0015297973558673224
-0.00017942030881376716
0.001644903997657386
0.002474056009782459
0.0021605556234779552
0.001000786588714282
-0.0008131725737842069
-0.0005231942859716164
-0.0002417757958824603
0.0005218063390051394
0.00039236345890254136
-9.611006886428792e-05
-0.000816433047829257
0.0003480358098457637
0.0019947693201620414
0.0017066593190981825
0.0004927213794926588
-0.001213556257732801
-0.0021812259266743104
-0.0033672383699253285
-0.0031224512435189984
-0.0006458742969880369
0.0021276288395602875
0.0008365424858757135
-0.0006067147929444952
-0.0011603520154605247
-0.0016945240389838545
-0.0026055214535587
-0.0016570047040809386
-0.000746504977130225
0.00018154271596275656
-0.0005926774754632074
-0.001348197312944029
-0.0003728403455089007
0.00034650086492053864
0.0024802792013035343
0.0033495925951424793
0.00334833147069326
0.001291231795047911
-0.00021426128849463602
-0.00021900111112530432
0.0013252229387381402
0.0033960497778904356
0.001955188209372172
0.000681445786650108
4.2157794379213366e-05
-0.0007606852974254719
-0.0001422014835681521
0.0019979513597530103
0.004309650656177014
0.0038040885208675667
0.0028228058350301
0.001724135252212235
0.00011764823903327563
-0.003063634024985597
-0.0037531317127437866
-0.0015685656788147063
0.0005037291865153083
0.0009406021239495165
0.0018201037942127429
0.0020718733250351907
-6.290982192771414e-05
-0.0012735361663620904
-0.0011037607373600054
0.00027131980244821585
-0.00043369544393216317
-0.0007497262808835422
-1.0124866979263419e-06
3.684665633883446e-05
0.00048792656484221084
0.0023209972443881764
0.002598226624490979
0.0019601875132085143
-1.1548455667078836e-05
-0.0018206493102998662
-0.0022778199107504667
-0.00028172960095466536
0.002135432496938392
0.0016550314164950181
0.001248614235424973
6.0631849868955385e-06
-0.0007174255514947674
-0.0022139223052693893
-0.0015357818424630975
-0.00044975546682810713
-0.0002666059011778687
0.0012555856792685616
0.0029171095537573826
0.0010812196115451687
-5.429625250479128e-05
-0.00038192181803317095
-0.003282044341917913
-0.005809977350695753
-0.00295750008665233
0.0019389820692140552
0.0042771195483792025
0.004136697413357092
0.004011804120307793
0.001097364931602009
-0.002316546475288495
-0.0028108013352137933
-0.0005025641903272196
-0.00022975829310157387
-0.001242574855031839
-0.0025099794873394013
-0.0013846023614179812
0.0009277187881019924
0.0011026867792220865
0.0002740491165620344
-0.0016332002804476929
-0.0032707225673317374
-0.003482414118917287
-0.0012425208956134085
0.0015269560287385696
0.0028933987201112455
0.003595589792357189
0.0020591767160540826
-1.8826247601412733e-05
-0.001979533705163237
-0.0025963050763495093
-0.001166619684011664
0.0006983983434695527
0.0016120858844391145
0.002733075809207817
0.002159315943410993
0.00027571871044541343
-0.0007167961303690953
-0.0007852611612675258
-0.00028201280019680383
0.0008834964314206231
0.001205591070149765
0.001734011581028115
-0.00043637794387408355
-0.0010163412053186206
-0.0004471894034271008
0.0011302177564371512
0.0004192182773146835
7.896970285560802e-05
-0.0008872445337619818
-0.001709766593982126
-0.0022261247642933564
-0.0003826699902519815
0.0012172145831087868
0.0007344503546003866
-0.00024679238563873326
-0.0014932199803913814
-0.0021357062468667976
-0.002377047198467171
-0.0015427215381099337
-0.0005343190994181213
5.235061225961342e-05
-0.0009999115921144213
-0.001576846883612923
-0.0019728681166051717
-0.0001673871182334653
0.001144615303488394
0.0030636188120133565
0.0030358975797634465
0.0022301334924705917
0.0009717684051146169
0.00022754197778593064
0.0007883927792607644
0.0019460490518224437
0.0017841558153584005
0.0011306959566833527
-2.766809433466731e-05
-0.000575968466108148
-0.0004642334035689251
0.0014127969764334341
0.0026480363582551125
0.0016458354297723221
0.0005560024422558206
-0.0004945640144336287
-0.0014980360183865426
-0.0025111923028444307
-0.0016738133182156469
0.0003197272443180715
0.0010820551625184238
0.0010499855865796109
0.0001212704677300393
-0.002121947420789403
-0.0036333287522487046
-0.002326046204780068
-0.00017664218601081503
0.0011082321522298084
0.0005836395020628624
-0.00024330903082556686
-0.0008310294002732152
-0.0009685459594710277
0.0004844167168464918
0.002920814515584914
0.0029105311946855494
0.001316661540487333
-0.0010049100837978492
-0.003109813180157179
-0.0026734840925895236
-0.0001539874301379543
0.001528961714448418
0.001555855593028457
0.0012034170049318174
-0.00017101599046935795
-0.0016165857327204382
-0.0009961281557236321
0.0004930634500441977
0.000290382280885373
-0.001026769875661489
0.0004460374931612644
0.001295532570359798
0.00018170135345846523
-0.000271864661796329
0.00016832668086365972
-0.0005261654579111001
-0.002143597131814277
-0.0004915632422715806
0.0022390924356871116
0.002963788725747207
0.002634234319462465
0.002229825612329633
0.0002877728090288263
-0.002014237640430773
-0.002382517593112573
-0.0015706697888228003
-0.000372296190617501
-0.0012884524446737631
-0.001679306591071684
-0.000638882591454623
0.0007565251292006372
0.0008448544493312972
0.00039655121527826524
-0.0016092796066420822
-0.003139991463213931
-0.004501734130403119
-0.001579682437669643
0.0013133140402215348
0.002415695787698075
0.002331698873914778
0.0017471772139599376
0.00018173248714890112
-0.003316748655554249
-0.0029681048479244074
-0.0015968063769152957
-9.529654677622188e-05
0.001629493263577656
0.002942508602180753
0.0020672721030959426
-0.00016791061264695542
-0.0014825688194814836
-0.0008747541800428391
-0.00083233283488969
0.0004906655761618428
0.001969377610253191
0.0028903644717688877
-0.00034445022966475276
-0.002594674133020231
-0.0017121891392382557
-9.337994785988605e-05
0.0003213474434683579
0.00047534332081737037
0.0002843967196258396
-0.001085995624826612
-0.0014678825514057008
-0.0008594854892851699
-0.0002647847047701268
0.0012362639255584288
0.0006437031896165816
-0.0009535567647201165
-0.0020702066259332117
-0.0012174155236346156
-0.001603033221603261
-0.0008333060809898124
-0.0002870677348941049
-0.0007973073487503176
-0.0020812830387954098
-0.003007467877327631
-0.001386368833896012
0.0009513553169799198
0.0030528261886612813
0.0021882168048573914
0.0018803898662270151
0.0008953172411367939
0.00030258751792831763
-0.0005346961899961524
-0.00022445730917778435
0.0005389161216219669
-0.0005230787424083987
-0.0008272988129815034
-0.0007112117075901402
-0.0001619106207249141
0.0009062261119190585
0.0007784608429397523
-0.0007903875678744782
-0.0016201783417258062
-0.0021934428756778526
-0.0020476560228422955
-0.001383805668762177
0.0015440098926345
0.002851515850928356
0.002176631434661419
0.0011256520705964508
-0.0013256442982633482
-0.005387613322856615
-0.006770507697574228
-0.0031282486309574483
3.319524190940654e-05
0.0014954859637502586
0.0008787814992747396
-0.000953535529842498
-0.001257302578626183
-0.0023544938170278547
0.00011385240229130786
0.0021453695992122066
0.0020598163584232
0.000556716843212916
-0.002158063603835294
-0.0022123016318839044
-0.0017332333546205806
-4.9958604390634665e-05
0.0005729000252976997
0.0010253936221080156
0.0003493552589515669
-0.0002774570640820934
-0.0023569576594759164
0.0002921666904718347
0.0021532702411624187
0.0015426510617513058
0.000294068121951997
0.00045294207569721224
0.0005181031819509411
-0.000587814647733444
-0.0006087883646688618
0.00039427671082508645
0.001888118439858923
0.0012358336408431884
0.0012849004880440443
0.0014904631579298739
0.0010030458328742797
0.000159425816754751
0.00040079311567973053
-0.0006403430468607551
-0.0015965821574122556
-0.0013318328530698734
-0.0009726099262999982
-0.0004833710971434591
-0.000802494600277226
-0.0004918005511107017
0.00032472129292128405
0.0019212029165894518
0.001055187146380144
-0.0005782846511876277
-0.0019431711805290432
-0.002594539675066785
-0.003517571543079324
-0.002114389735089081
-0.000520828522321526
0.000538087938393471
0.0006853620450029424
0.002004765567437169
0.0010645038546420794
-0.001528042550966684
-0.0026394213813976082
-0.0019316366001502082
-0.00036553301899085286
0.0016734564820173553
0.0032272200648497617
0.0021837245190968325
0.00020791149473588688
-0.0017316927845452304
-0.002334035907847176
-0.0009154995052069922
0.0012841719633447178
0.0025781809953710237
0.0022183568691559827
0.00010336117141309244
-0.002455625864492933
-0.003039651616634053
-0.0021354876264869
0.0005147148266930464
0.0007149261659294883
0.0009351680878020008
0.00026970391685634653
0.00045302726324823815
-0.0016431203150793412
-0.0017488839270283518
7.685967354882672e-06
0.0008587527490346484
-0.0010727601849704763
-0.0008537291185029662
0.0003845787946598993
-0.00044749082903228253
-0.001360329744412307
-0.0006441778941051611
-0.00044953545502004013
-0.0009075761922258025
-0.00152192699306942
-0.00047709774939608886
0.0014215564082139982
0.0024347660999555635
0.0023411323401285383
0.0015466907226060562
0.0011142106935735946
0.00020131836778285818
-0.001300090177520089
-0.0007410084923530963
-0.0004099877289859574
-0.0013839157763735205
-0.001841391270314729
0.0010235373224346846
0.0031154081957018437
0.0027747232983831053
0.00011088641146819018
-0.0022506109821870558
-0.00363887579647656
-0.00387067777268907
-0.0038874566411347617
-0.0010013831011085965
0.0017581363127649962
0.0033327507313255897
0.002361021436329702
0.0020268643539802745
-0.0009724453868631326
-0.0038648192369760397
-0.004757495076214985
-0.003059980664898837
-0.0005406317840159744
-0.00043114482650625607
-0.0008501479363710682
-0.00133938405722946
-0.0011362065672176614
-0.0008740176119283631
-0.00045787462657855953
0.001210181561607455
0.001555506814604984
-0.00028741759972612
-0.0017726470780895557
-0.0018181495486314862
-0.0007220031905233436
-0.0008935091919792047
0.000539285956103698
0.001380170311180717
0.0006597548191589664
-0.001111701107298223
-0.0014557745608948195
0.00017457164463092708
0.001463637642948966
0.0010059160439354117
0.0004997818775418217
-0.0002239479374397762
-0.00025663353190949814
-0.0002182396236092188
0.00013007868515271
0.0003334356060641633
0.000494689448628056
0.00024343992937678543
-0.0002149977065857228
3.0383173251595508e-05
0.00015234399640978724
-9.207877876342722e-05
-0.0006570106335406925
-0.0010469164743886334
-0.0010187824916381499
-0.0012847726125682507
-0.0007576363212050856
-0.000801588662225965
-0.00014188092815231872
-0.0006384999245282911
-9.925103027006685e-05
0.00040337167877394257
0.0004040752410691007
-0.0008312678967041767
-0.0012787253683144968
-0.0015675829739108498
-0.0024429386253738273
-0.0026573072057277025
-0.001446665529627755
-0.00043817906524958364
-0.00012439737167743725
0.0016276855905803618
0.003202783781826401
0.00017260630688104277
-0.002062297650077887
-0.0019699722372596047
8.903329553908168e-05
0.002677305314057039
0.002758846545183376
0.0025420263904582983
0.0008157042141647517
-0.001575094121863603
-0.003728784830547621
-0.000984520988900484
0.0019263339693540817
0.0029730425868681066
0.0016627049026028328
1.3695420312357222e-05
-0.0027050628833907267
-0.004822583477860224
-0.0038146663558046674
-0.0005711473998187798
0.00134042877010245
0.0020882976769701625
0.0026837548535732217
0.0018713708570574487
-0.0015623144302520798
-0.004617069926659987
-0.002129418153209108
-0.00037793104319597585
-0.0004502809338054198
0.0004971846915438551
0.0024173722505521312
0.0005827808853807702
-0.0009143566361837234
-0.0001779244641343896
-0.0002824047017026821
0.0001129975326405045
0.000308278163535091
0.0012353172699547973
0.0015986355372071197
0.0009121210435206464
0.0004851129444639833
-3.1924208476021617e-06
0.001462719050862855
0.0013318759151461374
0.00010319346466448171
-0.00021254903583155617
-0.00020538507803765244
-0.001317592497396017
-0.0011753984770427053
0.0026599118005294505
0.006705007279245402
0.0035887241591849046
-0.0002780815745457103
-0.0036058865784076213
-0.005383500394112473
-0.006524943116211223
-0.004973090357696604
-0.002230804263972323
0.0007997364617561597
0.002471621295469136
0.0030777843942636626
0.0021320714199835568
-0.0002904930789471411
-0.0023401893020386505
-0.0026823141912581307
-0.002809161731510649
-0.001474883878954945
-0.0011424801516842415
-0.00030152621141517393
0.0008500532609524927
0.001819884379860858
0.0006847899819064854
-0.0006465941483647557
-0.00011365825405092156
0.000490390660438783
-0.0007148100912532842
-0.0011208803804684678
-0.0007418864816106978
0.00023746409032530719
-0.0003760343079584254
0.00028566426961248087
0.0006381548705881991
-0.00043876217180918405
-0.0015172807248342165
-0.001179593267753249
-0.0003641088531570532
-0.00027257738771691356
-0.0008776812984095865
-0.0005359164372088613
-0.0009871141959964577
-0.000815441368975184
0.000173350596458442
0.0016925134689162926
0.0015658606523755191
-8.302630646603347e-05
-0.00118516314066539
-0.0014915856252475665
-0.0016260303726742809
-0.0010058024819999995
-0.0006045205516309103
-0.001281874601877947
-0.0015171224220769082
-0.0009940014360139144
-0.0006666519975812597
-0.001051291063751347
-0.0012780709841044434
-0.0008882511354678589
-0.0007854293629933441
-0.0011334170411437033
-0.0009267326832516767
0.00032863684700486814
2.975972238043864e-05
-0.0007946200273809038
-0.0015566851760281586
-0.002459663737065345
-0.0020671486337320954
-3.0306282005221818e-05
0.0004294574884147115
0.00047254752449159233
0.002386414512735013
0.00288297550719424
0.0003162609731678502
-0.001926373681552571
-0.0018477452572261046
-0.00016950475983908928
0.0022980101785119835
0.0026858274207827906
0.0023984122017529043
0.0013962553792486619
-0.0008983876108765253
-0.002956821171421496
-0.0009064097624760699
0.0018010931928266849
0.0032533941654191516
0.0016036712265786288
-0.0011801112786830388
-0.002748466072190715
-0.0051925130230362024
-0.004278239169349746
-0.0014937147429861402
0.0015355724295056212
0.0030985328315178704
0.0036162149475092212
0.0017619250096321906
-0.002030350868157465
-0.004503141848896044
-0.003947117412830077
-0.0006361110774228734
0.001016996761468147
0.0023463586584615737
0.002725229125247713
0.001416337044404822
1.8434653867335608e-06
0.0011568233508128885
0.0009038642319649114
-0.0005009355199476926
-0.0002986346849503312
0.0010579707049091247
0.0012238815849582774
0.00031875854185016975
-0.0015500293125499153
-0.001997996058091482
-0.0011493233597614518
0.00018569561112334056
-0.0005161097254179442
-2.6160930279603032e-05
8.193603748397383e-05
-0.0005171910973346955
-0.00014334613798355853
0.002954256085200807
0.005181268494843889
0.003672157691342201
-0.0007736517331026475
-0.0029273706915192736
-0.003781121967556448
-0.005371307492466078
-0.004655862655021154
-0.0030795103011755738
-0.001284297484011395
0.0007602187492190529
0.0019208713930028761
0.0004413067641979928
-0.0019378137133582202
-0.002299890128421319
-0.002460967096904095
-0.0014347003787155788
-0.0008217170353720343
-0.0007334304655089456
-0.00022331803716744785
0.0018685542039393848
0.0028961575105947305
0.001357202724102531
-0.0007032136507831648
-0.0002086511860933975
-0.0009534589307181857
-0.0017490896130383084
-0.0017009655063223478
0.00017295246720313738
0.0017283077258298649
0.001794436493954223
0.0004785354262326349
-0.00017698397484683783
-0.00036769651272880455
-0.00022259553454332374
-0.0004749453378559307
-0.0003399912460702952
-0.0016928022664616906
-0.001904346076706506
-0.0015380008359837905
-0.0004202385745801766
-0.0005174569212034554
0.0006462708850321848
0.0018911716932759584
0.0020509137068778866
-0.0004253771263361564
-0.0008674448168859538
0.00022396883923914937
-0.00038079113183031674
-0.001313611456677154
-0.0008136743964023266
-0.0012352753537929013
-0.0015741178053727068
-0.0008031850000289613
0.0008019927880764241
0.0002462452647236872
-0.0007341633575505363
-0.001279153892371416
-0.0007182890399691287
6.326131624585581e-05
0.00033249126534453115
0.0015400558212087824
0.0013441899704915911
-0.0007797178547450366
-0.0031014422238248972
-0.0036894661530949726
-0.0014260369338180716
0.0020631931555018
0.0020860780609492247
0.0018408993109723763
0.002667462135352323
0.0010944552061313306
-0.0012318128891883357
-0.002858043867643878
-0.0027277482528917023
-0.0015747991785126998
0.0007802537791248928
0.0024072425899227348
0.0024436673179584066
0.0015879672136944335
-0.0003400806327352845
-0.0017654603046177214
-0.002351966915636027
-0.0006052779366260621
0.002346263337075428
0.002143167748411673
-0.0011332470613507814
-0.0035764902749124633
-0.00400233220956378
-0.0035029845674067464
-0.002284669763422419
0.0002519602657433046
0.002473384592399314
0.0022767997453898535
0.0009862983966969665
-0.0006888075858563836
-0.0019503941652973106
-0.0026208820705440586
-0.00041091514250480004
0.0011415765465577004
0.00228549356992943
0.0021707721566011375
0.0013822271037070566
0.001422408782311143
0.002593031314053003
0.001724790887146192
-0.000988031413182019
-0.002073744034979861
0.0001459171997659775
0.0016363756844567903
0.0007086722010198032
-0.002361061396509577
-0.005073172458859635
-0.004129045866654285
-0.0022915697018664697
-0.001870020306105402
-0.0006983037810026635
9.581992251097193e-06
-0.0005678995882569557
-0.0012372937601285681
-0.0006359207282484189
0.0008823692227153222
0.0021166942296114892
-0.0003274739402614105
-0.0010706597959899344
-0.000665016332080854
-0.002342511366985773
-0.002748504965077163
-0.0024919357304970173
-0.0026990602121090787
-0.0017920410078448648
-0.001098271798586899
-0.00165625777587027
-0.003125180820991723
-0.0033486282956272286
-0.0029969991093722536
-0.00012147662820685229
0.0014896293813282723
0.0005467011194748796
-0.000630328285649728
0.00024404826219085233
0.0003679524746513116
-0.0009192943409592063
-0.0018482895655824061
-0.00029760714933430867
-0.000559112544728045
-0.0015575865822800735
-0.0020112803697445807
-0.0004550569349022089
0.002187323175380922
0.002651966208260744
0.0002565516455820346
-0.001011592415471232
0.0001422073174458143
0.0012456164358515048
0.0012413110642897703
0.000816560176336421
-0.0009878407577112772
-0.0016759487742215458
-0.0017596261298588477
-0.0007831265970541281
-0.0013918855284821767
-0.001383928111006127
-0.00015102493998802972
0.00041859736249102585
-0.0012099234561892568
0.0005652545594943578
0.002861672433442009
0.0022283916620398805
0.0003561168203739314
-0.00023719565023229481
-0.001054153429704035
-0.001750402664649165
-0.00023871185357025567
0.0015530043942471555
0.0016470481093241076
0.00013040432871063508
-0.0022268618419993094
-0.001343631481314243
0.0015140743776364941
0.0027528731384079404
0.00298086377619434
0.000679181328125848
-0.0014949713855290214
-0.004472829244462473
-0.00445693598611443
-0.0006991516673479385
0.0024382823390662377
0.0032618966574429016
0.0028075251631720587
0.001814899303322254
-0.00016841071616138358
-0.0020168950206799216
-0.0025776623235604828
-0.002394907457886288
-0.0024959621589325976
-0.00111072043220063
0.002040149941666212
0.003331934004972033
0.00226777810929974
0.0010133970837793763
-0.0012455386317084323
-0.0030865731909140983
-0.0034764190076865477
5.8178900242876296e-05
0.0026322459133358237
-0.00021723862121125507
-0.0038972273847784175
-0.003388866836717901
-0.0029438952099592767
-0.0016987266454607853
0.0006447803562298743
0.002701844544103409
0.001377717537481773
-0.00033844329467760866
0.0005896617592672337
0.0003886069270848491
5.4122726870743263e-05
-0.0006697856598663448
0.0007373699861982362
0.0013392659648452628
0.0015111873354734207
0.000376972591922007
0.0006177086265725994
0.0020179073693678082
0.0008139334119776401
-0.001333580935719616
-0.0034684444839422498
-0.0009867340182943213
0.0008528871212319367
0.0003742722327328222
-0.0023000178331766086
-0.004995437862314428
-0.0035165411426375157
-0.001708928189003646
-0.0017879977291903886
-0.0012387319434595768
-0.0015024033251925762
-0.00375420900884172
-0.004589485995520523
-0.003256882650870151
4.041042334985078e-05
0.0006453940870057332
-0.0014108872602450874
-0.001631319133944808
-0.0010474709376598974
-0.0023819495079222624
-0.0030926630004785554
-0.0017106971544023674
-0.0020784690106635836
-0.003515657467031531
-0.003933891477120015
-0.0022656666765430294
-0.0017341899071120553
-0.002397649856747089
-0.002260166207051321
-0.00017504827987682383
0.0019439304663967315
0.00013545204761960654
-0.0005892297900664792
-0.0009089160869620095
-0.0018388143166952172
-0.0029834649897627213
-0.0020660643727781346
-0.0011241506249576906
-0.0007922557930605785
-0.0013444186990980644
-0.0021006277652465717
-0.0008265753565013183
0.001712983135891467
0.0022837487388792177
0.0004036988445546442
-0.0017218726141330109
-0.0005485019539160541
0.0004347484046480098
0.0009371152754733805
0.0005968895693065863
-0.0007623924346196701
-0.0018820552481745674
-0.0013716274460986847
-0.001819746509984307
-0.002683578946307852
-0.003641788881079233
-0.0014408600253685978
-0.001210320109044574
-0.0003015109073148838
0.0005184575154342473
0.002774067472928042
0.0023960696930880503
0.0009879022956359289
-0.00015671246905128678
-0.0012127847181745291
-0.0009658238429293729
0.0004704400561243447
0.0018645176359593468
0.002766605807124873
0.0007599652311299082
-0.001721056052505086
-0.0016824520245959157
0.0017466881698276003
0.0034982416445538383
0.0009049950396572143
-0.0009023993907306472
-0.0017154883216093401
-0.0031773649826342875
-0.002614564856928003
-0.00042321951352652226
0.0015495505552349013
0.0031831628518733035
0.0027029510584141193
0.0015772791621705981
8.208412524567425e-05
-0.001339654337923042
-0.001702741192750984
-0.0009441092854059283
-0.001886951569871198
-0.0019371034726622118
0.001524662068869677
0.004156166199067764
0.003522983292280223
0.0022272480617107834
6.879340483715505e-05
-0.0023896627643482733
-0.004855432969824201
-0.003019272655895992
0.0004861832096221081
0.0008972920175883622
-0.00195620015994427
-0.003685439310413127
-0.00301504908917637
0.00032305229119348496
0.0031981332926584024
0.002625913552042571
4.280948740837274e-05
-0.0012314723825080688
0.0004277261167574482
0.001878786033124326
0.0009393480712621088
-0.0009193303638642591
-0.0007527825314350637
-0.00017657857945997066
0.0004808258673491163
-0.0006454845221239038
-0.0016133337649934334
-0.0018612034915128743
-0.0027643381266754573
-0.004393907015061051
-0.004612965599088841
-0.0029776044232538374
-0.0008441593270596237
-0.0001241978209728633
-0.00033889512675341774
-0.0012765443336846879
4.6377309227098795e-05
0.0010244029197674592
-0.0011539164648506997
-0.002444528264050559
-0.005015434014964333
-0.008901712757785712
-0.00926926727970433
-0.0033897446839905986
0.0021784564803464337
-0.0001752657759497455
-0.004414421100004263
-0.00500624460965929
-0.004817935947054138
-0.005607260475518369
-0.004277057469239097
-0.0011470720393113656
-0.0011733759064918579
-0.003742514764698689
-0.0054975433030447045
-0.0033103987963863744
-0.0016397961573124873
-0.0009711958419214806
-0.0007215873844443448
0.0004009881324712344
0.0009226956941782718
-0.000770533581441123
-0.0015964940178838823
-0.0015578300195212078
-0.001917240449829616
-0.002844300130434371
-0.0018972887366510334
-0.0007828593905087006
-0.0011754135689708075
-0.0019586676202392704
-0.0022938662326132202
-0.0010013211958433555
0.0006211401180893583
0.0009249373559995543
-0.0002861876029550327
-0.0019756762678219803
-0.002262262764672521
-0.0017221492959149925
-0.0013311566853254648
-0.0012233248091235154
-0.0013306852131291006
-0.0014282058053556187
-0.0007888346377083509
-0.0017072023331406979
-0.0026141379906638174
-0.003238938375298199
-0.0019517914490187237
-0.0008375635293059506
0.0004659057949201029
0.0002686256427289727
0.0008483506501070005
1.3143066146401906e-05
-0.0009301027653322758
-0.00030452288703211583
-0.0003370756815808979
0.0008556788281139748
0.0016068121811052382
0.0020998068532659753
0.0025116311517736707
0.0013170796856889345
-1.1900107891868933e-06
-0.00046890851871918287
0.0009432155344730063
0.001273561431295056
-0.00208944682999628
-0.0012418202460101964
-0.00197108143271769
-0.0011381046947659286
-0.0007152427882558508
-0.0005232291379429751
0.0010635395631081897
0.002507178999304411
0.0015374519623113643
0.000478168026987951
0.0004873092895720766
-0.0005127820594824096
-0.0005567945013125785
0.0007649561508166151
-0.00036284092526802617
-0.002128995486231413
-0.000754351680666509
0.0030596119523851285
0.004369869545884376
0.0020488768530568953
0.0015386166484723947
-0.001019429832236656
-0.00462718581831526
-0.004512366786707287
-0.00042318931641679406
0.0012703353559355727
-0.0010078771404763685
-0.003809139239341755
-0.003408307119666169
0.0008308169996546881
0.004378051123304225
0.0015055865663229054
-0.0015527407418094996
-0.0009749019380292003
0.0002847633844615552
0.002488610009142409
0.0005310891607738615
-0.0011831362431229838
-0.0029762488993183072
-0.0028366454895675376
-0.0010596254035216469
-0.0008533807990926125
-0.002094593032595581
-0.0049197785984504095
-0.005580145122005336
-0.006575144529111646
-0.0056292096704924095
-0.004294711039129158
-0.002403026841496244
-0.0011767047367349985
0.0005795921074201336
0.0013454464288706696
0.0021570790014994456
0.0017971515578084688
-0.001270672845255961
-0.009169238313841904
-0.018661280172133532
-0.021408170472820738
-0.004292338858100627
0.005571044143724063
0.010542707868631377
0.007888378035663831
0.001137391213961565
-0.016612797968141683
-0.01810378391790691
-0.011956348952361516
-0.004921573399392243
-0.0016180436866469927
-0.001580007571334613
-0.004583210108291169
-0.005587743763287297
-0.003350591525469157
-0.0015312188024258087
-0.00025656021835758535
0.0005056310410802066
0.0005998827807956011
-0.0005056159844692681
-0.0010678026766157154
-0.001361646196408976
-0.0017743495131379225
-0.0014046158199557378
-0.0013245292890955323
-0.0007770629049602067
-0.0010948442735548
-0.002441659787281042
-0.002319894783638741
-0.0016560995375200682
-0.001536303587562125
-0.0010766119448677243
-0.00016578823245869297
-0.0003320380197006558
-0.0013130116524200644
-0.002759105742599717
-0.003119571797441489
-0.0024476829064163617
-0.0013705397947882574
-0.0016564744656616351
-0.0005633683154679572
-0.00018255731811156733
-0.0008776446302530107
-0.001957297264100755
-0.0024244712635175577
-0.0022678250174020054
-6.528856792358902e-05
0.00029481581386976577
0.0008082219570693032
0.0001989909190757632
-0.0011914060873677952
-0.0027955367693496278
-0.0014781061864474
0.0008639260843623624
0.0023236805058444465
0.0029914746152491867
0.0015942439840138782
0.001304756355180994
0.0018033902339815889
0.001152307395409405
0.0007155291649625007
-0.0011173431430979168
-0.0016207631360708353
-0.0021569081631343384
2.294030691603235e-05
-0.0006178463241624851
-0.00035680551122367816
-0.00012429377509577373
0.00026452500791551226
0.0012929309093807286
0.0011173593661436357
-0.00039744802022580953
-0.0016380031576263875
-0.0011938156076405182
-0.0019096232066111642
-0.0008121636226900205
0.0007984403991803028
0.00042562821964160004
-0.0014553659139718178
-0.0022684301297410695
7.231073510309246e-05
0.0013393967452583033
0.0004598690904425197
0.0004497388005885081
-0.0006018971219189208
-0.0022158302867663036
-0.0010110070207666444
0.001774005888630244
0.000540992980515168
-0.0023170244657897245
-0.0040012374975009375
-0.0035770548527997996
-0.0005812008457879495
0.0011008199439048235
-0.0005171465782533469
-0.002211095345164157
-0.0007266546652557054
0.0008667119739035817
0.0017827866761640778
0.0013351080153532135
-0.0007919101097802362
-0.0041453056773797905
-0.005414808033597163
-0.0013845529442963363
0.001027747446195085
-0.001116214462541748
-0.0041392879065426475
-0.0052425219621326374
-0.005753199350814742
-0.0049166824619826365
-0.003321170867935481
-0.0024059384053493897
-0.0019473335489649682
-9.578979668989384e-05
0.0012330358350269902
0.0011288581829448493
0.00017032285521670712
-0.00399667506151475
-0.025857319809198216
-0.04706274532768791
-0.03417820666394843
0.007123425705268737
0.0297875450637052
0.03329825882600439
0.032729057525438074
0.011978533994497
-0.02963225073294405
-0.04500914747386545
-0.02577822416634805
-0.005429421014572698
-0.00215126532257525
-0.002848947793818694
-0.005105647125852599
-0.005006427647971424
-0.0031866909210732496
-0.0010580411258865365
0.00021943138004388145
0.0005234677733292094
-0.0011324865104636271
-0.0025149399353764095
-0.002493374148680132
-0.0014917482641335375
-0.0019482198381531842
-0.0006155214164979539
0.0003551430461361564
0.0001613408768804472
-0.0013507654530255735
-0.0012753604222454707
-0.001376784125614031
-0.0007617411074827267
-0.0014078852926240264
-0.0009887719341197183
-1.544589098666075e-05
-8.858175279856688e-05
-0.001923837113078789
-0.002701857405527106
-0.002791628907183011
-0.0018050426332098788
-0.00022774608344267315
0.0003074437611945719
0.0009912513455914264
0.0004139631632950633
-0.00013260694693537013
-0.0013336640543634537
-0.0028328624744341944
-0.0021540705042081385
-0.00027832447860359674
0.0006463019031563906
0.0016718557984626498
0.002465086733121102
0.00047937444564530123
-0.0014824233380948874
-0.00022313575768120235
0.0012316952398653957
0.0021133824124243143
0.0012532255273154202
-0.0011807975077305244
-0.0009195140523870423
0.0005876177237948075
0.0013856933660512645
0.0002819200330519726
-0.002264929722026288
-0.003491239163569384
-0.001416811115623203
0.001603715932888156
0.0013319860045111762
2.181549059785846e-05
0.00024972003293113453
0.0008316500669025645
0.0014156149671344224
-0.00027478486523794653
-0.0017037468637897853
-0.0028437568493519683
-0.002857557442060692
-0.0038113608918285114
-0.001613684366353988
7.256145375082062e-06
0.0009657871447660217
-0.00044559411842589404
-0.0019526275327412666
-0.001493644077075109
-0.0007446603668397932
-0.0015014722414959847
-0.0014116352781952937
-0.0012064226149474623
-0.000881596007108566
0.0012310500926671312
0.0030376984395676897
0.0005552426994153365
-0.0030012269173123815
-0.003625721525840381
-0.0031792107607788223
-0.0016087577602610845
-0.0014504864308227058
-0.0024274196674355587
-0.0020321572849020487
-0.0004403266611091469
0.0014561934111114773
0.0016034354877225029
0.0019005074579718636
-7.504736315867844e-05
-0.004875716900165793
-0.006450550928518457
-0.0017601563552802502
0.0026353686679850517
-0.00017313725833712623
-0.0030344381309692983
-0.00506856194531874
-0.004093731130265878
-0.00468719611227149
-0.0026099724216493143
-0.002051742337906894
-0.0029312438202789065
-0.001276591621980081
0.0010157018419295013
0.0015174319787873306
3.501095409039304e-05
-0.01103398464059699
-0.04102665082340952
-0.07250277722522913
-0.04856756945360268
0.003142371086272469
0.11446204505569871
0.16284140650820011
0.11830722949186677
0.006820200252231469
-0.04566057275595667
-0.06879372161174303
-0.039659253999562216
-0.010581144303500876
-0.0001727698031626756
-0.0018654700558058505
-0.005050424970168844
-0.004732161285504097
-0.003932957471301244
-0.0015725606213585564
-2.3487509273012095e-05
-2.6036992721464175e-05
-0.0024992494905200532
-0.0050227750732565355
-0.003637002993169374
-0.0026913816456975563
-0.001994486033594793
-0.0007159545377059079
0.0015285618030900217
-0.00016989533186356043
-0.000889786540681315
0.00013504756340298248
0.00013399542493912212
-0.0002971962149765472
-0.0005664187437250233
-0.0001463439659089222
0.00046471862163242097
-0.0011710620549114851
-0.0026574209161046433
-0.0036862417963819095
-0.0032509143594878593
-0.0009462102453911832
0.0011226293776449702
0.0027217307100950846
0.002190021363032733
0.0012565139770800643
-0.0001938760711961006
-0.001012759417182168
-0.002332458112513576
-0.0016333520263223163
0.00022663994012534058
0.001192622463203494
0.0022765129571098146
0.00381637416571398
0.0015000286286229601
1.8281232178690536e-05
0.0010963338526054284
0.001633341101667934
0.0014117355191254775
-0.0006700239853004128
-0.0030682832624520737
-0.0033056829972342846
-0.0008116422695853355
0.0012727487006908155
5.8689106182668784e-05
-0.0022172202589328697
-0.004552914825318442
0.0001726650226260972
0.0017853000742063612
0.001550163838264034
0.0007559211713564803
0.0006697352799244076
0.0015782758820562638
0.00032242942657614946
-0.001155388451402235
-0.002844293668147078
-0.002383257230931271
-0.0017083811597132627
-0.0020973371639576247
-0.0014825896478792564
0.0002162714097177365
0.00027586623401842697
-0.0008626169869286647
-0.0008721135449465077
1.2265295366162103e-05
-0.0005433233677928492
-0.0023111165300131456
-0.003780844870314007
-0.0026640788494029072
-0.0010114323408062847
0.0008323104498926219
0.0026966954326169247
0.0022171265638876144
-0.0007078883816959392
-0.0031956768474756883
-0.00401744879791394
-0.0028859042178244316
-0.0023548060471411383
-0.001923951041162192
-0.0007032906453012925
0.0011888368968975551
0.0009146118443355988
0.000537123164775022
0.0002017575181707813
-0.0013349376525053419
-0.004260614879401922
-0.004712704710977348
-0.0008957717122089456
0.0009444672907432552
0.00027217907318432535
-0.002392129245476543
-0.004034428964463149
-0.004720663615228752
-0.004199249932684503
-0.003303025992144959
-0.00254528132861453
-0.004251768765182903
-0.0027713335361948467
0.0011074911322898552
0.005054279559314331
0.00017556110847129664
-0.023791369871680915
-0.05507786619603851
-0.07831883697803399
-0.07541235174882177
0.031700220088050526
0.35055403023057924
0.5577360795204197
0.35240190767437274
0.033864889722343944
-0.07355802186998889
-0.07602361288743618
-0.05443421834794329
-0.023738119374181313
2.628476382204013e-05
0.00347014021696929
-0.0021579529402792363
-0.005187461550839276
-0.004477601003976669
-0.002459515119252399
-0.0015614416583729393
-0.0018056932489843086
-0.003378875284710008
-0.004194901368904649
-0.002696087701222453
-0.0015917852718378253
-0.00114587039167833
-0.00019385037829991946
-0.00019086516029628481
-0.0014126772910250467
-0.0013041697722766632
-0.0006473016063968292
-0.00026828447902213195
-0.0003423517368702291
0.0005527272049017757
0.0009398389510720569
-0.0006632214585443362
-0.0019544548654710134
-0.0030427784836387067
-0.004272332341649148
-0.0029856223628059704
0.0002898152985444774
0.003181145926394453
0.00233812023642394
0.0006425469702852429
-0.0002036972747342196
-0.0021421430039890088
-0.0033350262524716274
-0.0026620882156602934
-0.001176582471816736
0.0012086039155214906
0.0007968851432843088
0.0005012925860981309
0.0016724285177988477
0.0008242179336582103
-0.0004069763288550055
0.00021762930316365694
0.0008330538071244547
-0.0002531934598788176
-0.0016348287622111816
-0.0027488859693919274
-0.0021665515178972443
0.0003831105171742086
0.0010114907904716368
0.0004939006924648408
-0.0007788051270148559
-0.0016631169229219364
0.002132754621654559
0.0017846026676881976
0.0011840776138297563
0.0010398440739564886
0.0011518627382566572
0.0017467166531540121
-0.0004473484308518089
-0.0025771761285230074
-0.0034395787728662783
-0.001993643753264874
0.00011897088662118525
-0.0006847898349531996
-0.0007289268923196904
0.00012762981766464474
-0.00033148506444395523
-0.0014529442570132424
-0.0002698791219202421
0.0012714520285848519
-1.7654894340159632e-05
-0.003541103675231843
-0.005328389047430216
-0.003142610259223391
-0.0018399104536174031
-0.00021544089319775958
0.0019586886103947817
0.004773160661920694
0.0012009723029575434
-0.0027121323205848945
-0.004464598654564996
-0.00373334862281033
-0.002842521471823808
-0.001484475268973628
0.0005187867556195556
0.0014504596574001925
-2.3601948745845117e-05
-0.0006901960644398695
-0.0012533996145239106
-0.0021831997812905802
-0.0032250774181728486
-0.0019925026826622507
-0.00041368344831146627
0.00021806937033641712
-0.0002868301063807655
-0.0014213480351096775
-0.0034390023879709002
-0.004477206505384369
-0.003987068592221927
-0.003161456679588423
-0.003387264689370107
-0.004029913787075598
-0.0052085594643473745
0.0008629212953470784
0.008070440555204613
-0.0016138680619848505
-0.032008922237727076
-0.06769270516005593
-0.08084433672315315
-0.09427564883618433
0.0772546734728705
0.49740030085633113
1.0
0.49740030085633113
0.0772546734728705
-0.09427564883618436
-0.08084433672315315
-0.06769270516005595
-0.032008922237727076
-0.001613868061984844
0.008070440555204617
0.0008629212953470762
-0.005208559464347371
-0.004029913787075598
-0.003387264689370111
-0.003161456679588428
-0.003987068592221922
-0.004477206505384369
-0.0034390023879708985
-0.001421348035109678
-0.0002868301063807629
0.00021806937033641354
-0.0004136834483114644
-0.001992502682662251
-0.0032250774181728495
-0.002183199781290575
-0.0012533996145239119
-0.0006901960644398739
-2.3601948745843762e-05
0.0014504596574001912
0.0005187867556195575
-0.0014844752689736258
-0.0028425214718238037
-0.0037333486228103316
-0.004464598654564998
-0.002712132320584897
0.0012009723029575432
0.004773160661920685
0.0019586886103947795
-0.00021544089319775665
-0.0018399104536174099
-0.00314261025922339
-0.005328389047430217
-0.0035411036752318404
-1.765489434016332e-05
0.001271452028584855
-0.0002698791219202432
-0.0014529442570132424
-0.0003314850644439533
0.00012762981766464496
-0.0007289268923196931
-0.0006847898349531954
0.00011897088662118308
-0.001993643753264867
-0.003439578772866273
-0.002577176128523009
-0.00044734843085180234
0.0017467166531540124
0.0011518627382566538
0.0010398440739564899
0.0011840776138297526
0.0017846026676881963
0.00017266502262610521
-0.0016631169229219304
-0.0007788051270148534
0.0004939006924648469
0.0010114907904716446
0.00038311051717421186
-0.002166551517897254
-0.0027488859693919243
-0.0016348287622111883
-0.00025319345987882954
0.0008330538071244478
0.00021762930316365737
-0.00040697632885499887
0.0008242179336582003
0.0016724285177988543
0.0005012925860981402
0.0007968851432843064
0.0012086039155214951
-0.0011765824718167341
-0.0026620882156602912
-0.003335026252471626
-0.002142143003989013
-0.00020369727473421896
0.0006425469702852417
0.0023381202364239394
0.003181145926394454
0.00028981529854448266
-0.002985622362805972
-0.004272332341649145
-0.003042778483638713
-0.001954454865471005
-0.0006632214585443398
0.000939838951072044
0.0005527272049017791
-0.00034235173687023065
-0.0002682844790221319
-0.0006473016063968236
-0.0013041697722766575
-0.001412677291025044
-0.0001908651602962809
-0.0001938503782999181
-0.0011458703916783278
-0.0015917852718378214
-0.002696087701222455
-0.004194901368904657
-0.0033788752847100085
-0.0018056932489843058
-0.001561441658372941
-0.0024595151192524094
-0.004477601003976664
-0.005187461550839274
-0.0021579529402792376
0.0034701402169692924
2.628476382204425e-05
-0.023738119374181313
-0.05443421834794329
-0.07602361288743618
-0.07355802186998889
0.03386488972234394
0.35240190767437274
0.5577360795204197
0.3505540302305792
0.031700220088050506
-0.0754123517488218
-0.07831883697803393
-0.05507786619603851
-0.023791369871680915
0.00017556110847128593
0.005054279559314331
0.0011074911322898474
-0.002771333536194852
-0.004251768765182901
-0.0025452813286145274
-0.0033030259921449628
-0.0041992499326845055
-0.004720663615228746
-0.0040344289644631435
-0.002392129245476546
0.0002721790731843244
0.000944467290743254
-0.000895771712208939
-0.004712704710977352
-0.004260614879401922
-0.001334937652505338
0.00020175751817078406
0.0005371231647750219
0.0009146118443355872
0.0011888368968975588
-0.0007032906453012996
-0.0019239510411621903
-0.0023548060471411374
-0.0028859042178244407
-0.004017448797913933
-0.0031956768474756857
-0.000707888381695945
0.002217126563887623
0.0026966954326169243
0.0008323104498926216
-0.0010114323408062869
-0.002664078849402907
-0.0037808448703140094
-0.0023111165300131412
-0.0005433233677928488
1.2265295366161886e-05
-0.0008721135449465121
-0.0008626169869286647
0.0002758662340184375
0.00021627140971773942
-0.0014825896478792562
-0.002097337163957619
-0.0017083811597132686
-0.0023832572309312756
-0.0028442936681470844
-0.001155388451402241
0.00032242942657614447
0.0015782758820562686
0.0006697352799244089
0.0007559211713564797
0.0015501638382640287
0.0017853000742063653
-0.0014168111156232085
-0.004552914825318438
-0.0022172202589328736
5.868910618266857e-05
0.0012727487006908064
-0.0008116422695853297
-0.0033056829972342738
-0.0030682832624520694
-0.0006700239853004158
0.0014117355191254934
0.0016333411016679323
0.001096333852605451
1.828123217868956e-05
0.001500028628622952
0.0038163741657139707
0.0022765129571098264
0.0011926224632034864
0.00022663994012534503
-0.0016333520263223217
-0.002332458112513582
-0.0010127594171821656
-0.00019387607119610017
0.0012565139770800682
0.0021900213630327396
0.0027217307100950968
0.001122629377644973
-0.0009462102453911801
-0.0032509143594878433
-0.0036862417963819047
-0.0026574209161046637
-0.0011710620549114947
0.0004647186216324205
-0.00014634396590892403
-0.0005664187437250273
-0.00029719621497655804
0.00013399542493912299
0.00013504756340298497
-0.0008897865406813099
-0.00016989533186355878
0.0015285618030900258
-0.0007159545377059037
-0.001994486033594802
-0.0026913816456975532
-0.0036370029931693804
-0.005022775073256545
-0.0024992494905200537
-2.6036992721472198e-05
-2.3487509273008354e-05
-0.0015725606213585581
-0.003932957471301233
-0.004732161285504093
-0.0050504249701688285
-0.0018654700558058577
-0.00017276980316267973
-0.010581144303500881
-0.039659253999562216
-0.06879372161174302
-0.0456605727559567
0.006820200252231467
0.1183072294918668
0.16284140650820014
0.11446204505569868
0.0031423710862724776
-0.04856756945360268
-0.07250277722522913
-0.041026650823409505
-0.011033984640596982
3.501095409039919e-05
0.001517431978787329
0.001015701841929503
-0.0012765916219800713
-0.002931243820278901
-0.002051742337906893
-0.0026099724216493187
-0.004687196112271492
-0.0040937311302658725
-0.005068561945318732
-0.0030344381309692975
-0.00017313725833712412
0.0026353686679850353
-0.001760156355280264
-0.006450550928518461
-0.004875716900165793
-7.504736315869015e-05
0.0019005074579718526
0.0016034354877225046
0.0014561934111114892
-0.000440326661109131
-0.0020321572849020535
-0.0024274196674355553
-0.0014504864308227104
-0.0016087577602610977
-0.0031792107607788306
-0.0036257215258403775
-0.0030012269173123806
0.0005552426994153408
0.003037698439567696
0.001231050092667125
-0.0008815960071085694
-0.0012064226149474642
-0.0014116352781953002
-0.0015014722414959825
-0.0007446603668397991
-0.0014936440770751186
-0.0019526275327412612
-0.00044559411842589746
0.0009657871447660089
7.256145375084014e-06
-0.0016136843663539968
-0.0038113608918285153
-0.0028575574420606894
-0.002843756849351977
-0.0017037468637898004
-0.00027478486523794133
0.0014156149671344111
0.0008316500669025604
0.00024972003293114624
2.181549059784827e-05
0.0013319860045111656
0.0016037159328881403
-0.0021569081631343384
-0.00349123916356938
-0.002264929722026284
0.0002819200330519654
0.00138569336605127
0.0005876177237948137
-0.0009195140523870423
-0.0011807975077305255
0.001253225527315421
0.002113382412424314
0.0012316952398653959
-0.00022313575768120338
-0.0014824233380948833
0.00047937444564529624
0.002465086733121101
0.0016718557984626414
0.0006463019031563907
-0.0002783244786035993
-0.0021540705042081424
-0.0028328624744341927
-0.0013336640543634645
-0.0001326069469353747
0.0004139631632950535
0.0009912513455914177
0.0003074437611945665
-0.00022774608344267467
-0.0018050426332098801
-0.0027916289071830114
-0.002701857405527095
-0.0019238371130787884
-8.858175279856753e-05
-1.544589098666162e-05
-0.000988771934119721
-0.0014078852926240198
-0.000761741107482723
-0.001376784125614035
-0.0012753604222454607
-0.0013507654530255648
0.0001613408768804534
0.000355143046136148
-0.0006155214164979565
-0.0019482198381531833
-0.0014917482641335442
-0.0024933741486801264
-0.002514939935376407
-0.0011324865104636276
0.0005234677733292005
0.00021943138004388692
-0.001058041125886533
-0.003186690921073256
-0.005006427647971424
-0.0051056471258525945
-0.0028489477938186984
-0.002151265322575247
-0.005429421014572706
-0.025778224166348052
-0.04500914747386547
-0.029632250732944072
0.011978533994496986
0.03272905752543807
0.03329825882600439
0.029787545063705206
0.007123425705268728
-0.0341782066639484
-0.047062745327687935
-0.025857319809198236
-0.003996675061514753
0.00017032285521670977
0.0011288581829448567
0.0012330358350269891
-9.578979668989904e-05
-0.0019473335489649847
-0.002405938405349391
-0.0033211708679354874
-0.0049166824619826365
-0.005753199350814742
-0.0052425219621326435
-0.004139287906542652
-0.001116214462541757
0.001027747446195075
-0.0013845529442963447
-0.005414808033597157
-0.004145305677379796
-0.0007919101097802415
0.0013351080153532202
0.0017827866761640785
0.0008667119739035928
-0.000726654665255696
-0.0022110953451641518
-0.0005171465782533454
0.0011008199439048244
-0.0005812008457879518
-0.003577054852799778
-0.004001237497500935
-0.0023170244657897297
0.0005409929805151627
0.0017740058886302433
-0.0010110070207666462
-0.002215830286766313
-0.0006018971219189294
0.0004497388005885079
0.000459869090442512
0.001339396745258314
7.231073510309701e-05
-0.002268430129741072
-0.0014553659139718118
0.0004256282196415966
0.0007984403991803037
-0.0008121636226900203
-0.001909623206611153
-0.001193815607640539
-0.0016380031576263918
-0.00039744802022581636
0.0011173593661436307
0.0012929309093807327
0.0002645250079155224
-0.00012429377509576983
-0.0003568055112236829
-0.0006178463241624656
2.29403069160407e-05
-0.002089446829996281
-0.0016207631360708344
-0.001117343143097922
0.0007155291649625166
0.001152307395409416
0.0018033902339816043
0.0013047563551809864
0.0015942439840138881
0.0029914746152491806
0.00232368050584444
0.0008639260843623355
-0.0014781061864474004
-0.0027955367693496534
-0.0011914060873678065
0.000198990919075763
0.0008082219570692893
0.00029481581386978084
-6.528856792359081e-05
-0.0022678250174020054
-0.0024244712635175516
-0.0019572972641007306
-0.0008776446302530051
-0.00018255731811157427
-0.0005633683154679572
-0.0016564744656616314
-0.0013705397947882643
-0.00244768290641636
-0.0031195717974414955
-0.0027591057425997278
-0.001313011652420067
-0.0003320380197006467
-0.00016578823245869058
-0.0010766119448677185
-0.0015363035875621165
-0.0016560995375200687
-0.0023198947836387284
-0.0024416597872810473
-0.0010948442735548105
-0.0007770629049601999
-0.0013245292890955258
-0.0014046158199557239
-0.0017743495131379208
-0.0013616461964089798
-0.001067802676615723
-0.0005056159844692692
0.0005998827807956132
0.000505631041080209
-0.00025656021835757564
-0.0015312188024258068
-0.0033505915254691586
-0.0055877437632872815
-0.004583210108291172
-0.001580007571334612
-0.0016180436866469884
-0.004921573399392228
-0.011956348952361518
-0.018103783917906898
-0.01661279796814169
0.001137391213961582
0.007888378035663845
0.010542707868631363
0.005571044143724061
-0.00429233885810063
-0.02140817047282073
-0.018661280172133553
-0.009169238313841916
-0.0012706728452559614
0.0017971515578084618
0.002157079001499449
0.0013454464288706679
0.0005795921074201345
-0.0011767047367350046
-0.002403026841496245
-0.0042947110391291544
-0.0056292096704924285
-0.006575144529111658
-0.005580145122005331
-0.0049197785984504035
-0.0020945930325955873
-0.0008533807990926217
-0.0010596254035216553
-0.0028366454895675367
-0.0029762488993183233
-0.0011831362431229918
0.0005310891607738625
0.0024886100091423935
0.0002847633844615519
-0.000974901938029198
-0.001552740741809496
0.0015055865663229106
0.004378051123304215
0.0008308169996546986
-0.003408307119666161
-0.0038091392393417647
-0.001007877140476369
0.001270335355935581
-0.00042318931641680365
-0.004512366786707278
-0.004627185818315249
-0.0010194298322366623
0.0015386166484723832
0.002048876853056889
0.004369869545884375
0.0030596119523851207
-0.0007543516806665251
-0.002128995486231394
-0.0003628409252680241
0.0007649561508166043
-0.0005567945013125858
-0.0005127820594824048
0.00048730928957208073
0.0004781680269879487
0.001537451962311357
0.002507178999304408
0.0010635395631081956
-0.0005232291379429863
-0.0007152427882558396
-0.0011381046947659258
-0.0019710814327176954
-0.0012418202460102031
0.0009049950396572173
0.001273561431295057
0.0009432155344730095
-0.00046890851871917225
-1.190010789185416e-06
0.0013170796856889373
0.002511631151773672
0.002099806853265982
0.0016068121811052276
0.000855678828113981
-0.00033707568158090537
-0.00030452288703211095
-0.0009301027653322807
1.3143066146411014e-05
0.0008483506501069948
0.00026862564272898243
0.00046590579492011093
-0.0008375635293059523
-0.0019517914490187192
-0.0032389383752981916
-0.0026141379906638213
-0.0017072023331406883
-0.0007888346377083568
-0.0014282058053556276
-0.0013306852131290995
-0.0012233248091235167
-0.0013311566853254578
-0.0017221492959149935
-0.0022622627646725194
-0.0019756762678219786
-0.0002861876029550095
0.0009249373559995634
0.0006211401180893505
-0.0010013211958433616
-0.002293866232613209
-0.0019586676202392665
-0.001175413568970807
-0.0007828593905087027
-0.0018972887366510288
-0.002844300130434354
-0.0019172404498296177
-0.0015578300195212172
-0.0015964940178838786
-0.0007705335814411256
0.0009226956941782612
0.0004009881324712468
-0.0007215873844443342
-0.00097119584192149
-0.0016397961573124818
-0.0033103987963863787
-0.005497543303044702
-0.0037425147646986835
-0.0011733759064918585
-0.0011470720393113587
-0.004277057469239108
-0.005607260475518381
-0.004817935947054146
-0.005006244609659282
-0.004414421100004265
-0.00017526577594973857
0.0021784564803464367
-0.003389744683990592
-0.00926926727970433
-0.008901712757785714
-0.005015434014964331
-0.002444528264050552
-0.0011539164648506988
0.0010244029197674525
4.637730922710053e-05
-0.0012765443336846783
-0.0003388951267534028
-0.00012419782097285712
-0.0008441593270596245
-0.002977604423253855
-0.0046129655990888386
-0.004393907015061057
-0.0027643381266754547
-0.00186120349151287
-0.0016133337649934247
-0.0006454845221239109
0.000480825867349117
-0.00017657857945997462
-0.0007527825314350605
-0.0009193303638642706
0.0009393480712621013
0.0018787860331243335
0.0004277261167574631
-0.0012314723825080783
4.2809487408372116e-05
0.00262591355204257
0.0031981332926584
0.00032305229119348664
-0.0030150490891763743
-0.003685439310413117
-0.001956200159944269
0.0008972920175883678
0.0004861832096221172
-0.0030192726558959876
-0.004855432969824205
-0.002389662764348281
6.879340483713857e-05
0.0022272480617107973
0.0035229832922802204
0.004156166199067786
0.001524662068869682
-0.001937103472662213
-0.0018869515698711917
-0.0009441092854059108
-0.0017027411927509734
-0.001339654337923054
8.208412524567132e-05
0.001577279162170586
0.0027029510584141124
0.003183162851873298
0.0015495505552348989
-0.00042321951352653213
-0.0026145648569279997
-0.0031773649826342945
-0.0017154883216093414
-0.000902399390730635
0.0029808637761943387
0.0034982416445538404
0.0017466881698276068
-0.0016824520245959259
-0.0017210560525050748
0.0007599652311299002
0.002766605807124886
0.0018645176359593505
0.0004704400561243234
-0.0009658238429293504
-0.0012127847181745293
-0.00015671246905130153
0.0009879022956359247
0.0023960696930880624
0.0027740674729280477
0.0005184575154342382
-0.0003015109073148968
-0.001210320109044564
-0.0014408600253685917
-0.003641788881079254
-0.0026835789463078483
-0.0018197465099843283
-0.0013716274460987038
-0.0018820552481745663
-0.000762392434619636
0.0005968895693065893
0.000937115275473356
0.0004347484046480153
-0.0005485019539160504
-0.001721872614132995
0.00040369884455464407
0.0022837487388792438
0.0017129831358914523
-0.0008265753565013073
-0.0021006277652465787
-0.0013444186990980572
-0.0007922557930605558
-0.0011241506249576997
-0.002066064372778135
-0.0029834649897627066
-0.0018388143166952128
-0.0009089160869619962
-0.0005892297900664849
0.00013545204761960698
0.0019439304663967205
-0.00017504827987681413
-0.0022601662070513024
-0.0023976498567470942
-0.0017341899071120462
-0.0022656666765430177
-0.003933891477119999
-0.003515657467031543
-0.0020784690106635823
-0.0017106971544023665
-0.0030926630004785623
-0.002381949507922274
-0.001047470937659894
-0.0016313191339448188
-0.0014108872602450735
0.0006453940870057353
4.041042334985664e-05
-0.0032568826508701347
-0.004589485995520509
-0.0037542090088417105
-0.0015024033251925754
-0.0012387319434595714
-0.001787997729190395
-0.001708928189003653
-0.0035165411426375114
-0.0049954378623144405
-0.0023000178331766146
0.0003742722327328258
0.000852887121231939
-0.000986734018294325
-0.0034684444839422493
-0.0013335809357196136
0.0008139334119776293
0.0020179073693678065
0.0006177086265726103
0.00037697259192200625
0.0015111873354734177
0.001339265964845248
0.0007373699861982293
-0.0006697856598663532
5.41227268707399e-05
0.00038860692708486135
0.0005896617592672287
-0.00033844329467761327
0.0013777175374817686
0.002701844544103398
0.0006447803562298851
-0.001698726645460795
-0.002943895209959286
-0.0033888668367178998
-0.0038972273847784162
-0.00021723862121125054
0.0026322459133358276
5.817890024288578e-05
-0.0034764190076865564
-0.0030865731909140996
-0.0012455386317084315
0.0010133970837793722
0.0022677781092997427
0.0033319340049720193
0.002040149941666214
-0.0011107204322006422
-0.00249596215893261
-0.0023949074578862805
-0.0025776623235604997
-0.0020168950206799234
-0.00016841071616138212
0.0018148993033222538
0.002807525163172054
0.003261896657442895
0.0024382823390662494
-0.0006991516673479398
-0.004456935986114413
-0.004472829244462469
-0.0014949713855290261
0.0006791813281258669
0.0015400558212087885
0.002752873138407932
0.001514074377636493
-0.0013436314813142557
-0.002226861841999301
0.00013040432871063215
0.0016470481093241196
0.0015530043942471536
-0.00023871185357025805
-0.0017504026646491542
-0.0010541534297040481
-0.000237195650232292
0.0003561168203739316
0.0022283916620398974
0.0028616724334420028
0.0005652545594943617
-0.0012099234561892677
0.00041859736249101804
-0.0001510249399880308
-0.0013839281110061441
-0.0013918855284821762
-0.00078312659705414
-0.0017596261298588516
-0.001675948774221547
-0.0009878407577112855
0.0008165601763364285
0.0012413110642897555
0.0012456164358515124
0.00014220731744583404
-0.0010115924154712296
0.0002565516455820175
0.002651966208260748
0.0021873231753809287
-0.00045505693490220135
-0.0020112803697445807
-0.0015575865822800685
-0.000559112544728041
-0.0002976071493343087
-0.0018482895655824046
-0.0009192943409592068
0.00036795247465132156
0.00024404826219083693
-0.0006303282856497338
0.0005467011194748786
0.0014896293813282746
-0.00012147662820686519
-0.0029969991093722424
-0.003348628295627232
-0.003125180820991718
-0.001656257775870275
-0.0010982717985869009
-0.0017920410078448665
-0.0026990602121090787
-0.0024919357304970103
-0.0027485049650771646
-0.002342511366985773
-0.0006650163320808547
-0.001070659795989933
-0.00032747394026141446
0.0021166942296114966
0.0008823692227153218
-0.0006359207282484122
-0.001237293760128559
-0.0005678995882569592
9.581992251083966e-06
-0.0006983037810026672
-0.0018700203061053995
-0.0022915697018664727
-0.004129045866654279
-0.005073172458859649
-0.0023610613965095637
0.0007086722010197912
0.0016363756844567949
0.00014591719976598454
-0.0020737440349798608
-0.0009880314131820208
0.0017247908871461904
0.002593031314053018
0.001422408782311148
0.0013822271037070646
0.0021707721566011353
0.0022854935699294296
0.0011415765465577084
-0.00041091514250480047
-0.0026208820705440564
-0.0019503941652973104
-0.0006888075858563762
0.0009862983966969785
0.002276799745389855
0.002473384592399322
0.00025196026574330607
-0.0022846697634224247
-0.003502984567406754
-0.0040023322095637855
-0.003576490274912478
-0.0011332470613507784
0.0021431677484116682
0.002346263337075414
-0.000605277936626053
-0.0023519669156360223
-0.0017654603046177181
-0.00034008063273529144
0.0015879672136944354
0.002443667317958409
0.002407242589922725
0.000780253779124888
-0.0015747991785127185
-0.0027277482528917053
-0.002858043867643883
-0.0012318128891883428
0.0010944552061313284
0.0026674621353523125
0.0018408993109723824
0.002086078060949221
0.002063193155501817
-0.0014260369338180668
-0.003689466153094949
-0.003101442223824904
-0.0007797178547450349
0.0013441899704915922
0.00032863684700484277
0.0003324912653445255
6.326131624585763e-05
-0.0007182890399691315
-0.001279153892371415
-0.0007341633575505187
0.00024624526472367427
0.0008019927880764223
-0.000803185000028977
-0.001574117805372708
-0.0012352753537928864
-0.0008136743964023386
-0.0013136114566771767
-0.0003807911318303328
0.00022396883923914374
-0.0008674448168859402
-0.00042537712633616115
0.00205091370687789
0.001891171693275967
0.0006462708850321838
-0.0005174569212034405
-0.0004202385745801855
-0.0015380008359837756
-0.0019043460767064959
-0.0016928022664616908
-0.0003399912460702911
-0.00047494533785592537
-0.0002225955345433102
-0.0003676965127288154
-0.00017698397484684054
0.00047853542623261717
0.0017944364939542243
0.0017283077258298503
0.00017295246720314171
-0.0017009655063223554
-0.0017490896130382965
-0.0009534589307181758
-0.00020865118609337893
-0.0007032136507831696
0.0013572027241025267
0.0028961575105947313
0.0018685542039393863
-0.00022331803716745598
-0.0007334304655089409
-0.0008217170353720265
-0.001434700378715572
-0.002460967096904088
-0.0022998901284213167
-0.0019378137133582289
0.00044130676419800705
0.0019208713930028629
0.000760218749219053
-0.0012842974840113963
-0.0030795103011755608
-0.004655862655021161
-0.005371307492466083
-0.0037811219675564327
-0.002927370691519271
-0.0007736517331026391
0.0036721576913421984
0.005181268494843869
0.0029542560852007962
-0.0001433461379835556
-0.0005171910973347051
8.193603748395963e-05
-2.616093027960585e-05
-0.0005161097254179554
0.0001856956111233371
-0.0011493233597614446
-0.0019979960580914866
-0.001550029312549914
0.0003187585418501684
0.0012238815849582717
0.0010579707049091151
-0.00029863468495033575
-0.0005009355199477017
0.0009038642319649051
0.0011568233508128785
1.8434653867372471e-06
0.0014163370444048274
0.0027252291252476976
0.0023463586584615897
0.0010169967614681399
-0.0006361110774228689
-0.003947117412830085
-0.004503141848896051
-0.002030350868157469
0.0017619250096322166
0.00361621494750924
0.003098532831517881
0.0015355724295056346
-0.0014937147429861526
-0.004278239169349738
-0.0051925130230362155
-0.0027484660721907236
-0.0011801112786830276
0.0016036712265786231
0.0032533941654191555
0.0018010931928266825
-0.0009064097624760937
-0.002956821171421503
-0.0008983876108765344
0.0013962553792486445
0.0023984122017529
0.0026858274207827862
0.002298010178511949
-0.00016950475983909557
-0.0018477452572261248
-0.0019263736815525695
0.00031626097316784824
0.0028829755071942435
0.0023864145127350076
0.00047254752449158246
0.00042945748841470246
-3.030628200521835e-05
-0.0020671486337320976
-0.002459663737065348
-0.0015566851760281557
-0.0007946200273808884
2.9759722380450025e-05
0.00040407524106909887
-0.0009267326832516879
-0.0011334170411436946
-0.0007854293629933273
-0.0008882511354678572
-0.0012780709841044352
-0.001051291063751349
-0.0006666519975812626
-0.0009940014360139142
-0.0015171224220769082
-0.0012818746018779538
-0.0006045205516309118
-0.0010058024820000125
-0.0016260303726742809
-0.0014915856252475605
-0.0011851631406653868
-8.302630646602957e-05
0.0015658606523755174
0.0016925134689162826
0.00017335059645843327
-0.0008154413689751994
-0.000987114195996459
-0.0005359164372088564
-0.0008776812984095739
-0.00027257738771691833
-0.00036410885315706803
-0.0011795932677532424
-0.0015172807248342215
-0.0004387621718091961
0.0006381548705881981
0.0002856642696124687
-0.00037603430795842615
0.00023746409032528182
-0.0007418864816106843
-0.0011208803804684667
-0.0007148100912532943
0.000490390660438773
-0.00011365825405091441
-0.0006465941483647603
0.0006847899819064938
0.0018198843798608545
0.000850053260952492
-0.0003015262114151762
-0.0011424801516842303
-0.0014748838789549494
-0.0028091617315106343
-0.0026823141912581125
-0.0023401893020386444
-0.00029049307894712364
0.0021320714199835633
0.003077784394263637
0.0024716212954691346
0.0007997364617561465
-0.0022308042639723144
-0.004973090357696601
-0.006524943116211239
-0.005383500394112475
-0.0036058865784076126
-0.000278081574545729
0.003588724159184891
0.006705007279245418
0.002659911800529462
-0.0011753984770427077
-0.0013175924973960172
-0.00020538507803763884
-0.00021254903583155986
0.00010319346466448236
0.001331875915146132
0.00146271905086284
-3.1924208476012943e-06
0.0004851129444639754
0.0009121210435206514
0.0015986355372071025
0.0012353172699547774
0.0003082781635350886
0.00011299753264049626
-0.0002824047017026846
-0.00017792446413439486
-0.0009143566361837178
0.0005827808853807743
0.002417372250552138
0.0004971846915438546
-0.00045028093380541966
-0.0003779310431959871
-0.0021294181532091287
-0.004617069926659979
-0.0015623144302520735
0.0018713708570574535
0.002683754853573221
0.002088297676970173
0.0013404287701024526
-0.0005711473998187716
-0.003814666355804675
-0.004822583477860229
-0.0027050628833907246
1.3695420312366058e-05
0.0016627049026028229
0.002973042586868108
0.001926333969354073
-0.0009845209889004771
-0.0037287848305476356
-0.0015750941218636001
0.0008157042141647429
0.0025420263904582944
0.0027588465451833704
0.0026773053140570196
8.903329553906834e-05
-0.001969972237259606
-0.0020622976500778998
0.00017260630688105405
0.003202783781826397
0.001627685590580334
-0.00012439737167745514
-0.0004381790652495985
-0.0014466655296277602
-0.0026573072057276903
-0.002442938625373833
-0.0015675829739108433
-0.0012787253683144981
-0.0008312678967041709
0.0010551871463801473
0.00040337167877393064
-9.925103027006848e-05
-0.0006384999245282986
-0.00014188092815230647
-0.0008015886622259501
-0.0007576363212050451
-0.0012847726125682446
-0.0010187824916381468
-0.0010469164743886258
-0.0006570106335406932
-9.207877876341941e-05
0.00015234399640978898
3.038317325159464e-05
-0.00021499770658572784
0.00024343992937679105
0.0004946894486280602
0.00033343560606416227
0.00013007868515270502
-0.00021823962360923376
-0.000256633531909495
-0.00022394793743977593
0.0004997818775418245
0.001005916043935404
0.0014636376429489324
0.0001745716446309233
-0.0014557745608948154
-0.0011117011072982299
0.0006597548191589798
0.0013801703111807158
0.0005392859561036943
-0.000893509191979204
-0.0007220031905233472
-0.001818149548631489
-0.0017726470780895743
-0.00028741759972613257
0.0015555068146049643
0.0012101815616074546
-0.0004578746265785755
-0.0008740176119283577
-0.0011362065672176542
-0.0013393840572294591
-0.0008501479363710753
-0.0004311448265062343
-0.0005406317840159782
-0.0030599806648988425
-0.0047574950762149975
-0.0038648192369760644
-0.0009724453868631116
0.002026864353980256
0.0023610214363296777
0.003332750731325595
0.0017581363127649966
-0.0010013831011085948
-0.003887456641134766
-0.0038706777726890858
-0.0036388757964765546
-0.002250610982187054
0.00011088641146818194
0.0027747232983830754
0.0031154081957018424
0.0010235373224346883
-0.001841391270314724
-0.0013839157763735144
-0.00040998772898595857
-0.0007410084923530982
-0.001300090177520086
0.0002013183677828721
0.001114210693573589
0.0015466907226060695
0.00234113234012854
0.002434766099955566
0.0014215564082139768
-0.0004770977493960852
-0.001521926993069427
-0.0009075761922258145
-0.00044953545502004176
-0.0006441778941051661
-0.0013603297444123362
-0.0004474908290322769
0.00038457879465990386
-0.0008537291185029577
-0.0010727601849704663
0.0008587527490346274
7.685967354870366e-06
-0.0017488839270283615
-0.0016431203150793438
0.00045302726324823695
0.0002697039168563428
0.0009351680878020007
0.0007149261659294763
0.0005147148266930535
-0.002135487626486911
-0.003039651616634048
-0.0024556258644929337
0.00010336117141308745
0.0022183568691559745
0.0025781809953710254
0.0012841719633447058
-0.0009154995052069933
-0.0023340359078471793
-0.001731692784545242
0.0002079114947358921
0.0021837245190968273
0.0032272200648497686
0.001673456482017349
-0.0003655330189908338
-0.001931636600150223
-0.0026394213813976104
-0.0015280425509667022
0.0010645038546420633
0.0020047655674371666
0.0006853620450029485
0.0005380879383934864
-0.0005208285223215238
-0.00211438973508909
-0.0035175715430793226
-0.002594539675066787
-0.0019431711805290208
-0.000578284651187625
0.0008448544493313017
0.0019212029165894258
0.0003247212929212732
-0.0004918005511106928
-0.0008024946002772172
-0.0004833710971434567
-0.0009726099262999823
-0.0013318328530698702
-0.0015965821574122525
-0.0006403430468607475
0.00040079311567973053
0.00015942581675477052
0.0010030458328742695
0.001490463157929877
0.0012849004880440414
0.0012358336408431945
0.001888118439858925
0.0003942767108250766
-0.0006087883646688544
-0.0005878146477334308
0.0005181031819509372
0.0004529420756972053
0.0002940681219520034
0.0015426510617513138
0.0021532702411623944
0.00029216669047182713
-0.0023569576594759255
-0.0002774570640820908
0.0003493552589515509
0.0010253936221080063
0.0005729000252976887
-4.995860439063141e-05
-0.0017332333546205949
-0.002212301631883911
-0.00215806360383531
0.0005567168432129041
0.002059816358423177
0.0021453695992122044
0.00011385240229129082
-0.002354493817027856
-0.001257302578626191
-0.0009535355298424903
0.0008787814992747465
0.0014954859637502534
3.319524190940231e-05
-0.003128248630957453
-0.006770507697574224
-0.005387613322856604
-0.0013256442982633445
0.0011256520705964412
0.0021766314346614093
0.002851515850928343
0.001544009892634498
-0.0013838056687621705
-0.00204765602284229
-0.002193442875677859
-0.0016201783417257936
-0.0007903875678744628
0.0007784608429397545
0.0009062261119190488
-0.0001619106207249256
-0.0007112117075901524
-0.0008272988129814921
-0.0005230787424084089
0.0005389161216219679
-0.0002244573091777842
-0.0005346961899961493
0.00030258751792831796
0.0008953172411367936
0.0018803898662269935
0.002188216804857384
0.003052826188661287
0.00095135531697992
-0.0013863688338960083
-0.0030074678773276296
-0.002081283038795412
-0.0007973073487503317
-0.0002870677348941079
-0.0008333060809898167
-0.0016030332216032594
-0.001217415523634611
-0.002070206625933198
-0.0009535567647201291
0.0006437031896165723
0.0012362639255584363
-0.00026478470477013256
-0.0008594854892851493
-0.0014678825514056926
-0.0010859956248266162
0.00028439671962582466
0.0004753433208173839
0.00032134744346835236
-9.33799478598982e-05
-0.0017121891392382557
-0.002594674133020233
-0.0003444502296647594
0.0028903644717689003
0.001969377610253194
0.0004906655761618401
-0.0008323328348896757
-0.0008747541800428259
-0.0014825688194814867
-0.0001679106126469371
0.002067272103095948
0.0029425086021807583
0.0016294932635776505
-9.529654677619586e-05
-0.001596806376915295
-0.0029681048479244
-0.0033167486555542545
0.00018173248714889201
0.001747177213959941
0.0023316988739147853
0.0024156957876980793
0.001313314040221547
-0.0015796824376696377
-0.0045017341304031105
-0.0031399914632139403
-0.0016092796066420867
0.00039655121527825137
0.0011026867792220752
0.0007565251292006511
-0.0006388825914546188
-0.0016793065910716749
-0.0012884524446737558
-0.0003722961906175027
-0.0015706697888228064
-0.00238251759311256
-0.00201423764043077
0.0002877728090288068
0.0022298256123296314
0.0026342343194624626
0.0029637887257472056
0.002239092435687126
-0.0004915632422715907
-0.0021435971318142385
-0.0005261654579111121
0.00016832668086365647
-0.0002718646617963529
0.00018170135345845244
0.0012955325703597855
0.00044603749316126306
-0.0010267698756614807
0.00029038228088537784
0.000493063450044196
-0.00099612815572363
-0.0016165857327204527
-0.00017101599046936722
0.0012034170049318278
0.0015558555930284387
0.0015289617144484014
-0.0001539874301379635
-0.0026734840925895214
-0.0031098131801571634
-0.0010049100837978475
0.0013166615404873409
0.0029105311946855433
0.002920814515584932
0.0004844167168465061
-0.0009685459594710227
-0.0008310294002732302
-0.0002433090308255559
0.000583639502062886
0.0011082321522298182
-0.0001766421860108094
-0.00232604620478008
-0.003633328752248686
-0.0021219474207894067
0.00012127046773003963
0.0010499855865795946
0.0010820551625184156
0.0003197272443180719
-0.0016738133182156328
-0.002511192302844429
-0.0014980360183865426
-0.0004945640144336381
0.0005560024422558437
0.001645835429772308
0.002648036358255102
0.0014127969764334489
-0.0004642334035689327
-0.0005759684661081508
-2.766809433464557e-05
0.0011306959566833462
0.0017841558153583962
0.0019460490518224654
0.000788392779260767
0.00022754197778591907
0.000971768405114612
0.002230133492470594
0.003035897579763449
0.003063618812013371
0.0011446153034883875
-0.0001673871182334653
-0.0019728681166051717
-0.001576846883612918
-0.0009999115921144252
5.235061225962109e-05
-0.000534319099418122
-0.0015427215381099311
-0.002377047198467186
-0.0021357062468668093
-0.0014932199803913753
-0.00024679238563872074
0.0007344503546003875
0.0012172145831087708
-0.0003826699902519774
-0.002226124764293359
-0.0017097665939821219
-0.0008872445337619753
7.896970285561282e-05
0.0004192182773146846
0.001130217756437154
-0.0004471894034270968
-0.0010163412053186174
-0.0004363779438740843
0.0017340115810281123
0.0012055910701497731
0.0008834964314206205
-0.0002820128001967988
-0.0007852611612675241
-0.0007167961303690941
0.0002757187104454155
0.0021593159434109906
0.0027330758092078155
0.0016120858844390915
0.0006983983434695547
-0.0011666196840116596
-0.0025963050763495024
-0.0019795337051632454
-1.8826247601425744e-05
0.002059176716054082
0.003595589792357189
0.0028933987201112564
0.001526956028738556
-0.0012425208956134053
-0.003482414118917293
-0.0032707225673317335
-0.0016332002804476799
0.00027404911656203504
0.0016439094608831372
0.0009277187881019906
-0.00138460236141798
-0.0025099794873393987
-0.0012425748550318142
-0.00022975829310158125
-0.0005025641903272205
-0.0028108013352137937
-0.002316546475288491
0.0010973649316019978
0.004011804120307785
0.004136697413357103
0.004277119548379218
0.0019389820692140474
-0.0029575000866523273
-0.005809977350695749
-0.0032820443419179276
-0.0003819218180331947
-5.429625250480733e-05
0.0010812196115451765
0.0029171095537573783
0.0012555856792685653
-0.00026660590117788075
-0.00044975546682812095
-0.001535781842463091
-0.0022139223052693867
-0.0007174255514947561
6.063184986888708e-06
0.0012486142354249674
0.001655031416495023
0.0021354324969384093
-0.0002817296009546651
-0.002277819910750461
-0.0018206493102998467
-1.1548455667077589e-05
0.001960187513208521
0.0025982266244909758
0.002320997244388162
0.0004879265648422256
3.684665633883473e-05
-1.0124866979044952e-06
-0.0007497262808835515
-0.0004336954439321571
0.00027131980244820544
-0.001103760737359999
-0.001273536166362092
-6.290982192770828e-05
0.002071873325035187
0.0018201037942127325
0.000940602123949506
0.0005037291865153232
-0.0015685656788147098
-0.003753131712743776
-0.003063634024985597
0.00011764823903328094
0.0017241352522122508
0.002822805835030079
0.0038040885208675337
0.004309650656177
0.0019979513597530064
-0.00014220148356817704
-0.0007606852974254715
4.215779437922876e-05
0.0006814457866501222
0.0019551882093721755
0.003396049777890462
0.0013252229387381487
-0.00021900111112530782
-0.00021426128849465917
0.0012912317950479158
0.0033483314706932565
0.00334959259514248
0.002480279201303524
0.00034650086492055295
-0.00037284034550889356
-0.0013481973129440077
-0.0005926774754632158
0.00018154271596276892
-0.0007465049771302179
-0.0016570047040809258
-0.002605521453558683
-0.0016945240389838522
-0.0011603520154605113
-0.000606714792944488
0.0008365424858757203
0.0021276288395602845
-0.0006458742969880403
-0.003122451243519002
-0.0033672383699253133
-0.0021812259266743056
-0.0012135562577327698
0.0004927213794926633
0.0017066593190981885
0.0019947693201620475
0.00034803580984575644
-0.0008164330478292518
-9.611006886430006e-05
0.00039236345890254906
0.0005218063390051377
-0.00024177579588245674
-0.0005231942859716186
-0.0008131725737842239
0.0010007865887142824
0.0021605556234779526
0.0024740560097824557
0.001644903997657397
-0.00017942030881376158
-0.001529797355867313
-0.0022649652904135863
-0.0013803451292515741
-3.76044263460469e-05
0.00247948340145792
0.0041199834157850425
0.002668807004348048
-0.00033587828611508015
-0.0017903957058356152
-0.002480910717901594
-0.0028128567711499424
-0.0016176966800633022
-8.212110521488357e-05
0.001980770649997838
0.0016610736746297682
-2.0295192794605186e-05
-0.0025184509184473453
-0.0021016497348566336
-3.0706618136550816e-05
0.0010656184421061199
-0.00013265655316714695
-0.001001251584262568
0.0007585886183651827
0.0037247101012126372
0.004467804104988657
0.0037689094388793846
0.0008826101032100202
-0.0022328316973604908
-0.00478163550608743
-0.0046580791572961395
-0.001999607974130799
0.0001409920849732494
0.0015714522829161988
0.0011063834824345774
4.83955530247136e-05
-0.00038022594610172955
-0.001227674689657261
-0.002068807800172007
-0.0020854125594231515
-0.0011684456121102604
-0.00014795656430815834
0.00020169671011086818
0.0012242000075813621
0.0009582449023791724
0.0001189298267158822
-0.001554276517587747
-0.0009257826000752588
0.0009002803417170925
0.001825459188457886
0.0016729599313743
0.0009407702293302859
-0.0005210002874524172
-0.0011837603021296744
-0.0008894512361732841
-0.0011479549311343945
-0.0012454319525502173
0.00032542492516719106
0.0006596464619754867
-8.905064499632357e-05
0.0005326883782014953
0.00177852923188937
0.00018434579029246443
-0.00017481522062344907
-0.00017655977430429686
-0.0006359073237183849
-0.0028907690098604758
-0.0016735559524620146
0.0006319698059927673
0.0024780823609982204
0.0032977507954416244
0.003381343826407422
0.0031595244720938028
0.0017407670914227642
0.000737006109810098
0.00036280307077956025
0.0005774904740588839
0.0005598144545476514
0.0012363745534222815
0.002640941892224349
0.002795633949641876
0.000915284838035377
-0.0014758049284039503
-0.0015383800387585638
0.00051686691030713
0.0020449424453203974
0.0011092676376737286
0.00034065264665660716
-0.00016526307033542582
-0.00034734833774832717
0.0009271390825779088
8.657297567699345e-05
-0.00015040362836588332
-0.0013824097723446156
-0.0015864429073832423
-0.0014097472275191767
-0.0010018794180671193
-0.001039413137401209
0.00036284754273313715
-0.00021568926072902304
-0.0026879918823362373
-0.004338712306766876
-0.004143496386304246
-0.00349860155074958
-0.001726873288223011
0.0008740258407914493
0.0026959849987969863
0.003511793679797504
0.0014250649138142233
-0.0006135892129467615
-0.0018040639874529947
-0.0011365033715171283
-0.000817174562185355
-0.0011772228530479304
-0.0017573127196715492
-0.0006923591674381888
0.000530587203934172
0.0027683240453831013
0.003023983768146263
0.0008333311468639096
-0.0022988867162589952
-0.0027226846648109666
-0.0022477554225818377
-0.0010638403314137232
0.0009862456383907454
0.003440718062019861
0.003278858000138136
0.000520805900098771
-0.0024841462608876106
-0.0025005003684253355
-0.0021288709806954395
-0.002182469998354874
-0.0015759352015947302
0.00042429242709777614
0.00262073554900356
0.0036119301135366555
0.0002603589087060795
-0.0023540550244791937
-0.0027999209186859767
-0.00047646509434918827
0.0019577388549114434
0.0016911789279732258
-0.00017267476786095336
4.5045599045517686e-05
0.002617165062742572
0.005065086944053832
0.002837499731911111
0.00037153865554439197
-0.0016090656320928913
-0.003643189277857047
-0.005789895977299927
-0.0031808186344823262
0.0004686216448409261
0.0011092622920836365
-0.000337495747879098
-0.0025157267294427838
-0.0018985458618216034
-0.001895179503270256
-0.0020627498136094394
-0.0011296935918147953
-0.0010818423351466422
-0.0006143785503582059
0.00027006889829015476
0.00012040536001454755
9.43701333770803e-05
-0.0005223674970933381
-0.001079052707743941
-0.00011961316205410816
0.0023763606423053488
0.0023595376314718666
0.0012532725644594546
-0.0008837293684425967
-0.002213169696445902
-0.0033216574936414745
-0.001945320895384548
-0.0018227141546952406
-0.0013160291084112624
0.0006384934394627269
0.0024924814907196064
0.0004226270834975294
4.545485590470386e-06
-0.00011205522729821162
-0.001024985685494732
-0.0019350049356745788
-0.0006130706251447783
0.0001899238254928484
-0.0008725097409781862
-0.0011351808680683676
0.0016149776039801223
0.0028787385364255754
0.003951392061473515
0.0024350586084314497
0.0016815749102546552
0.0013044160458023169
0.0005842378862311588
0.0006261909607286015
0.00032691531457028795
0.0004659457088927723
-0.0002940112850687719
0.0016153121119872513
0.003246245771151513
0.0024527946224052965
-0.00018029952599713444
-0.0033525641314719
-0.001667187880238688
0.000281036553718255
0.0002986112760592508
0.0003261114114479174
0.0006435508062958332
0.00010123932803951475
0.0005067266946763747
-7.320926293351965e-05
-0.00026667687815049295
6.778821948146921e-05
0.00011178111850096092
0.00011591343693065207
-0.000809490261849022
-0.0011780984702260595
-2.567689429641988e-05
-0.0023338176037004995
-0.0044944384380560505
-0.005061900395342002
-0.004418972135857537
-0.004135619878651887
-0.0017473702297248
0.0011669561736027806
0.003912920517282638
0.0041584253646397475
0.00232907823572956
-0.0005161415748030555
-0.002508679899932673
-0.002300671764665207
-0.002443083234676238
-0.0028420599830566496
-0.002372135085952334
-0.0015767706562930788
0.0004921656171559484
0.003124989576075937
0.003348417682505812
7.444959057621268e-05
-0.0025922854623382685
-0.0029124879566940517
-0.0020262122991500766
-0.00042061692296519533
0.002354267207202744
0.004922787978780914
0.0019322671784065934
-0.0015235225805228696
-0.0033988082098552613
-0.001955481449671187
-0.001266386768621834
-0.001215502974139757
-0.00022590101161378516
0.0012524995654509647
0.002879674854887605
0.002867844981566249
-2.0864856892738673e-05
-0.0026914523232468425
-0.0016080235726619175
0.0009508128937090256
0.0013251154795028105
-7.591890121118122e-05
-0.0012488480325230675
-0.0019048798622221695
-3.15750783504219e-05
0.0021615399419130966
0.001463090072973423
0.0004163450465307658
-6.702535583807761e-05
-0.001863002674500419
-0.003287659189903715
-0.0014193345026084969
0.0010496297504944642
0.0017633795666184935
0.0006875196522367511
-0.0009880754373038183
-0.001407068568077446
-0.0013914439177532363
-0.0009480264309507306
-0.000974924089171661
-0.0008272447179865496
-0.0013536116091921956
-0.0011691210716256732
-0.000873721201938145
-0.0012016920438738794
-0.0009610576109187074
-0.0007296322198483047
0.0008903639982726353
0.0033145196230499386
0.004266765009865654
0.0018000387290007039
-0.0019194858245137891
-0.003951240527968736
-0.00321911554944948
-0.002361600744142315
-0.0020656832713720438
-0.0006646461305718363
0.0013195688736791827
0.001019468912373299
-0.00029070051235306673
-0.0005696313180800305
1.6706859445513217e-05
-0.00048158048885417086
-0.0010468312500338274
-0.00017904137253702598
-5.0621443048627396e-05
9.837084001318935e-05
0.00032209530521130393
0.0015806610146309166
0.0022836738680784003
0.002926235609190384
0.0006139336469119066
-0.00023282174099782161
0.0002941690040586018
0.0007520961947448905
0.00028167218520104966
0.0002088051492974885
-0.0005837364723195165
2.5774845037254636e-05
0.0003812357420981126
0.002090999668800626
0.003227883543692427
0.0014798169795073091
-0.0016805210824106975
-0.0016093261242802628
-0.00029871713269699314
0.0007151974017872245
0.0010015630680307048
0.00017242445006520674
-0.0010509674588648566
-0.0006557942154005432
-5.891328018972305e-05
0.0004396882637458918
0.001004355953528179
0.0014189353699360576
0.00038596324797265306
-0.0015004468614018837
-0.0016505208933858032
-0.0012534076170910313
-0.000967266512121464
-0.00289464555068732
-0.002376231851473655
-0.0023058928290770105
-0.0037002152385206388
-0.0026234397564041355
0.0012280082592970515
0.0043538337260368275
0.003942792669067671
0.0018924926807786361
-0.0008360604192249139
-0.0018716506828759007
-0.002381638416401456
-0.002213508542383412
-0.003832199676611954
-0.005435756790673469
-0.00366262256375123
-0.00044816695957331475
0.0015940993776600684
0.0018996192548267
-0.0006594946758782549
-0.002722237694591091
-0.0032803980555145594
-0.0028983657765858355
-0.0005977069560699501
0.002211051039791848
0.0036534516468222614
0.0013608811887267053
-0.0021166357970924116
-0.002564149302501373
-0.001840480393430233
-0.0011820717154858162
0.0005435068503742883
0.0013026851248968039
0.0013474023441488766
0.0015433666685938563
0.0012295669711979618
-0.002049005929134562
-0.0023126302442891588
0.00037338119347886227
0.002704624106097689
0.00021532600198389228
-0.002171914233291977
-0.0028586843610382572
-0.002568123729430702
-0.0021584002327705346
-0.0011076493730006983
-0.00016790861522739033
0.0005505462578611959
0.00026238967893384255
-0.00032289004417236644
-0.00015627844265867852
0.0006310465883863009
0.0018190676434442252
0.0020413877895417267
0.0015648903132461547
0.0006299241195999911
-0.00037886063024156723
0.0002243227220631932
0.00022094933108856516
7.517526998692022e-05
-0.0005586732202436533
-0.0014590607146016544
-0.002343989783811634
-0.001914707604816788
-0.001731205563988971
-0.0018563435205015758
-0.0006917720751616937
0.0008299423008741528
0.002960446862520882
0.005343052731007419
0.0014508781285157719
-0.003006605265823662
-0.005016383601647188
-0.003546358055995479
-0.002006895127273387
-0.000802951445227974
-7.684995666908344e-05
0.0012018461813348002
-0.0004771640866840928
-0.000871928291376397
0.0008306789581966719
0.0015588601312857553
0.0005366672505758277
-0.0003755262105203936
-0.00015241324142079748
-0.00042504453057200134
-0.0003429968450608051
0.0010408200409848165
0.0012274599115364622
0.0023257874804444504
0.0011401919146349026
-0.00029413469670671547
-0.0016071404504564286
-0.0004044609225282906
0.0004810184439148363
-6.613303249414852e-05
-0.000170244246650943
-0.0009078537685451207
-0.0005344255297759121
0.00029083634706420316
0.001833704963683707
0.00354339820191358
0.002987000784222909
0.000658061739444457
-0.0007467368676298048
0.0001448202780163501
0.0008802686943253403
0.0013457147548088504
-0.0002570182554202124
-0.0016394590387216262
-0.0006267597596624492
0.0013158478413055428
0.0016316402401020643
0.0015915039748056004
0.0021302551862637633
0.00020059485015790784
-0.002053996163294787
-0.0031221044808771303
-0.002031919968591227
-0.0005313239782034151
-0.0003015551092744532
0.0006211807296285679
0.0007178462024741814
-0.0015240073344484728
-0.0028520183347047973
0.0006850140615346251
0.0036400594613468784
0.003327132027831729
0.0008927587072926398
-0.0010163879245096653
-0.0008034652227330707
-0.0012195058611630038
-0.0021506362044283085
-0.0048376437002035115
-0.007615402446361786
-0.00482949286306547
-0.001546695667495668
0.0003706455366563762
0.0003517793879774672
-0.0008394608684253484
-0.0029090341763752005
-0.004205848170720816
-0.0034871772162673497
-0.0010995150117561916
0.0006471151095399193
0.0011981861769477843
0.000608291735677425
-0.002429018777215159
-0.00296177244284349
-0.002953103247715813
-0.0007035206316716809
0.002672876289602966
0.002540486981205574
0.0015932032436647414
0.001779470169525029
-0.0006936645608326725
-0.002566102370272538
-0.0016730831703829674
0.0007077526499445527
0.0024054749197535757
0.00039392887292709805
-0.0012495118688677406
-0.0011885832756953448
-0.0004632736229112835
-0.0011612339635310633
-0.0008388615357703823
0.00025278643370438226
0.00030386480457136205
-0.0006281461633928826
-0.0005749122145703961
7.351873495059437e-05
0.0007607063170488569
0.0009566503922244017
0.0009564189928231008
0.001270560801950537
0.0001679128582174123
-0.0001671085805790049
0.0011839950112559911
0.001203865863479355
0.0005883910605562668
0.00042729473158819415
-0.0011674066536424541
-0.0018191602882692021
-0.001643854536273413
-0.0014843444566132668
-0.0011746988335227739
0.00018680700420110834
0.0017971844883111065
0.0034061651867966754
0.0033580913571314916
0.0005410072704374003
-0.003645485531453937
-0.004767542083702383
-0.0035381318718018793
-0.0004650369143332911
0.0010118046246142135
0.001752579875352365
0.0011566769084240987
-0.0004162402088679826
-0.0005934296385379681
0.0005461403769327724
0.0010565253405300547
-0.0006439556549496781
-0.0003360115744043299
-0.00037993970458054965
-0.0003014526244780085
-0.0006773221656918385
0.0005800961463517338
0.0011401842697616002
0.0017309820295171858
0.001776524868909677
0.0008248287695240629
-0.0004432990156657019
0.00011701619879963347
-0.00010774988671301072
-0.0006191800148989536
-0.001304735703541906
-0.001233168555407165
-0.0009504570530173036
-0.0002787863830645769
0.0010973218275072338
0.002323200213099357
0.00226376440550343
0.0012370631374523397
-0.00038168632198653585
5.8469755260931065e-05
0.0007616497421750223
0.0009815722296457987
0.0006971325433175688
-0.00040980203555360424
-0.00017220763615970864
0.0010986953353342387
0.0015154005146622582
0.0013291114480555324
0.0014914426398206324
0.00046590551573872155
-0.0013546911933446483
-0.0025490324638603843
-0.0014634905645070763
-0.0006488375218259219
-0.0001304401476370004
0.0010299079397855107
0.000961707527207769
-0.00014644403385918252
-0.0004262914819682025
-0.00016328785328198806
0.0018364365095303776
0.0020940070413573513
0.000764319716978747
0.0011348283940979793
0.0019027641334938188
0.0010098650751320364
-0.0017027994967452938
-0.004818100878274253
-0.005489181464009846
-0.0032817775695633917
-0.0007693132303957554
2.9885117283713018e-05
-0.00012702711683560352
-0.00022054721818255652
-0.002496735293456828
-0.004526707088901419
-0.003431128679767438
-0.0012226944964596653
-0.00020487907438517466
7.984132308643129e-05
-0.0009371427838073729
-0.0021054435163332837
-0.0028580156963996526
-0.002678994751213664
-0.0003227512853012425
0.0030929650364490574
0.003171950761508795
0.0023027124063328772
0.0016781527650989586
-0.0006613668571485245
-0.0017854878234121211
-0.0015854488205587092
-1.3357781282175105e-05
0.0009356163941977622
0.00147724473759613
0.0007447774346079896
0.0009516818149792286
0.0011911584427956648
0.0008697225414186548
0.00025349550080960544
0.0007184294756514499
0.00013266983282633296
-0.0013025951811769746
-0.0007826566931357228
-0.0003605911645972607
0.0007629979416798969
0.0005827974748909336
-9.309039207186647e-05
0.0001743551671228414
0.00021348027759762338
0.0005551640178060032
0.0015010544584107667
0.0015690836394816688
0.00022917028838347113
0.00029033682284648646
-0.0012203828219009166
-0.001418728302674652
-0.0015916800078190733
-0.001235286324610965
-0.00047257576999451783
0.001431769730521368
0.0029176390029085914
0.0036727981392773775
0.0013610087512082921
-0.0006469020479294007
-0.003280880322523253
-0.003869505070496295
-0.002962644036474312
0.0008212308001775558
0.0032617955753200087
0.0035316623093084682
0.002151741198883705
0.001421340466960874
0.0008206290238671934
-0.00034434643783174367
-0.0005898614564861116
-0.0009842230217717745
-0.0005152210338972383
-0.00035150072266925563
0.00027682830253470455
3.799088431962285e-05
0.00028979735884473664
0.00048009510987610896
0.0012759705235980251
0.002357636877564009
0.002114043172491277
0.001048949282367618
0.0007474126903188416
-0.00034961911677601156
-0.0013470413092722322
-0.0015546999873804388
8.071990994362418e-05
0.0006167158474617195
1.1175827478519449e-05
0.00017031516287610034
0.0005197131545301068
0.00044249071292294575
-0.0003684234450558341
-0.0010683591323030523
-0.000976266690486974
0.0002512167512968833
0.000553023390047203
0.000995697619080567
0.0001753188984112222
0.00032700787023879686
0.0011523684068160574
0.0011204800167987734
0.0010603567804095258
0.0012090206012170587
0.0010755650322264525
-0.0002967549676098952
-0.0006106097058660954
-5.929199281237392e-05
-0.00010500987107383915
-3.575787409457296e-05
0.0009010816716342512
-4.893326261136291e-05
-0.0006173934290055322
0.00038748152395894715
0.0003005788256583162
0.0006888474881983832
0.0013503790930593953
0.0011304900070070165
0.003192960973998185
0.0044688796988351575
0.002632557868071069
-0.0008679528363310391
-0.0030879680818041598
-0.002163847226450171
-0.0012352908081098763
6.5518866610308774e-06
0.0005263399616146091
0.00021571770231575507
-0.0004389809714320757
-0.002228841499260979
-0.0035226849535222814
-0.002455318755516113
-0.0012300980812145817
-0.001139425434442611
-0.0009982289509840204
-0.0015381499489217035
-0.0020520724630075093
-0.0019502137704701604
-0.0011133284846066714
0.0004899800455900995
0.002569569393528751
0.0026499654919122525
0.0026137397640405738
0.0020018074522971567
0.000711437400817129
-0.0006018984732352854
-0.00044446796767166116
-0.0005865099677003658
0.0005485336957048695
0.002274868432467082
0.0025626241289816013
0.001660236715796893
0.0006172851146094982
0.00025806268411136856
6.449522614457867e-05
0.00039826479086862597
-0.000425056354842518
-0.001282596696242972
-0.0016626970131435647
-0.0008789660608602238
0.0005368900193273574
0.00029941180131810765
-0.0008640165971137429
-0.0014173044601905205
-0.0006298377495766607
0.0010691031737652093
0.0015073007763896527
0.0022651689510216925
0.0017467536026308005
0.00022206553093662075
-0.0006450657399036
-0.0014519303750255683
-0.0021620203419034285
-0.0023252471326795305
-0.0006048061563819454
0.0013395794580083923
0.0023087472051834157
0.0024247892993557794
5.31554274216322e-05
-0.001280453290375557
-0.0020055664110023414
-0.003170862679207703
-0.0023487503569255717
0.0004579130859348995
0.003155662385970115
0.003138884685414044
0.003158487921009469
0.0027502087327107346
0.0013319446637476235
-0.0010961904627121953
-0.002662367761448472
-0.0014476346918355374
-0.0004829202747419182
0.000617746084637765
0.0015364248605569733
0.0009453978377102154
0.00018609555165749597
-0.00016711193627700054
0.0005600183616072416
0.0014458116707033782
0.0013810201891342028
0.0009154534117881694
0.00014729083780082463
-0.0005406315413565795
-0.0014702844886377068
-0.0011105935816503583
0.0010394127516525783
0.0010498528960727143
-8.944480508852346e-05
-0.00026647836172405203
-4.130052733952884e-05
-0.0007933872471172365
-0.0016547863242511332
-0.0021611037334796574
-0.0009347472487048529
-0.00034845940020423766
-6.847775065603955e-05
-0.00042847190460402183
-0.00020835444472421145
0.0005755713475132819
0.0013801036958030984
0.0010124729008958717
0.0010301108633525653
0.0014459399527349472
0.0016543128613827128
3.0630043031858916e-05
-0.001097615675573722
-0.00022494892252618152
-0.00030984307174255923
-3.407483044050785e-05
-0.00023992174835655374
-0.0007859034398324166
-0.0014765862601718149
-0.0002950638547806146
3.294317622486577e-05
0.00041223016836299106
0.001131080611475559
0.0014621436763069284
0.004130594417332715
0.0041628292324983095
0.0014576656081233459
-0.0017724443309958906
-0.0023348717399373766
-0.0011456357871205802
-0.0006995871012216042
0.0008564619274427187
0.0015813060103994408
0.000441611102942052
-0.0009975099215131758
-0.0019553405587232637
-0.001732507186625101
-0.0006849727654498314
-0.0011697961873032823
-0.002149538474365724
-0.0018643814578363205
-0.0012406998190344991
-0.0011316629071810968
-0.0007927765003248493
0.0005997685546917258
0.00012910982910802093
-0.0006188482564831097
7.917750591110808e-05
0.0019179335611157326
0.002812805497033853
0.0017904568142602564
0.0005456067261983902
-3.324650214098278e-05
-0.001051373123769718
-0.0010851906619697344
0.0017645787986483022
0.0034024032640155694
0.002973423704320867
0.0018277416210646068
0.0009741800858883306
0.00026156423821971364
0.0002086154630695947
-0.00047016902488808307
-0.0015129749288296662
-0.0026345299031290265
-0.0012983870489314897
-0.0001491643273204648
-0.0007212771656516439
-0.0018932542157506739
-0.002840271032097879
-0.0015892190652235967
7.861497746299126e-05
0.0005834832157182387
0.0018053398460733969
0.0033515587141108704
0.0013910660477021613
-8.663589307702558e-05
-0.0012382478826600998
-0.002898021095979593
-0.004291648195671538
-0.002139882726695827
0.000742350573773552
0.0016628230397325544
0.001105961792686232
-0.0005877171358772632
-0.0011257802425605889
-0.0012834638758311163
-0.0017051830301169075
-0.0007598334502462096
0.0005710430465499349
0.0015141957741802703
0.0010150976038538592
0.0017523728937416413
0.0017658426997093609
0.0011883524291272684
-0.0016508693907659007
-0.00395150203124945
-0.0030167366981457434
-0.0009000739428766747
0.001960851978238591
0.0023111737263213153
0.0010363819638011273
-0.0006936675244806745
-0.0008732663557105732
-6.32422218544734e-05
0.00044647089046424024
0.000718067553289426
0.00081962982988878
-0.0001913672034960255
-0.0005105448000703439
-0.000884369678977621
-0.0012349486763109639
-0.0003872514579603917
-0.0012147476402197736
-0.002651549748487297
-0.001999461409406088
-0.00032979403943699155
-0.00034120065873710013
-0.000942572684461228
-0.001239134541288947
-0.00015948206339057433
5.8662319682964686e-05
8.666858457952143e-05
-0.0008518957728610548
-0.0011912856639519044
0.0002812050494486291
0.0008301623807155816
0.0007262264543275358
0.00010173839200005512
0.0007350995296153172
0.00013025243260456282
-0.0009579568878608771
-0.0018622701487577818
-0.0006560911772733348
0.0004366230595114552
0.000333633284315179
-0.0007394961783941425
-0.0015483420503159904
-0.0016115481196778347
-0.0007917675738425885
-0.001031459548415708
-0.0009134122878891046
-0.00046993263104633514
0.0012223227122534028
0.003577429766926662
0.0015527067075953253
-0.0016667217490806039
-0.0034860077848972056
-0.003232841959799091
-0.00179488910686462
-0.0001257359576473333
0.002147261250850447
0.002561385971142303
0.0012142824761712725
-4.448744736883486e-06
-0.0009282035344335415
-0.00037034331287400093
9.061940400444774e-05
-0.0008478823329202084
-0.002601073345476365
-0.0019414320202393903
-0.0012819808917800455
-0.001067088779181129
-0.0002586096994887251
0.0009591898652132553
-0.0012258928330363913
-0.003777572344016489
-0.0028666308260810397
0.00020709303871127658
0.0014114507288970274
0.0019650860622733067
0.0007632334092857179
-0.001193223106933151
-0.0023823944632895013
-0.0019095027358855593
0.0006965676206760092
0.0028404343771331665
0.0035515100530983277
0.003163343821791093
0.0026034551846356503
0.001978878552240381
0.000944876733602121
-0.0008511541046914803
-0.002205119398862231
-0.0024261340851637414
-0.001101068769362863
0.00020955643982560027
-0.00037512949565630623
-0.0020794269777152144
-0.002731105141784417
-0.0016997891451385986
-0.0007378420450109397
-0.0006131118009813049
0.00041898042396940565
0.0036056259401633494
0.0033915153432697897
0.0012111511451843656
-0.00022623275524963582
-0.002554455791893384
-0.005291872424209594
-0.0028126422588524817
0.0005061449535937144
0.0019320826934555236
0.0014380279098090854
0.00042388507250070047
-0.002052432226360979
-0.0023039074294647632
-0.0005718660086051338
0.0004841750363616034
-0.00013686569292616416
-0.0015310558657456042
-0.0014702162515409518
0.0005234106660820152
0.0023693503219435114
0.0022058757229239017
-0.0014574147912891511
-0.004179139836118777
-0.00516639132640206
-0.002214162906617905
0.0012349498925354522
0.002255966480231028
0.0007136780421664244
-0.0017524084285589843
-0.002288029358142641
-0.00040747373260113665
0.00039229540289997616
0.0007130537619489963
0.0016432787881256327
0.0005613610543505193
-0.0010043232717834882
-0.0009844469113710552
-0.0005872285673614414
-0.0011434275981823008
-0.0019231859889326972
-0.002746366188321088
-0.0016511536301646952
-0.0006975394312473953
0.0010350160390610948
0.0008048939345829195
0.0003641454369633203
0.00019296057973080204
0.000717798648386324
0.0004232126900210548
-0.0006424713333400618
-0.0014806718534256529
-0.0008143770933991124
0.0006514155686484229
0.0008802183870932768
-2.7663140565842748e-05
-0.0007826607022976605
-0.0004179685178062637
-0.0011846060168960793
-0.0011295430838762686
-0.0004297898420869985
0.0010995309210698764
0.00023605649913970155
-0.0006213993638075166
-0.001453707314562229
-0.0012935592099070248
-0.0013905695358608571
-0.0026610773221753233
-0.0026200862283291392
-0.0013393999066972028
0.0013346041373803873
0.0028511455867066783
0.00032775800616299865
-0.003651901673617042
-0.004089189611442367
-0.003534328113630335
-0.0026844843078998766
0.0008366225588812217
0.00312624608886288
0.0035067533038496113
0.0027879360748652568
0.001760419072372564
0.00022655244068769433
0.00022226405161240983
-0.0001481930462614939
-0.001763079139581048
-0.0023728391508775755
-0.0024877609978889263
-0.002213895234269786
-0.001577264305477492
-0.00026641744054032527
0.000603673707804188
-0.001671661165738453
-0.004369952394589738
-0.00422986353836976
-0.0010404660251533912
-6.585355131724809e-05
0.001209159427791874
0.00014351083163119968
-0.002552807720509002
-0.0032730240576569125
-0.001950813845338399
0.0005207834051843741
0.0012006982663646678
0.0017315703131853448
0.0026288292387521336
0.002884736193739797
0.004015185666258882
0.0020744457945501343
-0.0011261967439431058
-0.0034466986637021824
-0.0023418964127517993
-0.0010948979992369432
-0.0001483670961574849
0.00033685455845763575
-0.0005370220618936953
-0.0004996612023405803
-0.0001540922614089452
0.0005888757086012509
-0.0007691647936479832
-0.001004585581240208
0.0024004483848492726
0.004733950120488468
0.0029102241830761353
0.000785127209585708
-0.0015425630583518703
-0.003199521778710267
-0.003280925326132414
-0.0003890632446150211
0.0016988533888680902
0.0028066829588591887
0.0008770310650584251
-0.002724236167522172
-0.0034047136169527603
-0.0006820427589474456
0.0012837652839799755
-0.0007631659001170505
-0.0032074807498450953
-0.0018987589096029552
0.0011252377640280063
0.0037214049414630588
0.0029765177883240243
-7.216741009974651e-05
-0.002635114385070194
-0.004281947314104188
-0.002918741520348523
-0.0004863509564849755
0.001528999176540482
-0.00037059929456008845
-0.003248070504378173
-0.0038200268924772395
-0.0014054093742440709
0.00018587358472040298
0.0008148164977793105
0.0017380608757001884
0.00014196206048399719
-0.0014359617423030926
-0.0022333186787038056
-0.00145970211640566
-0.0007756098666056408
-1.7141129952839102e-05
-0.0004294061412911242
-0.00026636625607230266
0.0004056462245753255
0.001611493589017288
0.0008622735475755344
0.00032783756960854207
-1.023842172684971e-05
0.0007853541221678783
0.00043563511090962217
-0.00031122367525681554
-0.0017004779803109517
-0.001978774725766525
-0.0004426989960768019
-0.00020488577334180655
-0.0009933837412577896
-0.0020001262853071747
-0.001335402775936849
-0.0003488247200321635
0.00046162634564537455
0.00032830802580727605
-6.42516817775658e-05
-0.0009975182342203326
-0.0011585025711266734
-0.0010810628010007302
-0.0012871820849251492
-0.0014139414808561372
-0.0027046035358788342
-0.0010526564234216316
0.000977608318286259
0.002559861484971537
0.0031359798197801462
0.0011810010584360005
-0.0019644528549581175
-0.003203688276015206
-0.003510496962146537
-0.0020047809944786646
0.0009579530177005021
0.0028441659100002107
0.002833399749374597
0.0021992455869901876
0.0015763257574554366
0.00021885684237893204
-0.00038401893043988873
-0.0009579607794705614
-0.0022490732745759274
-0.002253253843682623
-0.0028374199802662058
-0.0028729384263800903
-0.001519798064158541
-0.00019961796932379584
0.00040558434582561035
-0.00020699251545959582
-0.0017663509287737487
-0.0022401195128323517
-0.0012771326696515996
-0.0007130340735542881
-0.00036406269431252757
-0.00046429142576245007
-0.002812587346739088
-0.0036881262457963463
-0.0007241137685020738
0.000989732600708542
0.0005230685083931338
-0.00019555955557974073
0.000574030512572877
0.0020336215374673495
0.003813495201720947
0.002671663723033613
-0.000955804486675541
-0.004231580694755571
-0.0035705534327050855
-0.0020905549397598894
-0.00043338310906371874
0.0012456575034496672
0.0011136596923457716
0.00018876600466889108
0.001037824398481452
0.0007761410198334642
-0.0016211880535340465
-0.002281161582445337
0.0005719817769480818
0.004356150931071033
0.003762533569374594
0.000989561288301455
-0.0016810151294759136
-0.0028356126633298138
-0.0029647020326715205
-0.0006886740938540684
0.001547410764423291
0.002958980031228814
0.0010581645879435694
-0.0019824156545307945
-0.0025519344638996813
-0.0007222031650699402
0.001526589907690562
-0.0005769492541543154
-0.0020797681768676625
-0.0005229436774860714
0.0023529268386201403
0.003435189273061084
0.0031815310070979364
0.0010535519370554933
-0.0005932021153586826
-0.002684901768106032
-0.0034892650987579307
-0.00131295621138513
-0.0006203749109091623
-0.0021085909849547575
-0.0044529416150050774
-0.004574889240128883
-0.0016396776020833346
0.0008987328820458135
0.0018983830066458718
0.0010619241111283861
-0.0007626696804729061
-0.003083319846787902
-0.003890224101303428
-0.0030830918920604915
-0.0010588568728807156
0.0011174027487202995
0.0010930717041601004
0.0008176757350762182
0.0020473620520380866
0.0015728879222345
0.00018462821328816057
9.556722284590196e-05
0.0008611513101282836
0.0008061153551879112
0.0008611602065064978
-7.026023863792013e-05
-0.0013601184890762287
-0.0026264038864870567
-0.0013218731516098001
-0.0008093379209949949
-0.001719162537545757
-0.0025551174996617963
-0.002904503000084947
-0.0001743636255366855
0.0015536925881311317
0.0012023093420734862
-0.00014020876761108007
-0.0011811770027452934
-0.001930915709309826
-0.0023026579806977284
-0.00037963365211933584
-0.0010069178117562006
-0.0016996614285485186
8.44561936087787e-05
0.0027792312134155305
0.0033775553061486238
0.00261201325655574
0.0013335911838103078
-2.9556849007865506e-05
-0.0015949436486337822
-0.0027364314840644765
-0.002755735826693436
-0.0002709838229444806
0.000815956820530442
0.0007394757067088475
0.0006210289742950249
0.00028337689244134457
0.00046494745727600065
-0.0003535654082773255
-0.0014223623870196842
-0.002420176955296011
-0.0015614552536829418
-0.0024599692877703703
-0.002565256148295029
-0.0010982151061749916
-0.00019929554270998432
0.0005887375897588196
0.0010756154105938923
-0.00010911012029584982
-0.00060595622195119
-0.0007483556311300054
0.00021770617520278036
8.940652638929759e-05
-5.928424909591701e-05
-0.0014041930222820128
-0.0009921579104605633
0.0012170750545813086
0.001761684399212902
0.00033255121323356464
-0.0006069818770667102
-0.0008642563192675032
1.5934313545020676e-05
0.001892531202303601
0.002259083963991953
-0.0011204301437258278
-0.004591957856531451
-0.004224180438203385
-0.00246542780739073
0.00047731665133064077
0.002296745999553023
0.0016440607469690826
0.0007843735656184012
-0.0002517692395836064
-0.0023401937347903887
-0.003988176152062986
-0.0034258333306921842
-0.0012871446032953864
0.0021595327386191446
0.004019397392068035
0.0023963635612642164
-0.0006043637729662252
-0.0028861072317652725
-0.0017565991524403307
-9.008399700728535e-05
0.0011883916665645484
0.0008358790172515401
-0.00029199388835618933
-0.001782563872750745
-0.0021089801632428193
-0.00028675907083298903
0.0004719271147955791
-0.0008841294347104937
-0.0011579196584350841
-0.00014756828676066702
0.0014120215480355265
0.0018212157805754226
0.001916749482927988
0.0008579664894343685
-0.0003165483857021198
-0.0009858393186585991
-0.0016693729187317475
-0.0013067620824727545
-0.0014324303728792864
-0.0026719361074148363
-0.004125609267691069
-0.003870428163238971
-0.0012844484383931426
0.0011433630428200735
0.003282466093886745
0.0029038864468994762
-0.0007505622358182382
-0.003938139320629196
-0.004063585154895714
-0.0036913417304110458
-0.0023465307211242245
-0.0004744857300525639
0.00023391622928035927
0.0002377696029984045
0.0008489338988374063
0.0011376347806000857
0.0009601988652272759
0.0014294417407140626
0.0018270521814361248
0.001524412640649331
0.000622591095410591
-0.0003728109667387471
-0.0016553739450031026
-0.002385181652657046
-0.001389917237000408
-0.0012602240100286059
-0.001987967579510733
-0.0028022808148049235
-0.0020919186172572925
0.0006730595710474198
0.002158848043532771
0.00164294090387069
0.0011049104457758773
-0.001206447960370476
-0.0038686352879314678
-0.0032876204162048837
0.00011303199005827775
0.001021526336146287
0.0003996177251662349
5.729582104550834e-05
0.00162370160138175
0.0015366206845764752
0.0006205218191190362
0.00024749783485933217
0.00047025242000711036
-0.0005841878001438967
-0.0031490656930091097
-0.004958872482419677
-0.0027775316277653815
-0.0004595399633139771
0.0004943611756027708
0.00044178642078814315
0.0007269497325663675
0.0006995557490987163
0.00022597346508948697
-0.0016746410713063796
-0.0017520908800117672
0.0004309462271723427
-0.0004077754733379051
-0.0007631239042100454
-1.3515142286050215e-05
0.00039509583940720394
0.0004642668249369992
0.0008382232507165351
0.00010372987793638488
-0.0008105468930057414
-0.0003287543991689169
0.001292118239631764
0.0005915084210507257
-0.00021920061332940085
-0.0001491512471497279
0.001309233869230079
0.0030130999310277553
0.0008039317603919629
-0.0009303022447119039
-0.002311309844333529
-0.002473804842844279
-0.0014725388324690729
0.0009778810147323944
0.002089140550318509
-0.0010532614938579192
-0.003492583808941932
-0.004685640636188693
-0.0012306512328359694
0.0013125664374455835
0.0031885506320607363
0.002541332257136319
0.0007875324168316962
-0.001124835003720886
-0.0033888022860026294
-0.004663107824245374
-0.004264433937270232
-0.0030670938579857544
-0.00012710074149662755
0.0031862305276343732
0.0032183832708329034
0.0009602881851108944
-0.0013761776443557297
-0.0013601827184851023
0.00028258486025447015
0.0002476879342697485
-0.0009806955563011444
-0.002641284507216235
-0.0020319605473139934
-0.001361760893480638
-0.00010808979040455757
-0.0007725925805765167
-0.001949916771832132
-0.0012601793979858315
-0.000256478291114657
-0.00035038294323225553
-0.0003465647647467069
-0.0003165208219701811
0.0008218980132431034
0.0011249839490427888
0.0008393431124489672
-0.0003993015044579485
-0.0016677596713846946
-0.0016178336478528184
-0.0019920129967166125
-0.003026341128677756
-0.0012645532307986559
-0.0022021895157765268
0.00030864249980427493
0.003993734292476419
0.004220907953913407
0.00036583797442055487
-0.0032114067062709124
-0.0029273465850413244
-0.003705712707784581
-0.0033349197526849938
-0.001780993526858073
-0.0010063473460228535
-0.0005122580889206811
-0.0008959583568791436
0.0007638178968931348
0.0017081156674313958
0.002491247753209183
0.0023834664870987315
0.0012186522097982658
-0.00011180015031483892
-0.0012944887922367288
-0.0023411685206488793
-0.002026908245106493
-0.0018184249278355242
-0.0014477033646423322
-0.0018173201656577786
-0.0025550584780286547
-0.0014154606564103188
0.0013229144482841218
0.0028619832595743327
0.002519847387089528
0.0011530035685448203
-0.0010930110772036075
-0.003907183143699931
-0.0030014236336946445
0.00047251005965322234
0.003396195849709256
0.001975105627317341
0.0005486094170518253
9.015446225737057e-05
-0.0002727300901430407
-0.0013295618433539643
-0.0003367756268594668
0.0006249723535851972
0.00015536111846552853
-0.0024327454288318147
-0.0060975105058836045
-0.0044640829937838316
-0.0016833089664869951
0.0003497634208603677
0.0011040000820141925
0.0018445470853454336
0.0012245579397047756
0.00023419121381203548
-0.001936765162012519
-0.001318486779668413
0.00016237950496387314
0.0006620041345891292
0.0005760719874041366
0.000806347637032938
0.0009898767413384362
0.0018239230839225795
0.0012426161293095906
0.0008022017961915193
-0.0006203387642348676
-0.0003786922971530947
-1.9866024144948088e-05
-0.00010595835488320655
-0.0003447977154499315
0.0014778337079186343
0.0023253903860050874
0.001661610059999339
-0.0014417168108526385
-0.002716047402160691
-0.0036367346414058286
-0.0034789838326258226
-0.0017580047517674773
0.0011935358458813885
0.0023902217439892054
0.00035656159973186294
-0.0026154034859930575
-0.0029557446419921883
-0.0018144544113640301
-2.746868207701448e-05
0.0009152638656253314
0.0007664461267569769
-0.0005804150529294044
-0.0019322895177218019
-0.003165573013788612
-0.004023503957652686
-0.0031849461697668856
-0.0024487202073097437
0.0002835689270885211
0.0021951559691954004
0.0024539894397105602
0.0013469326790698484
-0.0013763934661489455
-0.002286699259328582
-0.0013595996894131689
-0.0008087600803239124
-0.0010996592562057283
-0.002349149438769531
-0.002448997886942804
-0.0013910123826895093
-0.00011459052409404781
-0.0011439733061842216
-0.0019262654768422722
-0.0018145106512043293
-0.0005709383756577364
-0.00044430712816772536
-0.00029877945493979205
0.000744404948562505
0.0024804597295135524
0.002272442502786613
0.00138402134877567
0.0006650948887254819
-0.0015498745139993432
-0.002882766930618477
-0.0026158725031491786
-0.0016291019686874
-0.0007081118482728634
-0.001835524023504283
-0.002296914451072563
0.0010706354669894496
0.002517061761522481
0.0005303073563428558
-0.001491807101014297
-0.0013488823854661844
-0.0028113325010206353
-0.0034569402060596285
-0.003529057480137692
-0.001669448866489917
-0.001077135698121793
-0.0006265264349801644
0.00021217138274014252
0.0015272934018227759
0.002077651577364727
0.0020383263706680367
0.0010513483882092403
-0.0013504863435944477
-0.002231747161008795
-0.0014146764490918038
-0.00034286107008981126
-0.000645635098477183
-0.00048022793113901806
-0.0005620071693801814
-0.001776652382419639
-0.002754227670385266
0.00027202290576651563
0.0031250656046383813
0.003938424357436014
0.002322364027796046
0.0006116169294652124
-0.0008032567338777609
-0.001139648036009717
0.0005493646101875642
0.0018221628695899105
0.0009859500985325328
0.000225827788057973
-0.0004544494272786225
-6.345262052747833e-05
-0.0009452241298312093
-0.0005305273323055846
0.00048446992417292597
0.0013009025739805266
-0.0002666394565321963
-0.003641018649058256
-0.004936013959156208
-0.0025786682084060516
2.17692066095798e-05
0.0015475741254173993
0.00261828247009828
0.0016188725093690304
0.0006306208243771882
-0.0010029930950404564
-0.0011706010643351607
-0.0017722020590189673
-0.001806320802560147
-0.0011728209471084025
-0.0007169374614765455
0.0004234971707090101
0.0015765175538765966
0.0025640956928756915
0.001503772000881315
2.4328595598768115e-05
-0.0012491141454692826
-0.0013572574117805076
-0.001174604705454568
0.00030119459828422193
0.0026645319460663194
0.004057371983425008
0.0009372648068624562
-0.0023371997664193445
-0.003546873757259552
-0.003699445422614193
-0.0032652954745652158
-0.001229138635881711
0.0009763627673258679
0.0024707322424797644
0.0012908470240030343
-0.001230889322162797
-0.002258147473426999
-0.002767330561379385
-0.002359647401554295
-0.001955322288072269
-0.00116263929711765
-0.00091365770152931
-0.0018280314137220852
-0.0029174368589461957
-0.0028758010315906783
-0.0026385707120145565
8.011597134161279e-05
0.0011773669506489708
0.0019259542890657322
0.0008624550182105405
-0.00014246027322499305
-0.0014519726752259276
-0.0032850927760372057
-0.0023168850579405446
-0.0008053871399548517
-0.0006656932282130918
-0.002294401365281327
-0.0027131032792888474
-0.0007737382938138061
-0.00010204729943777782
-0.000857718714842026
-0.002294584850478648
-0.002587160024188846
-0.001376087428434996
0.00011239340818536186
0.0014389748659376059
0.0032276403941147295
0.004475109758357985
0.002486175197999207
0.001632177401778906
0.0010387656666510337
-0.0015006682254146975
-0.002740484162043991
-0.002198740783920684
-0.0006573314826151379
-2.6347815867535122e-05
-0.0018864626113504431
-0.0037023153253043506
-0.000915503562413516
0.0007012105289324455
0.000872935854206823
0.0011489422088938998
-0.0005259488958340298
-0.001693034862579003
-0.002502636046881445
-0.0026928063308536672
-0.0017839545221110902
-0.0007184344735886757
-0.0006158002083408173
-0.00014157016298317756
0.0013220676510026076
0.0016482249359573702
0.002288139307713692
0.0005797422940562078
-0.0019148629175532467
-0.002310342523544762
0.0005280653520229003
0.0025972442804645425
0.0011744808544178512
0.00043280898400716613
0.00032861247662488
-0.0011732620333275079
-0.0024027112998572346
-0.0002540030474878648
0.003312974589285423
0.004664764466539734
0.004152212208138168
0.0030494531518585016
0.0011750044803540824
0.0003617645041557507
0.001030129186957578
0.0005711722537315167
-0.00037312977283167115
-0.0004276823937465525
0.00011873415107554374
0.00021484156786233144
-0.0007716243342294911
-0.0015607596984983428
-0.00017273399196295327
0.0017808014528500507
0.001952805124500657
-0.002014596627585422
-0.00455910336099934
-0.002807843089044593
-0.00020372284332487254
0.001944810085965018
0.0010597783035152005
0.0012874852847786797
0.0005840476395065828
0.0004290163277354653
-0.0006349120145800506
-0.0016923473491074247
-0.0032796192735428716
-0.0023254188843829476
-0.0015579772436468784
-0.0013073846439429948
0.0002174493079393325
0.0023595988901765844
0.002386382122313787
0.0004972296922148324
-0.0014352703196062987
-0.0023225192935508454
-0.0016209474965752598
0.00032759569510970935
0.0030504608938852237
0.003167900148921203
0.0013085961159793578
-0.0015888712421977243
-0.003084929833046961
-0.00385354062814661
-0.0025960084349207777
-0.0005546161031826122
0.0009773336118870438
0.002006062083780558
0.0017224476655028622
7.295972538597247e-05
-0.0018631599225223524
-0.002131209509477178
-0.0032895563622939196
-0.003176608612383558
-0.00018646006849099974
0.0012634733967582777
1.9709247290870138e-05
-0.0028520725704968847
-0.00310009772540701
-0.001303414385422284
0.00029885787792126805
0.001274274467836017
0.0003226928369421542
-0.0012409781931388571
-0.0013567647122742698
-0.0017893916432754195
-0.0018027115408292519
-0.0014058186392198486
-0.0005725434693392072
-0.0015181035705669772
-0.003064784595155989
-0.0018442680846010124
0.000996131299909795
0.0017162007817715275
0.00040334305883176456
-0.0004684217138330133
-0.0013717245428997071
-0.0012057516573539748
-0.00014407408461222278
0.002448381793182606
0.005396147444344549
0.004331970890191377
0.002275424677281131
0.0009746115696561344
-0.00017270985375233408
-0.0011968320115995066
-0.0013546203998236915
0.0008202537640306589
0.0019709247512003166
0.0012764734284809024
-0.0005273904682179687
-0.0009502166565925169
-0.000615259933155028
0.0002815490646518959
0.0011058990636290313
0.0015497596541635397
-0.00012936385721459462
-0.0007561932622619521
-0.001960141563826146
-0.0018252464643484264
-0.0011074919092942438
-0.0009084248363442151
-0.0014043378125637683
-0.0005167860488579387
0.0013509008082067638
0.0030307335594052156
0.00241230893212637
0.0006230730414622195
-0.0006295458909321575
6.920254789978617e-05
0.0024804802559118453
0.0026810332217726356
0.0008670115367768694
0.00022749045032368818
0.0002916843593100633
5.641345798729875e-05
-0.0007708906906088935
0.0005219686490192913
0.002340878655232321
0.0037930613703536275
0.004261812247041351
0.003405065118321597
0.0016595578033407668
0.000785685141603279
0.0007464145553844581
1.606760201276774e-05
0.00022471683558973892
0.0004245416308044495
0.0005488981971050479
-0.00014664313265533687
-0.0013993125880646007
-0.0018149609404530418
-0.000849060559357089
0.0008289429355997626
0.0010471802133022044
-0.001116937340872823
-0.002924717660616838
-0.0019515736011466766
0.0005910036539376728
-0.00014173700384933487
-0.001242405556835886
-0.0007019971145236759
0.0005058353804584857
0.00047527516259008033
5.704288386820561e-05
-0.0010056847839016742
-0.0022843026412354816
-0.001911134790492062
-0.001277208478216847
-0.00130791407337973
-0.0005002463882389042
0.001577250403511566
0.0022113180713970787
-7.673774996539936e-05
-0.0016506283803830275
-0.002675013091157662
-0.0009809468102470334
0.0011575224329346916
0.0027146410896860982
0.0025354799122893797
0.00020056468669684525
-0.0010982554725051997
-0.002776721041149136
-0.003257500272958922
-0.0018258123812973457
-0.000150848927833068
0.0005582827190691555
0.0009680208586659724
0.001546529133199177
0.0008018567509265857
-0.00011891707275539206
-0.0014341920942144717
-0.002877363903107063
-0.0022985649481136426
0.001133630650311358
0.003748228351721278
0.0013459889661512024
-0.002079844877895965
-0.0030015468301857837
-0.0007440477321135264
0.0007754828762210916
-0.00033130819137220323
-0.002440785975491472
-0.003181019220006382
-0.0016940479636927894
0.0008006516658281646
0.0011958734739603944
0.0011457634991517368
0.0007016760711217243
-0.001594033234327808
-0.0032099314756369353
-0.0010126130093188975
0.001527081921788585
0.0022188983739716943
0.001977285248741075
0.0013947778243379111
-0.0002795687235307172
-0.0009370206664453135
-3.942954111204396e-05
0.0024223781010183653
0.005183357813854154
0.004095513930548544
0.002326054225176761
0.0007080782804523368
-0.0008130098739776418
-0.0011983043034854656
0.0008434629838786772
0.0033640809462973766
0.0033780719267147616
0.0021852597262025787
0.001786164569516524
0.0021891785297698213
0.0016676423346356686
0.00048078015364992025
-0.00045673480971013123
1.8125429507618402e-07
-0.0006625159235535828
-0.001783535583542793
-0.0022902011902776573
-0.0012884076652467569
-0.0008796512617856758
-0.0009170965003604677
-0.001321054268313085
-0.0002457869032537096
0.0012203237740365937
0.0026953482408589124
0.0017463995457858692
0.00021311502097934244
-1.2896306308847176e-05
0.00182827389704672
0.0035345992523457383
0.0029713892179019184
0.0007656301038930517
-0.00024029917481975627
1.8463983341003947e-05
0.0003033584673912795
5.9560138174697736e-05
0.00029594338197354086
0.0010938602332904285
0.0020686191435731714
0.0022204474940503227
0.0018588129091555515
0.0012440332674230486
0.0005095289633201332
-0.00046524367015359126
-0.0017825411831241924
0.0003507594218306259
0.0017680098554463898
0.0009283318177814506
-0.0005111297953678321
-0.0012390122582426031
-0.0016636662337442998
-0.0019034286464071231
-0.0012745086425252025
-0.0005929349624153757
-0.0009135807149806833
-0.0019456946966147147
-0.0008065391145960893
0.0008094094732249378
-0.0010355715343296004
-0.003067511223781392
-0.001199129862758985
0.0008763574054495389
0.0004925534211689035
0.00024042436236779103
-0.00011367103384055395
-0.00010994850824147416
-0.0007002155748372168
-0.0005390904693911489
-0.0010377176212373843
-0.0001271299478200942
0.00019299973537480674
-0.00015267532896829326
-0.0012273474781175863
-0.0018659432357077134
-0.0007250238029648405
-0.000134942889543725
0.0019137171695022702
0.0028474750293781357
0.0020880495508612744
-0.0005722437122051517
-0.001717028572663985
-0.002186136763815484
-0.0008755739744397436
-0.000377346962632301
0.00043372485522508777
0.0014306573595895531
0.001457190062577065
0.0006674516491910532
0.0010885383012708728
-0.0004610903568969054
-0.001690831898800433
-0.0028523666720646963
-0.001954858049403283
0.00047051702035324583
0.002754492768289072
0.001609802976729848
-0.0002755289124082964
-0.0015223427878773448
-0.0006874073247348929
0.0001464999517244555
-0.0018907785890334749
-0.003257772349185917
-0.00238525955807283
-0.0006267860577001605
0.0022252145622601678
0.004500968851790936
0.0035257319088451786
0.0007978083924917988
-0.0016847427523065954
-0.0021728940573658884
-0.0009128446500729474
0.0008859444577619591
0.0028767054326090443
0.003834458880057528
0.0025643102511213717
-0.0004510246728959106
-0.0016849624007783436
-0.0016099171920021906
0.0005409972972766003
0.003289060253627251
0.004447738319594349
0.0027942694396723986
0.0013854136925756306
0.00027473131281927825
0.0002552078787473603
0.0017150919399811894
0.0033559130935581485
0.0023846462622080745
0.0012415370456994267
0.0030828052024857405
0.00496046385368955
0.00319689109176577
0.00012405696435982544
-0.001595197009455428
-0.0018271921429431953
-0.0019243681094857031
-0.002158148374206244
-0.001584306603462903
-0.00010077779923830716
-6.52673537993257e-05
-0.0006010715921199508
-0.0007328339961210035
-0.0009546200415348207
-0.0003857701841242067
0.0001773688643829359
0.0005564414639381799
-3.421158286040136e-05
-0.0003484788945625572
0.0013105178248633313
0.0037923639783003405
0.004730719005958719
0.0020643085771040416
-0.00030901867326179494
-0.001655229389205737
-0.0002908455187506914
0.00024802075072435383
0.00030396708284725785
6.433818855304052e-05
0.00021410908612136908
0.0003901610703272892
9.379032425655093e-05
0.00036162859175711826
0.00022985550039939396
-0.0014620392628333194
-0.002023860296221258
-0.0007600960382805445
0.0014503217583491466
0.0013960801918364765
0.00043591741116461437
-0.00032012492745408345
-0.0009848655311709372
-0.0016147703465044664
-0.002046567293604188
-0.0016046781627536083
-0.001500119812365627
-0.001631898751758421
-0.0001203992162061168
0.0005880160398085584
-0.0003263698270653696
-0.0011458824294933129
0.0007759382354069141
0.0011987519254979566
0.0009719152968832845
0.00010767409876931113
0.0007779496475990471
0.0009259358187614654
4.728647878958882e-06
-0.0018477627160370614
-0.0014886912737618271
-0.0007481302673425158
-0.0007129971990459467
-0.0016196026282665021
-0.0006316777406880757
-6.802273443617013e-05
0.0006594670666381989
-5.812404150245523e-05
0.0014419341783091283
0.002351035109043867
0.0011120343985788529
-0.0015463151171297576
-0.0023289122511243464
-0.0012385323676805495
0.001144762261320838
0.0013264193744120527
0.001319551659175869
0.0024849216516358383
0.0022105195606333633
0.00047414492582386713
-0.00028873416451349117
-0.0014806806557701307
-0.002357713386949782
-0.0027100617605323803
-0.0010998305085957063
0.001067133353395112
0.0015657642444495234
0.0012149795686126161
0.0009167710044787581
-2.5914774317894643e-05
-0.0003055701107327263
-0.0006327203181512494
-0.002338589462495375
-0.0031092624313850603
-0.001900229462150506
-0.0005241773978162572
0.0020779522317794265
0.004513417879879953
0.003461141006172925
-0.00016868044449563978
-0.0032293022540905688
-0.002426569320015413
-0.0011721427876610164
0.00032263936690064344
0.0033911308194605858
0.005306767036597795
0.002799020482735026
-0.0005214886899233586
-0.002555192033176296
-0.0035324088920034146
-0.002110886616560788
0.0015884083704617575
0.004189854136219839
0.0018982825206157357
6.33029674860135e-05
0.000531944047544693
0.0013167496316400537
0.0017143572300555964
0.0015187703585945514
0.0005574628595652878
-6.380199527020319e-05
0.003119271349384388
0.0062825099410935125
0.0033718219085800494
0.00021429019421603768
-0.0019339610035217047
-0.0027071741207915874
-0.003171458522902933
-0.0022283485102341074
-4.420233831535232e-05
0.001723855667120981
0.000836340088556798
-0.00039638589936705497
-0.0012157995686132524
-0.0021699353873098947
-0.00277935189532537
-0.0018323852768530094
-0.0007365427799021845
0.0003152009922736051
0.00012615247475700826
0.0008214124728019042
0.003345161020308063
0.005101280931865041
0.002340333455144785
-0.0007409319078400619
-0.0021339853889361915
-0.00019669773045307288
0.0013959998625763894
0.0010774621327635692
-0.00031172249387698776
-0.0012733062175287358
-0.0011198039885039917
-0.001647616029147795
-0.0007812635658408689
-0.00018035539727856165
-9.470483317673803e-05
-0.0006704405549099033
-0.00035658338390457355
0.0007829308665830213
0.0018296209269776397
0.0023240475083430787
0.0011032886098067192
0.0005033077770462611
-0.00048082593479526083
-0.0016950839369413151
-0.002296442175923652
-0.0024617099741798274
-0.0022798623870975182
-0.001177035472620646
1.9175776563373195e-05
0.0002708517218840121
0.0006242445394596523
0.0017159360315893693
0.0013004843771826243
0.0004835083538129541
7.086490301378193e-05
0.0008390153193936481
0.0015369524586727747
-0.0006490032481110621
-0.0034357732031231876
-0.0033705260744552002
-0.001742906891296055
-0.0006702616796635336
-0.0012818028675055512
-3.345080009989603e-05
0.0015195901512018565
0.0014751216249514563
0.00033189491144405045
0.0006275593995940473
0.0010182128107270039
9.237538814323837e-05
-0.0020758966515530795
-0.0027575052163928376
-0.0015196201955582952
0.000402649411956057
0.0019894335394127845
0.0017823373331226958
0.002431866424207179
0.002352593222173517
0.000813160472113554
-0.001245464248794818
-0.0017807984584657557
-0.0020695579476604207
-0.001360511739211183
9.509295315505761e-05
0.0006941208060527432
0.0010471931020550052
0.0010511598852701992
0.0008418469006760902
0.0003946087296812403
0.0007434681050278812
-0.0001823839478423235
-0.0017797242904373258
-0.003776022284517383
-0.0031371654630479246
-0.0019284995483593674
0.0005054248536861169
0.002519008641731754
0.003171158555235017
-0.00031708722616719844
-0.0034230357108288507
-0.0038022323488261555
-0.0020001163345064587
-0.00031936691858666037
0.0026716678662563388
0.00378276002651664
0.0026399071176626994
-0.0003770233185410397
-0.0030680889518948998
-0.004346528704609514
-0.002627159740440572
0.0016086363838597518
0.0034499102351657545
0.001242984201431054
-0.0008095375922233964
-0.0001720565985624436
0.0006765718302876946
-0.0001356481035510868
-0.001072613767733935
-0.0012527935263947328
6.354684064080322e-05
0.0028853714912426636
0.005163083869704085
0.0032994335275713265
0.0009113832030603409
-0.0006316245184456869
-0.002236793585810821
-0.0026027795696121226
-0.0008654434590795372
0.001764720486680917
0.0021872606935742942
0.0014225689561815635
0.0003542236123484904
-0.002253035094553275
-0.0033180214121425423
-0.004043435636425247
-0.003321236985946932
-0.0015713178963880222
0.0009045834404311239
0.0006698476160193728
0.00017861741177865534
0.002234372383167018
0.0023049198881284487
-0.00030441971680813347
-0.002753967528499908
-0.0018719592910591714
-0.0005149749920529725
0.0018514244914348678
0.0013778812346393204
1.944256751989029e-05
-0.0008091116515532247
-0.00164732545739884
-0.0016541741385877353
-0.00031835428952396196
0.0007523849749943302
0.0012927690707630612
0.0013906664396227159
0.000282644135092118
-0.00020285797768576403
0.00143206091086564
0.001903368662542659
0.0012173764949055552
0.0011206833667888642
0.0012163665039277311
-0.0001538543206739423
-0.002282157396684117
-0.0033499339943901868
-0.003215583056676555
-0.001808394387755184
-0.0003277996571603022
0.0008299442406514868
0.002410245888522944
0.0007801714465074706
-0.0005640806926622602
-0.0008312217909891557
6.437587718523697e-05
0.0006490727084987951
0.0009461361208228244
-0.0015413524552923953
-0.0039578454900086124
-0.0035473547158220396
-0.0016358149009455408
0.0001990970586198289
-0.0008383322957569591
-0.0007018002139469613
0.0008169067975247958
0.0013488631391449912
0.0008645968578461612
0.00023259716594434444
-9.927039197999068e-05
-0.001191841530266208
-0.0029077337718632235
-0.003121736215393969
-0.002473253305409157
-0.0012198894227446293
0.0012475302932238095
0.0019268807057639102
0.0014295387015230273
0.002243799853163981
0.001324604847102776
-0.0006268390458925038
-0.0016530459388698299
-0.0009381697701859846
0.0001278325123783338
0.0010161883185454835
0.0005216015594617714
-0.0003443739196744381
-0.000666213777267468
-0.0008986040543178341
-0.00011519113295031672
0.0010674458988692672
0.001638972769248508
-0.001228990878930204
-0.004372089392383569
-0.0045260758967369495
-0.0033304127648692066
-0.0015910482876422233
0.0012493544978235968
0.003109184531091546
0.0004897383155266109
-0.0022588967105003285
-0.0038987214653864247
-0.002262475591487709
-0.00020242181868118593
0.0016223535655214472
0.0013754780860454677
0.0012323692782659158
-0.0007854132326772197
-0.003269276831277844
-0.0035750528517365992
-0.0012260520942739168
0.0013818299360809638
0.0023161623589799066
0.0010220334563545814
-0.0003219832347619593
-0.0006703220873598615
-0.0008564194339529959
-0.002301321910832427
-0.0033620840566115995
-0.002278322348108587
0.00043668595284455524
0.002766884172536875
0.003556844102707355
0.003273909788618957
0.001825231839035075
0.0005572619100159433
-0.0012726787570961611
-0.000727820872269565
0.0004629741247428401
0.002973170266372641
0.002925297033530401
0.0021023117870971504
-9.916014855246432e-05
-0.003423186272047609
-0.004386853820893834
-0.0046759175912478735
-0.004236332145726909
-0.0018097254172110655
0.0009262390887411331
0.0008821591870585202
0.0003955030012856892
0.0008504599868066249
-0.0010933710902325472
-0.0036847700071075927
-0.003135700273769469
-0.0007037166680325792
-1.35014895566003e-05
0.0006895591775654744
0.000506383066033866
-0.0003799668454863986
-0.0008889359982468023
-0.0015272426233376062
-0.0006403519178810708
0.0017766728213008645
0.002360853485987363
0.0009917245591033535
0.0007103389949751306
9.384622016796201e-06
-0.0005030693834908819
6.366186248224623e-05
-0.00043157540437301415
-0.00019006587718940965
0.001214413625430199
0.0028229516647943795
0.001060241717646216
-0.0023443311163737967
-0.004317333475804778
-0.003230844560384843
-0.0011712498121888933
0.00035040178190265034
0.0019418999806203273
0.0019707142925258223
-0.0010661116697657075
-0.0032599599401209795
-0.0015789472553583758
0.00031796212496003416
0.0012900740289201076
-1.2422446178696363e-05
-0.0021266657914183968
-0.003133154798391798
-0.001772019437927429
-0.00037599283393972274
-0.0005134037084429598
-0.0014877140055211163
-0.001867159536522811
-0.00037344679257588187
0.0003257255320905016
0.00021189549670330514
-0.0006064673331294488
-0.0005586118954866168
-0.0023354646879896364
-0.0037211678716571267
-0.0037327884995901443
-0.003583805429281211
-0.0016153639343609554
0.0009317732965948729
0.0012772912502753
-0.0002209652801849945
0.00027253221325092
6.777176188254739e-05
-0.0008769934425260301
-0.0007317101500296881
0.0004332522092617313
0.001998039060786055
0.002464588327934702
0.0016740073909926288
-0.0013696580405627213
-0.0026294820497202104
-0.0023548500448906384
9.417336902757279e-05
0.002433834003793149
0.00281276834858626
-0.0009827402304006204
-0.004055019727982055
-0.004420852039370671
-0.003448277196461313
-0.002377537776559517
0.0002833709058729964
0.002134212568812627
0.0018393501979913776
-0.001323224998076869
-0.0026300956450919103
-0.001626970467768387
0.0004854029901899678
0.0009385692223324441
0.0005780996479767284
-0.0013604414806907962
-0.0022354588754990665
-0.004322976921181958
-0.0033107481784384572
-0.0005466121503912703
0.00045256905787447854
0.001903750639995744
0.002217989396306669
0.0008186602195652567
-0.0012338490896312063
-0.0018689369150779226
-0.00358855664270226
-0.004394114953350386
-0.0029400588515895725
-2.356273835244665e-05
0.0031006424687994296
0.004265959450202161
0.004004930527863411
0.0012684358277742019
-0.0007636369355689461
-0.0014162211839072586
-0.000558462810569644
0.0011685338608145189
0.0032552617735680865
0.003323837391594991
0.001229877673244601
-0.0024210151303786414
-0.003996221124912396
-0.003136096546352915
-0.0019686490395451517
-0.002563398287486052
-5.232009084082056e-05
0.001212608499089275
0.0009674194492545721
0.001015233373929702
0.0009084503887793452
-0.0024741026988894226
-0.00418416183874114
-0.002123575599122641
0.00037123611145235596
0.0003313347987605965
-0.0008812196198158453
-0.0015732105171696218
-0.001366329019918033
-0.001617142131444563
-0.001747678286230484
6.044094067668947e-05
0.0023230648636436823
0.0016079892088015585
-0.0003280766082854005
-0.0008555188232185672
0.0011640360338499728
0.00090543869278235
-0.0010657609653736033
-0.0008293201183365714
-0.0009682587555418266
0.0008798069798226198
0.0022977011978065265
0.0012331333543858175
-0.0021260836567297005
-0.004515923512574195
-0.003433360098383794
-0.0009305303588583319
0.0015194708657468626
0.00251100311903977
0.0014041847112357777
-0.0015765054475948208
-0.0042163614688527275
-0.0023367786790168352
0.0005808586811474362
0.0015400173092487768
-0.0005901263896083916
-0.0015915256169016633
-0.0006371026277118073
0.000765010168158748
0.0009079415237211387
-0.0021863786525947596
-0.0029253414571531106
-0.0027612090008180606
-0.0006800043346710779
-0.000933838006313943
-0.001315198512138755
-0.0008821298479326176
-0.00030774366142605994
-0.0010962827498388673
-0.0030520495371441875
-0.003792640821338372
-0.00239556035697222
0.000299200861020981
0.0020086474088976914
0.0009520275067091401
-0.00017335319294511535
-0.000565078471135639
-0.0015761221748036265
-0.0025654387775564396
-0.0007052515464108372
0.0014388377326212903
0.002343485896194147
0.0027955195490605577
0.0019029474685624353
-0.0008893720397689464
-0.003428315818258246
-0.002325624769285788
0.0005648828909716621
0.0036257659471957355
0.002374275667947351
-0.0005647192956290776
-0.0020597378178300475
-0.002171137199513301
-0.0019340926972435826
-0.0015328126748111173
-0.0004340502175047419
0.0007562587468946804
0.0013448901074458914
-0.0007598275038489926
-0.0014151022228019983
-0.001593711214328192
9.88472621894521e-05
1.6349966674742778e-05
-0.0003539169205614793
-0.0016519412242311073
-0.0028883463452946167
-0.003936840706318029
-0.003207463207959576
-0.0014372618283684717
0.0003717572040265709
0.002506574505799518
0.0031648912754498664
0.0005785709339599052
-0.0017092593850768644
-0.0021719770206756737
-0.00332238327847207
-0.0037945531752175583
-0.0026728125980252826
-0.0002930609034468648
0.0030738651882975553
0.006039379571111248
0.0051413366434215745
0.0010273509870516659
-0.0028484197826713843
-0.0026371675350216318
-0.002401778629541981
-1.6024515116632618e-05
0.002066839128222137
0.0026280076345321863
-0.00011251881954319463
-0.004211793452029822
-0.004066846236118566
-0.0012552266754825557
0.001213218529329051
0.0011557250156013464
0.002554222718027007
0.002334216711866217
0.001426165098947245
0.001754164104818922
0.0012923418107682687
-0.0012967249398345001
-0.0025554486002827164
-0.0009814092382718555
0.0005608677120170686
-7.263622454953839e-05
-0.000538560821081957
-0.0010283120927075601
-0.0008907546865759581
-0.0017439115665073624
-0.0013220159547593614
-0.0003940414075071937
0.0010855676617350016
0.00011242695761773001
-0.001130514981806358
-0.00031712229273901454
0.0014503184284622977
0.001720955099003804
6.0935779261386076e-05
-5.985238289383087e-05
-0.0006659791989592235
-0.0007743785539235078
-0.00032364606241986325
5.8740653602444137e-05
-0.001030279278884224
-0.003397793042238822
-0.004506355636772677
-0.002332925690697998
0.0011037601341666735
0.002035578190491847
0.0010808102523846602
-0.0006782284430764543
-0.002643363226223109
-0.0015915903215245567
0.001502811251683483
0.0011878051464687869
-2.224851497702662e-05
-0.0003396098330944006
0.0013039131880422299
0.003095747983457866
0.001421296946629783
-0.0022888367673807412
-0.002644985455279775
-0.0017938292737362529
-0.0009119437073644744
-0.0013251154701492574
-0.001978503673601466
-0.00020964942047763026
0.0006554672661380591
-0.0003852336611107302
-0.0021599369815047346
-0.0033312508333641117
-0.0008603311241937874
0.0013050738055380264
0.002936836947337017
0.0026570265930344512
0.0020200851042425126
0.0008695355416713596
-0.0011723229509253805
-0.003170453906124842
-0.0008727420572095438
0.0016148176051910981
0.0016764611478055236
0.0013033567481292563
0.001064345193780743
9.887918619681715e-06
-0.0025780841007098866
-0.0025048388418172827
0.000724869713323735
0.003483634638308218
0.002081951536363046
8.614871532650368e-05
2.6562719906199914e-06
-0.0005687783196532653
-0.0013727074683596114
-0.0004875872822728561
-0.0005700207398258411
-0.0009850938710875804
-0.0004941123824409143
4.541381875578193e-05
-0.0008131225131253645
-0.00017115517651777824
-0.0008515805930580542
-0.0008813692374773485
-0.0010310438397687595
-0.0006849944141787862
-0.0025865130841787425
-0.0030496462823138117
-0.002077290030861849
-0.001288563196073774
0.0011835785598032856
0.0037516914508626377
0.002985349762511917
0.00020920475296720914
-0.0013592121522252318
-0.0018667231852280098
-0.0021110114926676258
-0.0015809009612370152
-0.0007530788019409608
6.565620481859143e-05
0.0026566179342262207
0.005983902326643141
0.00528350668515437
0.000957910650204705
-0.003212667463939837
-0.004415826889092725
-0.004385780318541468
-0.0013088220301910973
0.0013998164770859943
0.0020370043574173087
-0.00015722435799070292
-0.0032601868810338453
-0.003320907375243165
-5.376465409655793e-05
0.0017190508795979927
0.002356018726352811
0.0033069268155531883
0.0028289838234862256
0.0023754325544602683
0.0022205139075360957
0.0013153107825866486
-0.00031635228899957297
-0.0016531753133270555
-0.0006436466736112092
-8.37580760410146e-05
0.00010140043033758249
0.0013537894094727305
0.0015541162727266322
0.0010930750223716375
-0.00027337251390295483
-0.0009712408366021923
-0.0006669997595726729
-0.00010413696681617346
-0.0002168281510965055
-7.152326915832105e-05
-2.9442651157737533e-06
0.000238709934888423
0.0001846616610955002
0.00025946790560083503
0.00045595997264176295
-0.00040119200453311957
-0.0020343398291222583
-0.0015647186739341855
-0.0002948907740596817
0.0006860370102689777
-0.0010393311300447524
-0.004132134822439142
-0.003254187950506774
-0.0007489211029254842
0.0006315885884449061
0.00011030133393708939
4.088994867271038e-05
-0.0003199536668786996
0.0006720406205535071
0.0020044718300262125
0.0016200284922266975
7.065127536424228e-05
7.300868711386218e-05
0.0014694415095955256
0.0021626701823719992
0.0004732955142762412
-0.0013322032980036466
-0.0027039103098905467
-0.0014414845454906607
-0.0013650057886671284
-0.0014770083043970633
-0.0014130923378858173
0.0007404804780912912
0.0008417540620795372
-0.0013724863447168425
-0.003181928191797734
-0.002829401409757926
-0.0006424061555070078
0.0010901000237679087
0.0027106136889078884
0.004959793946057707
0.003881735464910591
0.0028399619358856257
0.0008088383515868016
-0.0008752363171145446
-0.0007571105138082738
0.00113811523636851
0.0009087961098014662
-0.0006362604841459139
0.0002111541011196173
0.00015870728312359213
-0.0007706720330567741
-0.0010243418903919067
0.000723562183335847
0.0028181579059454705
0.0018258286592210808
0.0011260728554089714
0.001122291051297705
-0.0005207770724663574
-0.0008619086927762561
-9.558754406497195e-05
-0.0004920759361814002
-0.001781400804431463
-0.0011173001084031444
-0.0001636870532156369
-0.0005927085475470364
-0.0004042389738144761
-0.001530544814783955
-0.0013892903745106105
-0.0005274233108251548
0.0008168356367634628
-0.0012167967120189213
-0.0034076222492017048
-0.0022258344106998243
-0.0001394229664321581
0.0015425958797883668
0.0032575437663694673
0.002905791667172033
0.0014798305549178583
7.465021959928353e-07
-0.0007579126410590677
-0.0009971612793576055
-1.0643978508186437e-05
0.00021415891479059234
0.00039151220149377837
0.0013934427171839862
0.003986362349660766
0.0036231299365754744
0.0007993900088122728
-0.002303800835721642
-0.003968500020984905
-0.003390490191276894
-0.000819578708644499
0.0018325138166620063
0.0013943003807027482
6.065263893922858e-05
-0.001380472034525439
-0.002011793367530913
0.0005064737552762694
0.0008020641750805595
0.0014638838290065334
0.002009488934256599
0.0029542056788026527
0.001699937513976781
0.0011131598243831716
0.0007942184035098392
-0.0005771051019543992
-0.0014621810936453926
-0.0005902817455834539
0.0001814971689256162
0.00128349286645419
0.002222134603942145
0.00298605829395249
0.002581338930251972
0.0009046045293296818
-0.0013517995784051377
-0.00022319696442219428
0.0005296569996863103
0.0008609822211321829
0.0004430195149028511
0.0007086105913374036
-0.0003341676116514778
-0.00033891110688836557
0.000214287975981355
0.0003565420882549645
0.0001959007731595184
-0.001118156671748981
-0.0004703880555276589
0.00012384072554296865
0.0007682020388402099
0.00030271993135859475
-0.0021214993983848704
-0.002537835106978216
-0.0014053473115858918
-0.0006416690018591022
-0.00028008510309582405
0.0003231274790727812
0.0018312834360353686
0.0030895322580545195
0.002764185470014147
0.00258849048048873
0.0010266709961822685
-4.732008005256809e-05
0.000166921911814096
0.00046714807823105983
0.0003221446350707238
-0.0007551860574640817
-0.001979741794802323
-0.001727613469090328
-0.0017588698287967514
-0.0020362447372605837
-0.0012181569490358369
0.0005762942584918478
0.0009008569054323749
-0.0009898395014942194
-0.0032345583868195714
-0.001847626204010438
-0.0005736808842265627
0.0013012154147116995
0.0031765934817550344
0.0046605962355380426
0.0035056771610529093
0.0025613101472138577
0.0015218574059684938
-0.0007253004560948502
0.00012837114474582292
0.0007591138203491912
0.00033367160951922417
-0.0012337725540923277
-0.000937883049898249
0.00024823093610837625
0.0015168348921702159
0.0015169284009343992
0.0017189181873325083
0.0022338778245398656
0.0016670880551774012
0.0012608311588834626
0.0007824922492287898
-0.00048111941936935783
-0.00026150904450825433
0.0015252259743439123
0.0005448964465050052
-0.001006103465462595
0.00016652150942318396
-0.0004959671711082773
-0.0014699147696706676
-0.0018797238181948066
-0.0015186869543490052
-0.0004038259833334762
0.0017552115829411255
0.00263334803154556
-0.0005621065175866239
-0.0026554031967586282
-0.0015734716617289693
0.0002062834854857761
0.0019047488771979173
0.0016659140599266445
0.001942317119401918
0.0013893732622470144
6.223935321881152e-05
-0.0016727163561372623
-0.0007944172945507804
-0.00039713025034977996
0.0010460240377130217
0.0012763971038220188
0.0013005115013692927
0.0024280084456634486
0.0024587329607301
0.00045587973866202756
-0.0009389287958947491
-0.002511174347009783
-0.0011838201568162036
0.0010331068915315623
0.0026945368560920713
0.0015285155004268803
-0.0003735250150502542
-0.0015295466245715868
-0.0019542592698454037
-0.0008633042804200467
-1.4097398612188715e-05
0.000898334407054837
0.0026755468390067304
0.0025317367217310757
-0.0006061005091429071
-0.0016470112162339646
-0.0012630207063619198
-0.0010989088356627354
-0.0020838147824733004
-0.001207423251922893
0.0003542897005473088
0.0016814113525868458
0.00202102874106216
0.0032487442507059977
0.004226257903387118
0.002466591685788287
-0.0002506048113927426
-0.0005881331732927604
0.0009981426280039358
0.0010379495820184797
0.0007983134432686267
-0.000367269082880587
0.0003476026420449445
0.000911914625078624
0.001607473477457932
0.0009088189072396897
0.000636146487632131
0.0010678411702176437
0.0009499820859640627
-4.1832536166888775e-05
-0.00034716309820776977
-0.0012183265562253868
-0.0021522483266624174
-0.0022108193080777982
-0.0016125904071013731
-0.000506290959460396
9.212056328563114e-05
0.0017069573655795621
0.003096306839935686
0.00411961109348682
0.0030237454331305163
0.0019247087873599626
0.0015198415634032317
0.0008273947259239847
-4.280861157555547e-05
-0.00023219378566659082
0.0011697642441149416
-0.0007781763609200923
-0.0020728940185702747
-0.002918060088735951
-0.002203580842707338
-0.0016424100183485063
-0.0006551873502810432
0.0004778131440716087
0.0012566965217906127
0.0007304147284848727
-0.0013497561447125175
-0.001430465896936327
6.27545659225575e-05
0.0018842321888938023
0.0029189317733128023
0.002314034468123524
0.001236195954710313
0.0004795785285128672
-0.00011411669325474196
-0.001539461036211564
-0.0002760114349998066
0.0009249596974459438
9.324144981812544e-05
-0.001044521965813604
-0.0010050380371738796
0.0009793650480330528
0.0028584012845286628
0.0020025556538065285
0.0004181801355655564
5.466632490495397e-05
0.00040920733346664446
0.0005083123057192373
8.04855352766129e-06
-0.0005254120687341632
0.00013189223011157106
0.000980294890522104
0.0003440595545534677
-0.00026180059496292926
0.0006253146196508338
-0.0001855385273049753
-0.0014951222498915976
-0.003155188527250122
-0.0017043555224315165
-4.903869212817853e-05
0.0014366182567734519
0.0018348746426985962
0.0005441015270238386
-0.000610561640787368
-0.0012284120408618975
-0.00025629459813324997
0.0007529769337369755
0.0010218684495422934
0.0015048119287639013
0.00027412645110602187
-0.0019636811378074535
-0.0025922210131366316
-0.0018633994761520687
0.0001998045008681557
0.002126703486512141
0.00282443591165385
0.0035757495104934106
0.0036606249664904124
0.002953293023573381
0.0007857738796094753
-0.0013685773098658111
-0.0018901427537266055
-0.001770667860945323
0.0005579269581294607
0.002013702686167096
0.0022658389690141697
-0.001032713452642618
-0.0020720245303273497
-0.0020506824256892953
-0.0007735139786330567
-0.00036568268490586194
0.001432317047205515
0.0028779312840918917
0.0013548104228044595
-0.0027077481851499217
-0.003705183738837068
-0.0019084401654777348
-0.0003991833636133046
-0.0009121630623497665
-0.0006588873696265762
0.0008661300400361941
0.00091316638945452
0.0007017235072883274
0.0031876168790557417
0.004884217360477394
0.003487076019268392
-0.00016787407960727182
-0.002252938775022664
-0.0013015521036769616
-0.00018509321813948488
-0.000540253972366632
-0.0001010547347680457
0.0006060408836249385
0.001877128535146569
0.0005068584044718711
-0.000905767494249355
0.0007318280341982661
0.002574297540329686
0.0017355182605334782
0.00030752715746488427
-0.0013521288521163943
-0.0031784579096984953
-0.004739110115428561
-0.0026624648100700902
-0.0007182962874640434
0.0007622618006934601
0.001293596276605923
0.0014972528883889467
0.0021922051939041298
0.002339500986872648
0.0014312933777706788
0.0009028470132702343
0.0013998720343223708
0.0016615484761240192
0.0002921442440103568
-0.00016783482140487067
0.00016688060472796996
-0.0008147852623778642
-0.002478104222985415
-0.002868874502421908
-0.002731869393213136
0.0003451175385381582
3.313844354480586e-05
0.00015059527004795134
0.0009435202497816772
0.0002260621364591533
-0.0006751032114884619
-0.0014431901214242554
0.0007881997099973743
0.002158753778925411
0.002820828830023929
0.0009210621645382142
-0.0015182476783020525
-0.0018417229099260313
-0.0016337480946294323
-0.0016730712312878942
-0.000372612543853291
0.0004756108780488921
-9.854181404143816e-05
-0.0008369391872463385
-0.000863940307074899
0.001121177605142072
0.0035120080093563864
0.0017034188929561053
-0.0013107925187940824
-0.0020474010789571966
-0.00020174561746222482
0.0002861763408113494
-0.0008713942744972935
-0.0009704723288034489
-6.569837233969585e-05
0.0005365259642159285
3.360377756073975e-06
0.0008936834153108991
0.0007000312349500499
0.0005922188398526714
-0.0008583296248058009
-0.002128193822616361
-0.0019363110774524971
-0.0010597684117568352
-0.0005463158263146434
0.00013292960465159968
0.0017756779585300939
0.0009466485399798753
-0.00032472878523629486
-0.0008481305032995337
0.0009161624808637135
0.0016036243289759798
0.0008580736187958143
-6.894046271063425e-05
-0.003142415430396641
-0.0032122894149140923
-0.0019494546698466222
0.0014849363617570142
0.0032400487417554528
0.004448843738272781
0.00461744789346356
0.005637797520869937
0.003924684991699962
0.00109355943088621
-0.0015576454838852312
-0.002540531651358644
-0.0036258677564784863
-0.0014017987468812711
6.1776914821865e-05
0.00024342338313376017
-0.0009572568655608438
-0.003603353617997224
-0.0016479387780686929
0.0004451380529878462
0.0013214164319645075
0.0018072540425795752
0.002803751228984514
0.0006725680272536125
-0.002041189945289838
-0.003609772062479955
-0.001720060134366972
0.0002862710194115561
0.0007708593338837631
0.0011154452905695299
0.0011035113161912543
0.00039113593194543914
-0.00020163727441196034
0.002952226745905546
0.004503190260059674
0.002098183184809064
-0.0014362889299374788
-0.003945553444873856
-0.001991053542951672
-0.0003037572567159868
-0.0008008541228680067
-7.010915080019034e-05
0.0016752063423996885
0.0009084449081679892
-0.001478469777288237
-0.0020021601138501552
0.0009574283866189665
0.003591491057243778
0.0028413623756675887
0.0004391057275743928
-0.0017800187418939343
-0.0036793901835438405
-0.005184449813955452
-0.0024701998779678765
0.0009893726398139532
0.0017285013878324193
0.0013315849757106063
0.0013676724166428078
-6.198725234690726e-06
0.00022896735627950596
0.0009218330301809673
0.0009384201853885103
0.0007046839215385386
0.001439441191337416
0.000411200206018366
6.96290829048557e-05
-0.0004257305961860308
-0.0017461471999780415
-0.002551481522319199
-0.002347477409097284
-0.0012460936238164492
0.0012666286537633589
0.0004034366795502232
-0.0009825868752509227
-0.0011341373021300778
-0.00238322737532448
-0.0029263526201980345
-0.002064036867895318
-0.0001995416613340933
0.001406905028589395
0.0013912471384997203
-0.00034025315258870664
-0.0024559969479970105
-0.003555739728953621
-0.001838926621504822
-0.000289511305258869
0.0008412587088616251
0.000619433354617261
0.0007839955648922754
-3.2955333501349894e-05
-0.0006377536270716442
0.0007276767780651396
0.002215088058741137
0.0007719380165880093
-0.0017888572036978724
-0.0017517861825035418
-0.000981163040374702
-0.0010468013717732313
-0.001796831231157331
-0.001539542899271671
-0.0005913376731110425
0.0012038216324716505
0.0011645414179364852
0.0018067139360216388
0.0008411118225875537
6.511532640257503e-05
-0.0009629223391098129
-0.001380314461707839
-0.0017362931352659543
-0.000945297384300824
-0.0014141078815109289
-0.0003155326640352713
0.0015844476230834211
0.0022162925420879465
0.0006921459195157944
0.0002521921750086062
0.0021243464786596077
0.0014094458695260966
0.0015506541645105795
0.00011274363407600145
-0.002971764916073396
-0.004218941584739627
-0.0017853696045299656
0.002326268639816075
0.003759663012600171
0.002822955771695134
0.002173519222078937
0.002542579297660985
0.0026567682104658634
0.0010967208662489678
-0.00022035013427193864
-0.0019509927571568998
-0.0026143643054735975
-0.003125236936470476
-0.0024382181796975635
-0.0013958928896334207
-0.0015717837557726326
-0.00276689606815637
-0.0021442936781302466
-0.0005721337902482104
0.0009597236162032251
0.0016406566054369262
0.0012438391052494084
0.0007996182152918798
-0.0010704678203521047
-0.0026163732988705264
-0.0017956839704274838
0.00021051888259037484
0.0018312414282286086
0.0013407638956490892
0.0006746761719631218
-0.0002557820758740004
-4.358320145677946e-05
0.0026341569879902603
0.003483179649056088
0.0005060036375027116
-0.0030031761482602077
-0.003639294741510434
-0.0009574987932456659
0.0004528800417276837
-6.163258987899249e-05
0.00013669448799762734
0.0014134421697136424
9.573739365307306e-05
-0.0018381959157297582
-0.0015180630473780085
0.000802590384789797
0.002504449793105484
0.0033870976269760197
0.0019403845478883062
-0.000970400384038727
-0.004056430470833311
-0.0033569620672262357
-0.000745430768174939
0.0024218995094800605
0.0018032619093183613
0.001072092248359182
0.00047653680970190053
-0.0006576574695434207
-0.0013313264135881733
-0.0006407413519873324
0.00010279388484820751
6.212434984758579e-05
0.001202643908632213
0.0005711155775854647
0.0007906987590303753
0.00047944487537770737
-0.0015497199607293814
-0.0028719616053430454
-0.0021188893481054417
-0.00011726957134243901
0.00038326371370495853
-0.0007696535891911317
-0.0020554663285656926
-0.0026801542073197865
-0.003581375456920017
-0.0039471431082893456
-0.001839790346251361
-0.0007093495195830499
0.0010629034736611654
0.00021005206393243504
-0.0005563193991575837
-0.002348764414979682
-0.0029811487656836878
-0.0008119261666910638
0.0005495601347134062
0.0008153508862406491
0.0011353991674397535
0.0006859853056519394
-0.0008831678718366507
-0.0004827683933701256
0.00020455104752517973
0.0004982311351657437
-0.002058111938788949
-0.0031996829761988506
-0.002183084986139433
-0.0013070383925328703
-0.001022703539908186
-0.0007354422165548359
-0.0004732425924732534
-0.0002532762906910076
0.0005549330333211984
0.0021203383253709882
0.0022855311174611592
0.00029913439638117983
-0.0009716851972614479
-0.002082459201568816
-0.002235330655172197
-0.002011696973919335
-0.0014045182324517766
-0.0014151188212095749
-0.0007464868930638264
0.0013377834525077027
0.0032304284823790235
0.0021221381578239613
0.0011670330904932878
0.0009137933050110128
0.0016491032995668313
0.0013610540916113329
-0.00015466333826018286
-0.0033094367819603036
-0.005035106971201332
-0.0011405962308659431
0.002174090466797436
0.00419962282027042
0.0013932049682345976
-0.0012050043287150846
0.000511476579922244
0.001931346233674616
0.0014907276129501826
0.0006247289069238413
0.0003707684871899589
-0.0011898986067009583
-0.002565449330327057
-0.002681833493916882
-0.0014643299189191908
-0.0006748750591273579
-0.002033499291990832
-0.0024879196505731673
-0.0019216312456945142
-0.00061186292301868
0.0009383909954537178
0.00015192108985392916
-0.0006938746580483972
-0.001295286933835927
-0.0012619177966766686
-0.002112500775693844
-0.0002702408881474491
0.001093477158597007
0.0010453942561696088
-0.00045749110668638605
-0.0006430507106939562
0.0005468018609549203
0.002565678820464582
0.0026105824829044913
-0.00029905152529746465
-0.003754217310766619
-0.003257509291809962
-0.002087352541967632
-0.0005417208359261406
-0.0014751653755908205
-0.0005871367547144847
0.0007617428413328795
0.00014703253368993823
-0.001201641720529262
-0.0010420267068346062
-0.00016281033100190914
0.002705588359892609
0.004342039963528311
0.004251260447151724
0.0002864486579896983
-0.003482543225512236
-0.002797127857247971
0.0006874645026425842
0.00281097353919259
0.001942316894126345
0.0006208914262771272
-0.0003920864253448683
-0.0009334279983506573
-0.0020433811177585906
-0.001655112723170729
-0.002096504378930569
-0.000470406826383044
0.000620952789251759
0.0007203455322621992
0.0012824669151655064
0.001662057219436582
-0.0003901502654691908
-0.0024440684438813013
-0.0019376131281388699
0.00019407435495980322
-0.00021705331392082627
-0.0014212839763457254
-0.0013785737595069212
-0.0027654743647449005
-0.003377552193534097
-0.001978774574031056
0.000362440181913666
0.0020030455567178903
0.0021989991766477156
0.00165849155511777
0.0004439248357053096
-0.00042047942024922645
-0.00019955128219812719
0.0003821604625848995
0.0009336111885256744
0.0005730563395800212
0.0004119771856985205
-0.00011486289973541651
-0.00182545645651459
-0.0010602749095556638
0.0008768106985091765
0.0005943207802359873
-0.0014667960073891275
-0.0023157165483130857
-0.0015830070523299399
-0.00048030463152189714
0.00021030386511340258
0.0005852123109731286
-0.0002479313051750335
-0.00036759374452776815
0.00010747618090910108
0.0013950235802187867
0.0005708329336416554
-0.0008108857289110676
-0.0018860961304737209
-0.0016590000906163648
-0.0025879125149820877
-0.003114028851134075
-0.002900218055578294
-0.002382230592994406
-0.001608050267835942
-2.811932022081458e-05
0.0025734346957574355
0.0023516693398539755
0.0009555122161435084
0.000786632543379974
0.00137855113593559
0.0012666337513911456
-6.195123744667417e-05
-0.0034162754127527147
-0.0031114523392505758
-0.0015748511708649287
0.0015719296414311236
0.002392947664731562
0.0004921611916697634
-0.0006009036781161074
0.0007574883085781904
0.00166401385310801
0.0007368939020535169
0.0004157822297818333
0.0007632398473981575
-4.983991147501361e-05
-0.0012441926728671824
-0.0001907073855703891
0.0010158142866544002
-2.085184392284893e-05
-0.0015311022705608735
-0.001984023565876855
-0.0027394945301269565
-0.001754455259087677
-0.0007198693733503004
-0.0007188195644729895
-0.0008849224233499636
-0.0016626014443836155
-0.0008074916918383649
-0.0003501239489605936
0.00018059790026684393
0.0004813269577201395
0.0004510426665750648
-0.0007795494878373284
-0.0008213654930108998
0.0008370208491976
0.0014543709576998597
0.0012372103847336528
-0.00015411819466098066
-0.0020393572730110217
-0.0024801147127363455
-0.0016521501980169783
-0.0012768587350960284
-0.002544854572501994
-0.0011937911108599241
-0.00025151679382937465
0.00025013655538726177
-8.689406966416909e-05
-0.0001763506974878455
0.0005038500464804465
0.00325322788657901
0.005133632251110203
0.0046427336263042875
0.0011634220191440478
-0.0025021812897807853
-0.003278100610863276
-0.0011123998853358604
0.0013913537277737858
0.0018604736523223058
-0.00032607897581335887
-0.0003624314844090154
-0.00044480460644473637
-0.00038806233881536097
-0.0008894141202069759
-0.0020586684125740396
-0.0003663036428760768
0.00017294598281305656
-0.0003171424565933705
-0.0009308121377345009
0.0007895661494972747
-8.421926411588657e-05
-0.001730239524622645
-0.0011381580619544362
-4.485736378582631e-05
5.768718771925516e-05
0.000493439833672068
0.00046317344323120076
-0.0007525072676938226
-0.002404679000097455
0.00041933824571337836
0.0023924154834664047
0.0030496845795412644
0.0026165746744078863
0.0028874770377026004
0.0019760077857941365
0.0012282854713271476
0.0009857132571071496
0.0013319106681115224
0.0016745954172491815
0.0015757417638951345
0.0010725475685391247
-0.0008443232183976564
-0.0022604220477580477
-0.0011232017541804467
0.001062166398243556
0.0018994108794349739
0.0002537322224486626
-0.0004068768758693183
-0.0008480721304278172
0.0001115643620918864
0.0009474788659347975
0.0009018919887523148
-0.0003387169116676065
-0.0011969824517642253
-2.888183956995815e-05
-0.0003167053463258351
-0.001282403888985965
-0.001828597941729995
-0.0019165243949839398
-0.001973403001687941
-0.0025348435888737394
-0.003300221886966012
-0.002995965679409761
-0.0028741190023301956
-0.0018530856818976067
-9.715633459046866e-05
0.0021663514224843066
0.0025063119550504057
0.0012568777668893168
0.001044970250347878
0.0015512004957806682
0.0022447406638219187
0.0004867454783613285
-0.0014105622478470816
-0.0011262169312654005
-1.4308493103576945e-05
0.0011164437424976228
0.0016901951974337302
0.0009909094258933192
0.0005978023109755369
0.0006870183766045293
0.0005560384800062753
-0.0001277772231365556
1.7719132796099445e-06
8.267896232398231e-05
0.00017653394979786556
-0.00037787846506314663
0.0016096817277396975
0.0024763897654856894
-9.413009887688172e-05
-0.0017539024448351087
-0.0030068404917629288
-0.003312955764182255
-0.0025361747727074913
-0.0017150895055951638
-0.0003644246638022845
8.507441011276046e-05
-0.0010434644318184116
-0.0011827625364349461
-0.000162709727497518
0.000808699191118561
0.0010736112831347437
0.0002187333719275108
-0.0010213730072276405
-0.0010138877064096057
-0.00035207622392576394
-0.0009442639307749574
-0.0009006509611761669
-2.607491337902677e-05
-0.0009598800555309107
-0.0019631745113970656
-0.0006432556274734611
-0.000522751587496946
-0.0010799955380085078
-0.0007737008883029581
-0.0004459710876586847
-0.0002554370452832054
0.00030817995936686157
-0.00017305166488374574
0.00032826195366148533
0.002868951576886044
0.004290557516935757
0.0031099312670324827
0.0006944807880325239
-0.0020595016291503686
-0.00364313191853699
-0.0026253083004461127
0.00027968437175336647
0.0018005076575310524
0.0005062695149354889
-0.00015283753859024723
-5.6913538644833423e-05
4.315694322792039e-06
-0.0017635364245462853
-0.0020976070322005686
-0.0007523962096385452
-0.000295605071129848
-0.0016240515359797773
-0.001543219264151115
-0.00011030306809318473
-0.0004348603048582556
-0.0011735470523679622
-0.0008514772015871769
-0.00014200791530173933
-0.0008322618317040542
0.0015560134042003641
0.0035620360276408464
0.002291600142456266
-0.0010747069461639854
-0.00017278798276804705
0.0018329547194880303
0.0016655722556607562
0.001546037782303387
0.0023074230728218573
0.0020032953268289085
0.0019738403902604816
0.0013815721971244322
0.0012509290770056222
0.0016205469872233665
0.0016387091856125793
0.00013287046463657704
-0.002053322348040495
-0.0031308150335946734
-0.0011126817986236398
0.0013621177853281566
0.001213042094889569
-0.00032080211195935425
-0.0008104255463142443
-0.0014042541906258404
-0.0003390691989071053
0.0010769328062991592
0.0006998293175134984
-0.00028117365255840706
-0.0004400044456776897
-0.00015500377443047146
-0.0015028543993402708
-0.0018485705772933554
-0.0019136622336641744
-0.002044997516315786
-0.0028044009625168664
-0.0028854973854893825
-0.0015513460949962857
-0.0019328037803784694
-0.0022491885426863547
-0.002034404139511491
0.0003405067789350504
0.002454374530388707
0.0028099767563245634
0.0015992769121891495
0.000505597673304875
0.0013947252584369098
0.002904437010447518
0.002115023252569332
0.0004272454881912252
-0.00040673702238282634
0.0004392550608528544
0.0004146082050900008
0.0008075531034810987
0.0008619249046681127
0.0001802385037971226
0.00016146473109641642
2.3696225375554995e-06
9.115868501340292e-05
0.0001582293274378253
0.0004309957706426136
-5.7364198808044315e-05
-0.0008124504288489025
-3.732349239392341e-05
0.0007423815427180597
-0.0004759002610858565
-0.001674017092136962
-0.0016128665283274464
-0.001421840608486062
-0.0014775439240617277
-0.0007466992352586137
0.0008318148925322609
0.0010280440927281451
5.5263563201272975e-05
-0.0018304314052636187
-0.0010833205592834306
-1.632897243622052e-05
0.0013336655709828742
0.0002715682042989709
-0.0013868691440137772
-0.00131646390122732
-0.0010399314288739136
-0.0018362226150753353
-0.001563570248006885
2.3987807607365585e-05
-0.0005613945373058259
-0.0005851953453928529
0.0013227151335659028
0.001716591688091503
0.00026504433565328146
-0.00048467987448234663
-0.0013727064435750257
-0.0016846250776103786
-0.0006524006449726988
0.00010782092502814805
0.0012395962788590697
0.0027807028425872182
0.0021750316528298874
0.0007930504901866302
-0.0004076509217854806
-0.0022188263761274514
-0.0026761832169405367
-0.001997806629823213
-0.0001584446141687994
0.00213906430654097
0.0020811949758148787
0.0004398963265146755
-0.0008792142082140995
-0.0011176173950743543
-0.002041584410386725
-0.002197196203885198
-0.0013120536988316769
0.00034124481478504265
-0.0008769070889697376
-0.0003217716088922758
0.0007477461098471387
-3.5767533366345195e-05
-0.0011608489399534815
-0.001175560252643129
-0.0013504977172452684
-0.0029538323114322914
0.0010607005430148839
0.0051840762092112
0.003940978839361732
0.00023167593569608277
-0.0016620776348135638
-0.00040653195853891167
-0.00027755745247389353
0.0006538950538179339
0.0015664091486990003
0.00200043530066791
0.002077572341464672
0.0017057338354323907
0.0009233402730999649
0.0005285344579099449
-0.0005899689774864205
-0.0020638594120762598
-0.0037831455553249817
-0.003236627435248571
-0.0003528798848575214
0.002402768732618613
0.0006581150458715049
-0.0012693650974788038
-0.0017196692123686253
-0.0012144350579366585
-0.0007008183020545723
-0.00029902372845816124
-0.0002971467643621457
-0.0006306125435113899
0.000791651645145583
0.0007339181843221505
-0.0006928947613363717
-0.001943414114097407
-0.0019933489948041343
-0.002174123156561256
-0.003103375957595432
-0.0020447351635289497
7.226402461753549e-05
-0.0012503083351651863
-0.002562814224731058
-0.0021784829238172027
0.0008108930958950578
0.0031730723603273074
0.002991580341518548
0.000806844095976542
-0.00044895029664607304
0.0010350031002237926
0.0030797611008444533
0.002465291825906069
-0.00021713686736141808
-0.0010589864172841391
-0.0010781478859130886
-0.0007075543604539709
-0.0006358498570114838
-0.000322464866140026
-0.0007552218150097038
-0.0006706990801020659
-2.9849733318556003e-05
0.000706647809358231
0.0008480917504238885
0.001105139824742405
-0.0007168873809189232
-0.002628070515922177
-0.00280629785173702
-0.0016926506849491126
-0.0010116866538427843
0.0003017308268525499
0.0017544276173658445
0.0016319334874709927
0.0006996084577727349
0.0011718967354873685
0.0016845100500769252
0.0010667017898524527
-7.016427462416602e-05
-0.0014651770158875003
-0.000732381128610016
0.0003666819636745474
0.0022908400830347975
0.0014169324960624165
-0.0003488028893044449
-0.0010854569462142448
-0.0014901413844198848
-0.0012334979722189762
-0.0003622256081738369
0.0003330020877837579
0.0002217501683551652
0.001625359479489238
0.003304372177993193
0.0031531751133261144
0.0008624305558337776
-0.00175414511155815
-0.002516124162188392
-0.0025673352774525297
-0.0011482223735931872
0.0009421088199792801
0.002863458424990044
0.002914206722203517
0.000846466416805514
-0.0006064117523649727
-0.0002943166732791217
-0.0005586093868044277
-0.0014342132426110826
-0.0016580429743386484
-0.00010068849312988939
0.002071150293557796
0.003347835914472978
0.00012816339425801508
-0.0022153585498732122
-0.0027850235618245823
-0.0019317107153165914
-0.0026229699486215495
-0.0012930001702711517
0.0007651403490593776
0.001257944195399182
0.0009413161833416018
0.001558511495772786
0.0011383928981055684
-0.0008254451324374926
-0.0020624058818140673
-0.003553435694099284
-0.003587140464956591
-0.0005109859722230402
0.0028571918183862136
0.003332504508772729
0.000465417148777731
-0.0017962052542315457
-0.0012805363285804013
-0.0011779115718288402
-0.0004866799842210925
0.0003594339950657887
0.00037837638585833284
0.0009292535334735991
0.00094648432523092
0.0019165512899773092
0.0014116458407888288
-0.0010813805012157135
-0.002245897589415051
-0.0025845096592204235
-0.0005736461658458834
0.0009519685600185668
0.002412588602250877
0.0012719436958936324
-0.0002301105886261923
-0.0009296434477042765
-0.0003776692794048856
-0.0009140754020309433
-0.001876773827053613
-0.0021460711269413657
-0.0004381962173141752
0.0022070258927919095
0.002273200515583533
0.0011114833370636265
-0.0005638451649876174
-0.0011755235986071059
-0.001648420923047373
-0.001442537149829171
0.0004065173138266424
0.001802799465265371
0.0005668314624908883
-0.0018469544445475973
-0.0016119944272630466
-0.0006543707623015755
0.001532067305166168
0.0018753516021856119
0.0008785941343651422
0.0005805794861263567
0.0015171610447248427
0.002344453815691041
0.001283955525910662
-0.0007747186926066239
-0.0006638287771932387
-0.0008822111734661663
-0.0006079097731940265
-0.0007920384528209539
-0.001293316374105856
-0.0014032404383122654
-0.0012390964662269807
0.0005277837355637122
0.0007583828799836411
0.0011001784125966043
0.00139276978306746
-0.0003702251091418532
-0.0026588264552840717
-0.0026734354131118746
-0.0016648676521657385
-0.00033631366525911063
0.0026178627648554245
0.004146994021887923
0.003394346065250654
0.0017264620096955922
0.0015238921980816555
-5.7046812813532676e-05
-0.0011811313330739612
-0.0020787275606309074
-0.0021272984277164834
-0.00041155036223025274
0.0018069738775785761
0.0035419490581111842
0.0033421696751367216
0.001150289291225303
-0.0005136947338734298
-0.00198950911492486
-0.0022536425769337206
-0.0001875798862797192
0.00034218995135065533
0.0011029891933373138
0.0021666706367284815
0.0035089535391714085
0.00217909540422378
-0.0004130442579493384
-0.0023351286305593804
-0.002351750632522232
-0.002259217937989028
-0.001480324871099174
0.000576753892315112
0.001803662742548623
0.0010899676931106854
-0.0011771168436742795
-0.0010141000691313538
0.0002682962217882118
-8.152176151058873e-05
-0.002421401260818252
-0.0031020738171688624
-0.0006712896269979563
0.002449841768223009
0.0034061735331475506
0.0003766654797736056
-0.0028357132383198384
-0.004103360532363709
-0.0035720217240928723
-0.0033795587953194942
-0.001494910464466005
0.0010830575608867465
0.0024057397508345634
0.0006321068753679417
-1.4333476854653312e-05
-0.0003910445751110098
-0.0010710869117037149
-0.002269901780693885
-0.0036361096917508855
-0.002910207249928533
-0.0015218318239545274
0.0010174115425735661
0.002671239507401158
0.0015690326608637116
-9.14196811752678e-05
-0.0013073264788647475
-0.0016714833806399055
-0.0016083298200051184
-0.0010428849283853567
-0.0018408647416297132
-0.0017235852117147134
-0.0007572305466755959
0.0021079218004652687
0.0024902207934513624
-0.0003690748119220084
-0.002357940111510408
-0.0005914272011166889
0.0018787813250600704
0.002533094003116179
0.0029254052815892444
0.0026960142217164343
0.0021580151959049642
0.0008340538293793017
4.995857290355325e-05
-0.0008134512582599605
-0.0016499890396980085
-0.0017042551643650294
0.0009099298838251921
0.003351256099376863
0.002518974302653028
0.0012470279837065723
0.0005032064599403078
-9.418731123578354e-05
-0.0002066674944932326
0.0013074743954185843
0.002933426140767364
0.003074344506115354
0.0023078361527306464
0.001318882717346062
-0.00016861163991569518
-0.0018161372150823632
-0.0010031381201157851
0.00042551286812276515
0.0014216673270778155
0.0016546116495375104
0.001731379635730041
0.0019238375486245163
0.001500115511244173
0.0003761742432407305
0.00040506981586763065
0.0007053268704069781
0.0014123768737593833
0.00037272819171238697
-0.001099471455501226
-0.0010193350192709558
-0.0015569454147033933
0.00015531590915121378
0.0003720053681554266
0.0004680692818826984
0.0013871908648303215
0.0004954903788115772
-0.001455739151234183
-0.001804102687991837
-0.0009170543726897327
0.0010104930366217793
0.0038941054560212665
0.004732744260585833
0.0035047019729781293
0.002435197992785211
0.001076097055071799
-0.0012015843020269593
-0.002949613818604087
-0.0036949400197469
-0.002764560942838443
-0.0003553862735256808
0.0019979126664520924
0.002509582444411589
0.0027624914525044976
0.0017600506526098355
-5.095846835376038e-06
-0.0014870308064760496
-0.002279568464994104
0.00014598616873700375
0.0009087508280299166
0.0009956424661913764
0.0019210717496766622
0.002157666042298551
0.00033496414665818986
-0.0018589444609314002
-0.0017492173528652192
-0.0016235489108190199
-0.0008730320493433559
-0.0011047751839999447
-0.0004707004273856209
0.0001748457086051765
1.8242525682337415e-05
-0.0006821371584099631
0.0004953045768443664
0.0011985680837485375
-0.0012574742032382654
-0.004078981183428139
-0.003795729086887243
-0.0011535701801275973
0.0026894075071921845
0.0032772769116099524
0.0020220328199397957
-0.001787616209367298
-0.00245783030233105
-0.0030660292795129853
-0.002289173058226438
-0.0007646608848540716
0.000752183074434761
0.0011936596877924097
0.0003744092344270723
-0.0014911472647490902
-0.0023358176050864202
-0.0017521165442837255
-0.0020757260599441043
-0.002811982526008451
-0.0024846888508410526
-0.0013027006098429268
0.00042126523646148883
0.002223347865017406
0.003615495051247523
0.0017874579624401886
-0.0011510255220475423
-0.0026484228231277054
-0.003249812413051079
-0.0025216103358540473
-0.0023534853122399893
-0.002465763760869886
-0.001157555695360498
0.0017080893259420393
0.002892358266925482
0.0005243051220843694
-0.0013841398696009077
0.0006569175472209054
0.0029295427423757232
0.0043492388017255445
0.0033374374162865603
0.003911635664827928
0.00258239059495526
0.0016831682626145593
0.0002065154922685239
-0.0009737343700784144
-0.0004720747058822269
0.00030221544741027354
0.00241474338579499
0.003908668664495298
0.0022152547254490193
0.0008075091480204958
-7.315967309503451e-05
-0.0009360404237897452
-0.0007366528165383631
0.0006982292582601831
0.001650452687955151
0.0016956492621357025
0.002372264945844694
0.003415024999004747
0.0012767967733432048
-0.0013565715043386036
-0.0026123350858957032
-0.00033933122035208554
0.0011573427756023766
0.002258753990898879
0.0023233060117569767
0.002626856458163294
0.0018003160560591475
0.0008703037742645496
-0.00014658082453215566
0.0008041429895189547
0.002902201001503099
0.002060716134181344
-1.1657513940028109e-05
-0.0011863380095477269
-0.0008027275798809259
-0.00021146287829008252
0.00017745406504433717
-0.0001716926982271421
0.0012417645623563445
0.0007720278135615675
-0.0018583822303070898
-0.002633476600136017
-0.001485088751971929
0.0012592014649455555
0.004242372642204859
0.004643476608560604
0.0036741826882224333
0.0022054508686012958
0.00011507100243694389
-0.0007119329066612575
-0.0023733194026808067
-0.0028219275800410275
-0.0017009101691964974
0.00026607244723742224
0.001180145008803796
0.0004993223861881178
0.00023680436364284922
0.0013699402239247581
0.0011433507577496545
0.00033313876242013307
9.787978052572867e-05
0.0007861532283506927
0.000656608936158189
-0.0008627451530522385
0.0005272456147621933
0.0016966580515087857
0.0002946235425672181
-0.0023024366816772855
-0.002624502692112656
-0.0019674439494553175
-0.00037466221501244524
-0.0003633466508975875
-0.0006057731088639941
-0.0005524966068739836
0.0005717259261354005
0.00229629409685104
0.003656249336468951
0.002471271547995358
-0.00022266998838784118
-0.003558287143474547
-0.0038725039877992896
-0.0017569385843486736
0.0015800603440564247
0.0035947236021841855
0.002680032724909502
0.0001798549321571683
-0.0009908477228825346
-0.0012098630641023606
-0.0005592603789145887
0.0009348665692894094
0.0009028787985982289
0.0009351447335486453
0.001550553317210965
-0.000958096514846887
-0.0028306523936132665
-0.0020759333503904804
-0.0012649558644706237
-0.0016729282207092698
-0.002312606801207269
-0.001954317842882132
-0.0013220952741903672
0.0003322465705799976
0.002530767575141456
0.002871762341477228
0.000463074455956465
-0.002311723951133988
-0.004202084921215944
-0.0025162851836123858
-0.0006877152612846907
-0.000575453842505179
-0.0001830258841443509
0.0016803973328331405
0.0028107053031595367
0.001636294698312534
0.0010129314887378617
0.001239631809691223
0.0025674382410206006
0.003463861774552903
0.003724418566532262
0.002456649859755195
0.0016791710113751568
0.00023549084588166553
-0.0004980499346828928
-0.001449927911675533
0.00020833853124214578
0.0018319427978082585
0.0025214945656677886
0.0028240145625280963
0.002133476112423618
0.0001912349409172305
-0.001675118917387075
-0.0023005401762882394
-0.0027001656799921156
-0.0018567924165066938
-0.0011642934450239494
-0.00011596800038482226
0.001581864885161907
0.002878135617944585
0.002316127969934277
-0.0007282668199287178
-0.002387669462153336
-0.0013664851173043869
0.0009230624271177766
0.002771834297515389
0.003209273369186416
0.0032733726843968687
0.0019076808713624073
-0.0004980757913322022
-0.002735893280555098
-0.0005948121698893671
0.0025658585810467657
0.002549967627581887
0.0005460221499795407
-0.0006962243894557723
-0.0009732534998844252
-0.0007738056399228662
-0.0005500900068192266
0.00021821254168226064
0.0013655430277262678
0.00028746433489860264
-0.0017907712004072958
-0.001962507878602548
-0.0018329047333073315
0.00024356364408748801
0.00220702179126873
0.0035212527823849805
0.0028017814866590604
0.00021583049344811762
-0.0017229009527728423
-0.001436439315926919
-0.0007029770279852812
-0.0006852923976017621
-0.0009205422520530359
-4.805637649723691e-05
-0.0009765165081942521
-0.0014727369315581643
-0.0016635761928615043
5.968173985627858e-05
0.001002173422396938
0.0010897473023145773
0.0010933094247225163
0.0008136196888529513
-0.0009249851120428928
-0.003082870466848682
-0.0004924703659921629
0.0027556423945273227
0.00229113901678201
-0.0013834541459429735
-0.0033794697846316734
-0.002802055387674574
-0.0008487328539919071
-0.0016048360391060388
-0.0018847695608206014
-0.0014452830732776586
0.0009222387396429705
0.0050113702171039436
0.0064064650884637
0.0041756781309980175
0.00042382081763038515
-0.0023736050910946817
-0.004320876731133455
-0.002738215220360438
0.0006212660296364711
0.004139540858373769
0.0029859536573442554
0.0014574066794365158
-2.2281044448861122e-05
0.00037682012046760214
0.0011188263356165622
0.0011331241366396116
0.0007569987259355264
0.0008369395985871788
0.0009261841862996229
-0.0012615093616553223
-0.0028853337096613678
-0.0016963433423345098
-0.0009553627808983313
-0.0013088623355981721
-0.0019088808293838816
-0.00271708246488549
-0.0032719240017842714
-0.002082704423069898
0.00038751066267874096
0.0032340135273077014
0.0023817309434992487
-0.00042506846048916613
-0.003085361625485736
-0.0022413608120794466
0.001023623992237062
0.0010586580139733588
0.0009607624968438536
0.0021499986910327594
0.002215217905759863
0.002369869871728313
0.0006825555364695162
0.00035336289514216316
-0.0003196579780474387
0.0016321534789254396
0.002490612732716328
0.00162450283021074
-0.0005664330371637919
-0.0010138762687876349
-0.0015644957814446951
-0.0013353413771255227
0.0005929042514777555
0.0021111145903855697
0.0019037601117710525
0.0011385108685702289
0.0011160104901007015
-0.0005332223017421914
-0.0020190969610199127
-0.0029128629491834185
-0.0032250017175476115
-0.0030708722080559714
-0.0004573763442598681
0.0004552560499743818
0.001855788364087972
0.002750520592295147
0.0023591830087822964
0.0001027648857000449
-0.00174562665484553
-0.0022101459423854867
0.0010155512379135972
0.002308603661513986
0.0027142689832163557
0.0023619643022919396
0.0007570398099373827
-0.0027880114863982723
-0.005244734004533423
-0.002546853597343614
0.0018939334020513982
0.002860042629533864
0.0010674065401803357
0.00021564990882819352
-0.000536688859887622
-0.0003834305218499501
-0.00019931019987835222
0.0007257808848821044
0.0007414817953686871
-0.00024095512783795466
-0.0009031168701588549
-0.0007986581155794805
-0.001268678616226002
-0.0022808854467688145
-0.00019857872415142143
0.001177174304299601
0.0006677460909108419
-0.0015599669994658103
-0.004366715656972147
-0.0017997557661545015
0.00036027850156465896
0.0007175889720101568
0.00024352690670254674
-0.00220500255381048
-0.0020691140645698707
-0.0039029982031857863
-0.0032762890477220233
-0.00170252265533322
0.00024477610755927707
0.0010227215181326152
0.00128712693431359
-9.747615605104013e-05
-0.002536606906916695
-0.0038590241316105696
-0.000561090752392907
0.0027082442394153875
0.0025196751029422423
-0.0006209950810586263
-0.0031060031371995186
-0.0021130650156956535
-0.00085279866565898
-0.0016910605512092624
-0.0021123080878702716
-0.0024306676300683487
0.0010327563345237257
0.00523864276227338
0.006856118184568546
0.0049198439092982835
0.0010711941082307515
-0.002737888381590937
-0.004017753014883665
-0.001984976182081313
0.0007234621278220851
0.002765324078895311
0.002477122873702964
0.0015477049730364626
0.0018614736974888052
0.0023719398057344254
0.002198294061701219
0.0015026600705043919
8.673179248340843e-05
-0.0005447768655077581
-0.0013149573394611496
-0.002225142391259002
-0.002328082217907321
-0.0020834275238236933
-0.0017043680566980412
-0.002060565386033583
-0.0021478515005145596
-0.0022683067130501665
-0.0017106742438994732
-0.0009415130160286923
0.001167860578639032
0.002236236008463648
0.0018741628531925686
-0.0010022670508239644
-0.003336238620835468
-0.0027241641353796466
-0.000272437885120342
0.0021669129036984134
0.0013283537429650207
0.001317050420343494
0.0013655546969392656
0.0009901108258353027
0.00020185004606998978
-0.00045612637933632917
-0.0005608421148283905
0.0007348937152583616
0.0011630833025697358
-0.0002824725853055582
-0.0016265465725186278
-0.0020837672304825235
-0.0024040921555565824
-0.0008550955818756036
0.0011167053434344484
0.000786653946547566
0.0001875563072648716
-0.0005556000357480957
0.0006662342566865251
0.0008285237158787011
-0.0009564495018231554
-0.002764498464234248
-0.004298710201975449
-0.0022840352200223
0.0003190814391886472
0.0016308246466303234
0.0019973870740755927
0.003766254161623254
0.0016024387167074237
0.0004984778620912606
-0.001419512229569745
-0.001765708538807535
-0.000793273795029281
0.0008503864820170414
0.0011351147620822454
0.0011348205593833514
-0.00032038507087810185
-0.004135156749465414
-0.005093981266267094
-0.00391586768381351
0.00016388288091604873
0.0025166535440907874
0.002665716817142264
0.001453426872264673
0.0003573703445061468
0.0005810153330886333
0.0010646212874169
0.0012343357789478943
0.00021437946847843525
-0.0009516742981094883
-0.0013838954064029057
-0.0001983193440390483
-0.0008721783842766584
-0.0022581546592071403
-0.0026100427453056596
-0.0012016965649597608
-7.809987781542916e-05
-0.001810927083246015
-0.0021343758765709946
-0.0019271195751830092
0.0007519555803745685
0.0007513211901016513
0.000677657204400508
-0.0013777406092090763
-0.0025723544525760207
-0.0033304179901337983
-0.003132554956073645
-0.0030901268504285595
0.00023172825376108517
0.0022936358833245
0.00106238374599255
-0.0017606706900518243
-0.0032534780633977473
-0.002792908193922704
-0.0002987367412801913
0.0016512260579697002
0.0007932652928297855
-0.00101889226690033
-0.002053814780091731
-0.0012551492826890186
-0.0007993763738209604
-0.000604430450145366
-0.0017428578100164044
-0.0013134918179249174
-2.8700345747118428e-05
0.003933307180184503
0.005545756896345023
0.00538612620514849
0.0015724038971296828
-0.0017950064988698734
-0.0023165739567498496
-3.944794158398452e-05
0.0014867187297546427
0.0009815640757907104
0.0006472662504911545
0.0006072531539226998
0.0014539916177306504
0.0021420974496398093
0.0015024479612128004
0.0007511197476693402
-0.00023337931120231525
-0.000953258593835708
-0.0014483541850437763
-0.0012836898004690402
-0.001289089122474348
-0.0018407994154344396
-0.002230533407878711
-0.002767404984772494
-0.003286632726249886
-0.0024766335066064957
-0.0008113523281256565
0.0005008608997599017
0.0012617738975182118
0.0013195800388920715
0.00010127225139123285
-0.0017526262006010204
-0.0027088832019460155
-0.0027057267978833196
-0.0010948526348179743
0.0007990727052711636
0.0008822988212242992
0.0001605683688660888
-0.0005945548577708869
-0.0009297624794018324
-0.00021603469377149092
-1.7529221430860587e-05
0.00044775641520184806
9.856866381229316e-05
0.00011644462528149894
-0.0015622305682054245
-0.001257224319864223
-0.0015513387367683223
-0.0022607035183984923
-0.0010771353894908286
0.0007311467859317507
0.00018779812496257315
-0.0006351843273989173
0.00028363073743761726
0.0015594820882282217
0.003060620583859265
0.00012074436525450253
-0.002444584202767963
-0.0041176729027126106
-0.0018133096634997054
0.0006238836678119429
0.0015246899443288903
0.0018164122310604315
0.002358368175451353
0.0013853394223738065
-0.00026760260497677997
-0.001682035607616075
-0.001569175808073244
-0.001800774729887912
-0.00054979146051217
-8.173650731080448e-05
0.0005378342156214989
-0.0009746257532107434
-0.0033494644070369752
-0.003476873828903828
-0.0031330991372338106
-2.544438069854041e-05
0.002778740352089107
0.0038734025615130615
0.0014866746747128992
0.0006437435366986455
0.0015775488039092259
0.0020781056683325787
0.00020168329292116505
-1.2212950842220333e-05
-0.0014382347754851698
-0.0011694939179766682
-0.0004739628440343556
-3.8890782896999375e-05
-0.00230992959381637
-0.003939887369733872
-0.002843366291568418
-0.0006469265703753047
0.0011927750435105067
0.0009594971652484795
0.0015103949766816123
0.0006940511608485996
0.0002970622219973815
-0.0003520567887037036
-0.001022963957400887
-0.001660673673058824
-0.00253321826411075
-0.002689779345631779
-0.0013770244468280378
0.0019144231460406008
0.0030564237577535873
-0.00011266356546588683
-0.003146772944633689
-0.0030165158507689657
-0.00023799254019575002
0.0005235178190809535
0.00024853987626323964
-0.0008154948408244467
-0.0017628008266320056
-0.0012043653800067303
0.00015091786516135204
0.00038994047322464856
-0.0003929520263760895
-0.0011324586432198147
-0.0009116965335085235
-0.00016027160716507952
0.0014927215283992538
0.0035353013247217758
0.0031373141875851995
0.0016052601647959675
-3.736794342408837e-05
0.0002559766787896332
0.0015739757569404793
0.0018018226220048261
0.0004975144511730212
-0.0009404403113759161
-0.001135572146320545
-0.0009965890376645815
-0.0009566539821931049
-0.0013834187774522664
-0.0007132089612594807
0.00015526919439670553
-1.8672293335898066e-05
0.00021693828429309565
-0.0010237687114353915
-2.936796736557369e-05
-0.0009779519559868814
-0.001413013135094562
-0.0035495344720632436
-0.005340243477509923
-0.00407899501886492
-0.0016710815618202343
6.493163305411353e-05
0.0002875279964443229
-0.00017668303286490903
-0.0008114164975029845
-0.002156207715310475
-0.0017246797713562744
-0.0011867274538646592
-0.0006778389620663952
0.0003502826272850566
0.0012153823770691718
0.0007041388477632745
0.0001391742197969358
1.4700511747624398e-05
0.0006943473138803961
0.001539820612012057
0.0006713596069719038
0.0005282382528899007
-0.00010547612927689362
-0.0012798934016298416
-0.0023863806784786244
-0.001677787983912229
-0.0014247106691477882
0.00013960020128346985
0.000719738993343666
-0.00010765905611312412
-0.00023987350186246363
0.001286173010040223
0.0030840022148290896
0.0018117989071553939
-2.611152703354397e-05
-0.002589257416397953
-0.002585393792215744
-0.0017484436866019248
-1.7574689332123194e-05
0.00041942087265621725
0.001262562682770207
0.0010032618152605107
0.0006878595662810693
1.4904107134731796e-05
-0.0006677964134536383
-0.00047107770419829774
0.0001045682673711307
0.0007596165579415005
0.0007128462402242016
-0.00019883205503971603
-0.0014890817542457845
-0.0013360979747745576
-0.001421587909073381
-0.0010951154344253388
0.00025467411428941537
0.00304773310487377
0.0032694862070102013
0.001425194179953979
0.0016385289874678013
0.0032572729661836837
0.0026673593421744765
0.0008243346946226882
-0.000622851497873288
-0.0008043831836890683
-0.0016584824927173066
-0.001536218449849966
-0.0013342534407531923
-0.0016238330182549087
-0.0031341700040003534
-0.003328325759891988
-0.0009862966265787028
0.002170354602633859
0.004155047515275639
0.0033586775887767674
0.002218669637579198
0.0010949739165509204
-0.00019144795574779338
-0.0006764993508241426
-0.0020548849801801596
-0.0031029000135427624
-0.0029921226205050023
-0.000706621462106778
0.0032726364502194192
0.002360109759077349
-0.0010989863744965407
-0.0029245208401825424
-0.00123678498654387
0.001581491842108475
0.002445611844002797
0.001732539632737057
0.0006013953305259589
0.00032976242585021766
0.00034059729175885253
0.0009139950931101802
0.0009324576545529913
-0.00047813207225896426
-0.0007688351787735911
-0.00013046174656782417
-0.00021529727005923792
0.00012537236224134966
0.00037369506637224793
0.00014192447752993484
-0.0002448671932766004
0.0005164023983203123
0.0018176639399729733
0.002970594301163417
0.0022633544664918803
-4.792483094577787e-06
-0.0008660272960526886
-0.0025635729874942635
-0.0027875176098733113
-0.0028779360233427732
-0.0032399557144808444
-0.0011844630068806703
0.0016364782505732635
0.0020736905707927134
-0.00020234323534323889
-0.000948924005370738
-2.059855446254857e-05
0.0008868984842195342
-0.0005319642616364124
-0.0031354397047628534
-0.00571636443273402
-0.003964159418510716
-0.0015030870910678973
0.00012743402643643252
0.0003167916618005964
-0.0007894042854606919
-0.001322509071885946
-0.0021895077369105303
-0.001026759356297242
-0.00033553903563438806
0.0006590414849658014
0.0010369270239000022
0.0014388105998535193
0.0006942498174037526
0.0005446926825176079
0.0011755439631916235
0.0012036749405459931
0.002071248728516845
0.002382300249816991
0.002279590233368194
0.0016883285812855668
-0.0005844826187903288
-0.0028013333401805734
-0.002135881329380692
0.00015736500964563718
0.0012003853731367572
0.00038941012378589004
-0.0006059007935243669
-0.0001125455874574293
0.0017586369954884682
0.0020852115745352362
0.0003097300908281581
-0.0018139320461331675
-0.0024381258856221093
-0.002224833109914169
-0.00131640900923706
-5.828165130499158e-05
0.00023363477902631517
0.0004482462953913429
0.00036717506085889656
6.750977554429403e-05
-0.0007918813789123829
0.00023669371728093967
0.0012128496035597532
0.0017534080244341454
0.0027268864576399637
0.0015535081652682937
-0.0011774399258848013
-0.003483038440309917
-0.0024931102531195737
-0.0009097005223240968
0.0001676691761958503
0.0008284956523611916
0.0022923776354877466
0.002539763355023153
0.002218513786844675
0.0013935345417594466
0.0028191926608394846
0.0030016164380733093
0.0016659321626884037
-0.0003347002005406163
-0.0016272653560448756
-0.002389849722887221
-0.0027697423934800337
-0.0023115494215597996
-0.0007295750516552642
-0.0018880791381726365
-0.003580462371189659
-0.0015555533368573737
0.0018916371112784377
0.00544577719614938
0.004516846205446681
0.0028399680561568543
0.0010654986425212634
0.0010591629021462822
-2.1984701792106604e-05
-0.0020822579142652513
-0.004371045723253395
-0.004131956126127193
-0.0013085314948836212
0.0017604000315278295
0.0014921801920241848
2.813897821219661e-06
-0.0011199390309247414
-1.825182231690516e-05
0.001976168566351147
0.002830799375410564
0.003158234013108596
0.0032250575688463085
0.002924452054665186
0.0026257279507706866
0.0017751117525262156
0.00027152599093070674
-0.0002905537370391166
-0.0009211663523959431
0.00018945471841491743
-0.00022694652681202709
-0.00012225805582860615
-0.0005241742526221862
-0.0013684559657828046
-0.0009486578261188122
0.0008539091303389575
0.002316687986969132
0.003652353433534904
0.0030602061370731386
0.0008275787976337171
-0.0013079850046214415
-0.0034537781373701042
-0.004441377607168734
-0.004360653293223266
-0.00318596189002148
0.0006349194672662076
0.0032542368604664036
0.0031354131736888117
0.0005851534856318671
-0.00022216525542557693
0.0008912318144581872
0.0021216983391590654
0.0005702799839633463
-0.002524110841247628
-0.0027948263489252765
-0.0022627147474323264
-0.0009010162740402568
0.0006260554368277566
0.0008146491857590871
-0.0009565699456705302
-0.002932520331636285
-0.0024600573625943216
-0.00025189193143511764
0.0012846962805194155
0.0016332193130514819
0.0016252305959225857
0.0008169442134225535
0.00014576142321740145
-0.0009506810896380448
-0.00041215115068900373
-0.0005811857070243959
0.0007485620218060247
0.0036183486997535424
0.004339795739849514
0.00332020229497246
0.0001920516818084059
-0.0011155636187812619
-0.0017337181593488752
0.0002840013911765588
0.0006528778960823734
-0.0015159387762274195
-0.0008911279530362975
0.0013160264997942525
0.0033146387172152776
0.0019964327578826362
-0.0003908111340662951
-0.0020533430164479827
-0.0024088338488362634
-0.0025312001059501336
-0.0003439059029535709
0.0013752136435495688
0.002208344478735181
0.0005629218484668785
0.0002893745027591979
-0.0004913587584464664
-0.0006826523636453358
0.000758678098897792
0.0011762960304390433
0.0012425027492209183
0.0014908515842896105
0.0016370469324864592
-0.0008967252465797374
-0.0025950396771758986
-0.0022484803036118416
-0.0008852434498385097
0.0006623270880384924
0.0015464219856721763
0.001953816467448732
0.0021567798777111413
0.0006035362673851945
-0.0018217399960320374
-0.00018250878982104996
0.002882419596414239
0.003251801186492268
0.00038345501448506933
-0.0016082793690415733
-0.0018221493757859283
-0.0026890938431341016
-0.002403121098567112
-0.000748207465967372
-0.0011940230244249484
-0.002142771416102984
-0.001466613254028865
0.0014597398160284905
0.0030511444406066636
0.0038381801067994305
0.0014649691302231805
0.0003280184330543101
-0.0001804715380101505
-0.0002687346762789085
-0.0020972267502960356
-0.003171778883326643
-0.0038312797733015434
-0.0022061469623416968
0.00019599002781067363
0.0013372212571910944
0.0006652549386219047
0.00021624502774984246
1.7751312487708656e-05
0.00028020249958600246
0.0016995546537143542
0.0024411559347875043
0.00309781809964577
0.0040651016894479265
0.002587921842898181
0.0008128284907028551
-0.00016795134575452902
-0.0005169774872930831
-0.0008006093363310176
-0.0002514466653439573
0.00012530369125772793
0.0008989212841326983
0.0003461062402209991
0.00010844862474533464
0.0006734558755956506
0.0024882611482804798
0.0032566479510702717
0.004864563776542564
0.00451768789842379
0.001417422642839925
-0.0023407683696667807
-0.0042504892987488396
-0.005102566260092947
-0.004197941837223211
-0.0020275048461318094
0.0018343356075025503
0.003219231742094329
0.0025824009552083177
0.0014589080723251741
0.00031478143617091577
0.0005707739021136648
0.0016577684474012328
0.0019078481405513928
-0.000569062853792801
-0.0007972228817580802
-0.0008698151210430308
1.6875110133964845e-05
0.0007320014808302891
0.0009890071447878142
-0.0015559742294738292
-0.0033652313591537916
-0.0010622726516891891
0.001534299804328437
0.0023549928139012634
0.0017912137101452116
0.0015271249380398638
0.0016597043688110487
0.0007858983300267678
-0.0008136924402760063
-0.0018357665856359657
-0.00257953525079983
-0.0006392984914247613
0.0030904075180848917
0.0053399313984089005
0.003662208445667217
0.0019526182438337446
0.00046579612607708485
-0.0005660577686243906
-0.0012790875878795037
-0.001538295307748961
-0.002435872101890301
-0.0004833205222314446
0.0024600784683818963
0.004458239507291774
0.0022707732455758255
0.0005010043915383397
-0.0004474852753712067
-0.0008289140962830142
-0.001206920094779787
-7.41267969870511e-05
0.0028272031115066706
0.003015561976966629
0.0010743507280268681
-0.0011227223014559193
-0.0006736762030655644
-0.0008102292683360402
-0.00013099378960486222
-0.0006406194090996379
-0.0007210887867844793
0.000976768373119621
0.0013075991953895923
0.0003561416840732999
-0.0005195951857010443
-0.0016294995016278425
-0.0012124987112811878
-0.0004967629577897071
0.001503550456471023
0.0026758147809109846
0.002760045852377457
-1.626696465408019e-05
-0.003596580475196537
-0.002541750910574232
0.002100249675038665
0.004133883130273695
0.0022297865394223203
-0.00010746832648841865
-0.0014008467944365993
-0.0018252846459544314
-0.0017570327298892844
-0.0007289357809543699
-0.000199546587204467
-0.0010658633397185816
-0.0013337955540237928
-0.0011373349691005928
-0.0007121080073221218
0.00024484866294103343
0.0008138089119066069
-0.0001409411423551666
-0.0015535748508913438
-0.0015059777200323553
-0.0014653720332959551
-0.0022795000247922614
-0.0024998471135379797
-0.002372087256134826
-0.00024610736769312515
0.0014666512326526049
0.001563579783449579
0.0009418645637690748
7.528973255779084e-05
0.0003111234743505326
0.001055040361121138
0.002066455694178274
0.0037795957139321957
0.005352628325393044
0.0026898735505116586
-4.587547684486808e-05
-0.001593217297128156
-0.0024144377150185636
-0.002216463566564547
-0.0007567314788378781
0.0007594882556556913
0.001913340994052639
0.0011379488716307517
0.0010661995251919846
0.002586394094131029
0.002643877122260645
0.0030853120660518313
0.00437378041650051
0.004838813164480682
0.001965221765522345
-0.0017949149029445727
-0.004523430611649316
-0.005394865400991427
-0.004208245926545338
-0.0012037038766007917
0.0018824704942879975
0.0027343409234698857
0.002331805400096433
0.002313964957055207
-0.00016371945256238394
-0.0001305289674951152
0.0015369722488496381
0.002508659925823014
0.0006050635722564732
0.000359078440092437
0.00035038858537611247
0.00123409788700651
0.0013537073872416298
-9.130351998751186e-05
-0.002760979561011264
-0.0021306584233597853
0.0011783698534747395
0.0032283238561887652
0.0017774410070762058
0.0007598014373500408
0.00026427761601726676
0.00040031189634885054
-0.00045680388057963003
-0.0012361747549623416
-0.002293907290030038
-0.0028115320161944974
-0.0018358516299426767
0.00120634143338884
0.003917908837287401
0.004154874075697127
0.0033641312257924666
0.0022448831656967988
-7.070191026886067e-05
-0.0035068393631205504
-0.005087447068478797
-0.0035299201693813915
-0.0010285212160047702
0.0021233243084424983
0.003228028849979382
0.0021968976865397415
0.0008926115553025316
0.00040207982388492226
-0.0002489650299042333
-0.0003143225924281774
-9.623960316414246e-05
0.002122788002305407
0.0024542239831565954
0.0007714474487899297
-0.0013959555658540801
-0.0017310903733243324
-0.0019995759969513227
-0.003390778920085413
-0.003596175597706488
-0.0019640985048639302
0.0008834955602022099
0.000458137419668755
0.0014351585239595244
0.00028409066936094425
-0.0023361278128648244
-0.004310270629911649
-0.0023774025869333433
0.0006402461487607929
0.0029835839464986192
0.0037359428889917144
0.0018175668948809016
-0.001185992723998686
-0.0019464452190245186
0.0006612858964583622
0.0038604067722212525
0.004359508121768909
0.001252095563946027
-0.0012849881165274478
-0.00140107422142972
-0.00022089776067294673
0.0011077798507998808
0.0011935062037302727
-5.562370581764812e-05
-0.0011017260400255865
-0.0033173882428004352
-0.004853204848503401
-0.0029730969223922786
0.0012557727823497731
0.0009135235589786206
-0.0009408096988874686
-0.0015804236479488854
-0.0016921243362082658
-0.003396743177092481
-0.0030559621318929364
-0.0019725870100855596
-0.00024062684724426901
0.0009899139806844072
0.0016865131823286185
0.0009177543605759578
0.00031533891595743573
0.0007323617099083315
0.0011980265570874105
0.0013427809255194822
0.002793537043420867
0.004132700082843252
0.0026300572045183856
0.0009552271546012874
-0.0010208205456206149
-0.002729334595761166
-0.003657180905858911
-0.002881625727460872
-0.0001856922865122832
0.0017530585720182796
0.0017225559205800815
0.0013456029422054079
0.0028946430643344125
0.002003144209063578
0.0011646448186628253
0.0014171984616874246
0.0018202394289437
0.0005557172068686365
-0.002176202766099594
-0.00432714807701313
-0.004734882324548522
-0.0034957657251182004
-0.0010212029564677927
0.0015683144284169988
0.00271217982191417
0.0030812864598302654
0.0008508418322681469
-0.0017721524225655452
-0.0008337019788010173
0.0018098829774655647
0.0021594277642878546
0.0011525944141294942

VECTORS lattice_basis1 double
1.004761761533868 0.0 0.0
VECTORS lattice_basis2 double
0.0 1.007771597677871 0.0