d_char,noise_type,seed,d_type,alloy,length,str_step_size,crss
full,SS-noise,1,edge,AlMg5,4.0,5.0,298.5
full,SS-noise,2,edge,AlMg5,4.0,6.0,323.0
full,SS-noise,3,edge,AlMg5,4.0,7.0,409.5
full,SS-noise,4,edge,AlMg5,4.0,6.0,179.0
full,SS-noise,5,edge,AlMg5,4.0,5.0,253.5
full,SS-noise,6,edge,AlMg5,4.0,7.0,166.5
full,SS-noise,7,edge,AlMg5,4.0,7.0,416.5
full,SS-noise,8,edge,AlMg5,4.0,5.0,353.5
full,SS-noise,9,edge,AlMg5,4.0,7.0,292.5
full,SS-noise,10,edge,AlMg5,4.0,100.0,51.0
full,SS-noise,11,edge,AlMg5,4.0,100.0,51.0
full,SS-noise,12,edge,AlMg5,4.0,5.0,448.5
full,SS-noise,13,edge,AlMg5,4.0,6.0,429.0
full,SS-noise,14,edge,AlMg5,4.0,6.0,423.0
full,SS-noise,15,edge,AlMg5,4.0,6.0,229.0
full,SS-noise,16,edge,AlMg5,4.0,7.0,185.5
full,SS-noise,17,edge,AlMg5,4.0,5.0,348.5
full,SS-noise,18,edge,AlMg5,4.0,7.0,159.5
full,SS-noise,19,edge,AlMg5,4.0,7.0,235.5
full,SS-noise,20,edge,AlMg5,4.0,5.0,303.5
full,SS-noise,1,edge,AlMg5,29.0,5.0,298.5
full,SS-noise,2,edge,AlMg5,29.0,5.0,198.5
full,SS-noise,3,edge,AlMg5,29.0,7.0,235.5
full,SS-noise,4,edge,AlMg5,29.0,5.0,253.5
full,SS-noise,5,edge,AlMg5,29.0,7.0,216.5
full,SS-noise,6,edge,AlMg5,29.0,7.0,266.5
full,SS-noise,7,edge,AlMg5,29.0,5.0,253.5
full,SS-noise,8,edge,AlMg5,29.0,6.0,229.0
full,SS-noise,9,edge,AlMg5,29.0,7.0,235.5
full,SS-noise,10,edge,AlMg5,29.0,5.0,303.5
full,SS-noise,11,edge,AlMg5,29.0,6.0,279.0
full,SS-noise,12,edge,AlMg5,29.0,5.0,253.5
full,SS-noise,13,edge,AlMg5,29.0,7.0,242.5
full,SS-noise,14,edge,AlMg5,29.0,7.0,209.5
full,SS-noise,15,edge,AlMg5,29.0,5.0,253.5
full,SS-noise,16,edge,AlMg5,29.0,7.0,292.5
full,SS-noise,17,edge,AlMg5,29.0,7.0,216.5
full,SS-noise,18,edge,AlMg5,29.0,7.0,266.5
full,SS-noise,19,edge,AlMg5,29.0,7.0,209.5
full,SS-noise,20,edge,AlMg5,29.0,6.0,229.0
full,SS-noise,1,edge,AlMg5,63.0,7.0,185.5
full,SS-noise,2,edge,AlMg5,63.0,7.0,209.5
full,SS-noise,3,edge,AlMg5,63.0,7.0,209.5
full,SS-noise,4,edge,AlMg5,63.0,5.0,198.5
full,SS-noise,5,edge,AlMg5,63.0,7.0,209.5
full,SS-noise,6,edge,AlMg5,63.0,7.0,209.5
full,SS-noise,7,edge,AlMg5,63.0,7.0,209.5
full,SS-noise,8,edge,AlMg5,63.0,5.0,253.5
full,SS-noise,9,edge,AlMg5,63.0,6.0,229.0
full,SS-noise,10,edge,AlMg5,63.0,7.0,235.5
full,SS-noise,11,edge,AlMg5,63.0,5.0,203.5
full,SS-noise,12,edge,AlMg5,63.0,5.0,203.5
full,SS-noise,13,edge,AlMg5,63.0,7.0,209.5
full,SS-noise,14,edge,AlMg5,63.0,7.0,216.5
full,SS-noise,15,edge,AlMg5,63.0,7.0,242.5
full,SS-noise,16,edge,AlMg5,63.0,5.0,203.5
full,SS-noise,17,edge,AlMg5,63.0,7.0,216.5
full,SS-noise,18,edge,AlMg5,63.0,7.0,209.5
full,SS-noise,19,edge,AlMg5,63.0,7.0,216.5
full,SS-noise,20,edge,AlMg5,63.0,5.0,253.5
full,SS-noise,1,edge,AlMg5,109.0,7.0,209.5
full,SS-noise,2,edge,AlMg5,109.0,5.0,203.5
full,SS-noise,3,edge,AlMg5,109.0,5.0,203.5
full,SS-noise,4,edge,AlMg5,109.0,7.0,192.5
full,SS-noise,5,edge,AlMg5,109.0,5.0,203.5
full,SS-noise,6,edge,AlMg5,109.0,7.0,216.5
full,SS-noise,7,edge,AlMg5,109.0,5.0,198.5
full,SS-noise,8,edge,AlMg5,109.0,7.0,216.5
full,SS-noise,9,edge,AlMg5,109.0,5.0,203.5
full,SS-noise,10,edge,AlMg5,109.0,7.0,185.5
full,SS-noise,11,edge,AlMg5,109.0,7.0,192.5
full,SS-noise,12,edge,AlMg5,109.0,5.0,198.5
full,SS-noise,13,edge,AlMg5,109.0,7.0,185.5
full,SS-noise,14,edge,AlMg5,109.0,6.0,179.0
full,SS-noise,15,edge,AlMg5,109.0,7.0,216.5
full,SS-noise,16,edge,AlMg5,109.0,100.0,251.0
full,SS-noise,1,edge,AlMg10,4.0,7.0,435.5
full,SS-noise,2,edge,AlMg10,4.0,5.0,453.5
full,SS-noise,3,edge,AlMg10,4.0,7.0,592.5
full,SS-noise,4,edge,AlMg10,4.0,7.0,259.5
full,SS-noise,5,edge,AlMg10,4.0,5.0,348.5
full,SS-noise,6,edge,AlMg10,4.0,5.0,348.5
full,SS-noise,7,edge,AlMg10,4.0,5.0,298.5
full,SS-noise,8,edge,AlMg10,4.0,5.0,503.5
full,SS-noise,9,edge,AlMg10,4.0,7.0,659.5
full,SS-noise,10,edge,AlMg10,4.0,5.0,398.5
full,SS-noise,11,edge,AlMg10,4.0,6.0,473.0
full,SS-noise,12,edge,AlMg10,4.0,6.0,629.0
full,SS-noise,13,edge,AlMg10,4.0,7.0,559.5
full,SS-noise,14,edge,AlMg10,4.0,7.0,92.5
full,SS-noise,15,edge,AlMg10,4.0,7.0,342.5
full,SS-noise,16,edge,AlMg10,4.0,6.0,529.0
full,SS-noise,17,edge,AlMg10,4.0,5.0,503.5
full,SS-noise,18,edge,AlMg10,4.0,7.0,266.5
full,SS-noise,19,edge,AlMg10,4.0,7.0,316.5
full,SS-noise,20,edge,AlMg10,4.0,5.0,403.5
full,SS-noise,1,edge,AlMg10,29.0,7.0,442.5
full,SS-noise,2,edge,AlMg10,29.0,6.0,279.0
full,SS-noise,3,edge,AlMg10,29.0,7.0,366.5
full,SS-noise,4,edge,AlMg10,29.0,6.0,329.0
full,SS-noise,5,edge,AlMg10,29.0,6.0,329.0
full,SS-noise,6,edge,AlMg10,29.0,7.0,359.5
full,SS-noise,7,edge,AlMg10,29.0,7.0,316.5
full,SS-noise,8,edge,AlMg10,29.0,7.0,342.5
full,SS-noise,9,edge,AlMg10,29.0,7.0,292.5
full,SS-noise,10,edge,AlMg10,29.0,5.0,403.5
full,SS-noise,11,edge,AlMg10,29.0,7.0,392.5
full,SS-noise,12,edge,AlMg10,29.0,7.0,366.5
full,SS-noise,13,edge,AlMg10,29.0,7.0,392.5
full,SS-noise,14,edge,AlMg10,29.0,7.0,316.5
full,SS-noise,15,edge,AlMg10,29.0,6.0,379.0
full,SS-noise,16,edge,AlMg10,29.0,7.0,416.5
full,SS-noise,17,edge,AlMg10,29.0,6.0,273.0
full,SS-noise,18,edge,AlMg10,29.0,7.0,366.5
full,SS-noise,19,edge,AlMg10,29.0,5.0,298.5
full,SS-noise,20,edge,AlMg10,29.0,5.0,398.5
full,SS-noise,1,edge,AlMg10,63.0,7.0,335.5
full,SS-noise,2,edge,AlMg10,63.0,7.0,292.5
full,SS-noise,3,edge,AlMg10,63.0,5.0,303.5
full,SS-noise,4,edge,AlMg10,63.0,7.0,342.5
full,SS-noise,5,edge,AlMg10,63.0,6.0,329.0
full,SS-noise,6,edge,AlMg10,63.0,6.0,329.0
full,SS-noise,7,edge,AlMg10,63.0,7.0,292.5
full,SS-noise,8,edge,AlMg10,63.0,7.0,342.5
full,SS-noise,9,edge,AlMg10,63.0,6.0,323.0
full,SS-noise,10,edge,AlMg10,63.0,5.0,303.5
full,SS-noise,11,edge,AlMg10,63.0,7.0,335.5
full,SS-noise,12,edge,AlMg10,63.0,7.0,316.5
full,SS-noise,13,edge,AlMg10,63.0,6.0,323.0
full,SS-noise,14,edge,AlMg10,63.0,7.0,292.5
full,SS-noise,15,edge,AlMg10,63.0,7.0,385.5
full,SS-noise,16,edge,AlMg10,63.0,5.0,303.5
full,SS-noise,17,edge,AlMg10,63.0,7.0,316.5
full,SS-noise,18,edge,AlMg10,63.0,7.0,309.5
full,SS-noise,19,edge,AlMg10,63.0,5.0,348.5
full,SS-noise,20,edge,AlMg10,63.0,5.0,353.5
full,SS-noise,1,edge,AlMg10,109.0,7.0,316.5
full,SS-noise,2,edge,AlMg10,109.0,6.0,323.0
full,SS-noise,3,edge,AlMg10,109.0,5.0,298.5
full,SS-noise,4,edge,AlMg10,109.0,5.0,298.5
full,SS-noise,5,edge,AlMg10,109.0,6.0,329.0
full,SS-noise,6,edge,AlMg10,109.0,6.0,329.0
full,SS-noise,7,edge,AlMg10,109.0,7.0,292.5
full,SS-noise,8,edge,AlMg10,109.0,7.0,309.5
full,SS-noise,9,edge,AlMg10,109.0,7.0,309.5
full,SS-noise,10,edge,AlMg10,109.0,5.0,298.5
full,SS-noise,11,edge,AlMg10,109.0,5.0,298.5
full,SS-noise,12,edge,AlMg10,109.0,7.0,292.5
full,SS-noise,13,edge,AlMg10,109.0,5.0,303.5
full,SS-noise,14,edge,AlMg10,109.0,7.0,285.5
full,SS-noise,15,edge,AlMg10,109.0,301.0,
full,SS-noise,1,edge,AlMg15,4.0,5.0,498.5
full,SS-noise,2,edge,AlMg15,4.0,6.0,523.0
full,SS-noise,3,edge,AlMg15,4.0,100.0,351.0
full,SS-noise,4,edge,AlMg15,4.0,5.0,298.5
full,SS-noise,5,edge,AlMg15,4.0,13.0,32.5
full,SS-noise,6,edge,AlMg15,4.0,25.0,263.5
full,SS-noise,7,edge,AlMg15,4.0,6.0,679.0
full,SS-noise,8,edge,AlMg15,4.0,6.0,573.0
full,SS-noise,9,edge,AlMg15,4.0,7.0,759.5
full,SS-noise,10,edge,AlMg15,4.0,7.0,442.5
full,SS-noise,11,edge,AlMg15,4.0,7.0,392.5
full,SS-noise,12,edge,AlMg15,4.0,7.0,716.5
full,SS-noise,13,edge,AlMg15,4.0,7.0,642.5
full,SS-noise,14,edge,AlMg15,4.0,6.0,379.0
full,SS-noise,15,edge,AlMg15,4.0,7.0,392.5
full,SS-noise,16,edge,AlMg15,4.0,6.0,273.0
full,SS-noise,17,edge,AlMg15,4.0,7.0,559.5
full,SS-noise,18,edge,AlMg15,4.0,7.0,309.5
full,SS-noise,19,edge,AlMg15,4.0,7.0,359.5
full,SS-noise,20,edge,AlMg15,4.0,7.0,466.5
full,SS-noise,1,edge,AlMg15,29.0,7.0,516.5
full,SS-noise,2,edge,AlMg15,29.0,7.0,316.5
full,SS-noise,3,edge,AlMg15,29.0,7.0,435.5
full,SS-noise,4,edge,AlMg15,29.0,6.0,379.0
full,SS-noise,5,edge,AlMg15,29.0,7.0,435.5
full,SS-noise,6,edge,AlMg15,29.0,7.0,392.5
full,SS-noise,7,edge,AlMg15,29.0,6.0,379.0
full,SS-noise,8,edge,AlMg15,29.0,7.0,409.5
full,SS-noise,9,edge,AlMg15,29.0,7.0,409.5
full,SS-noise,10,edge,AlMg15,29.0,5.0,453.5
full,SS-noise,11,edge,AlMg15,29.0,7.0,459.5
full,SS-noise,12,edge,AlMg15,29.0,7.0,409.5
full,SS-noise,13,edge,AlMg15,29.0,5.0,453.5
full,SS-noise,14,edge,AlMg15,29.0,6.0,373.0
full,SS-noise,15,edge,AlMg15,29.0,7.0,459.5
full,SS-noise,16,edge,AlMg15,29.0,6.0,479.0
full,SS-noise,17,edge,AlMg15,29.0,5.0,353.5
full,SS-noise,18,edge,AlMg15,29.0,7.0,416.5
full,SS-noise,19,edge,AlMg15,29.0,7.0,392.5
full,SS-noise,20,edge,AlMg15,29.0,7.0,459.5
full,SS-noise,1,edge,AlMg15,63.0,7.0,385.5
full,SS-noise,2,edge,AlMg15,63.0,6.0,379.0
full,SS-noise,3,edge,AlMg15,63.0,6.0,379.0
full,SS-noise,4,edge,AlMg15,63.0,5.0,348.5
full,SS-noise,5,edge,AlMg15,63.0,7.0,366.5
full,SS-noise,6,edge,AlMg15,63.0,5.0,403.5
full,SS-noise,7,edge,AlMg15,63.0,6.0,373.0
full,SS-noise,8,edge,AlMg15,63.0,5.0,398.5
full,SS-noise,9,edge,AlMg15,63.0,7.0,416.5
full,SS-noise,10,edge,AlMg15,63.0,5.0,403.5
full,SS-noise,11,edge,AlMg15,63.0,5.0,398.5
full,SS-noise,12,edge,AlMg15,63.0,5.0,348.5
full,SS-noise,13,edge,AlMg15,63.0,6.0,379.0
full,SS-noise,14,edge,AlMg15,63.0,7.0,342.5
full,SS-noise,15,edge,AlMg15,63.0,5.0,448.5
full,SS-noise,16,edge,AlMg15,63.0,7.0,366.5
full,SS-noise,17,edge,AlMg15,63.0,7.0,366.5
full,SS-noise,18,edge,AlMg15,63.0,6.0,379.0
full,SS-noise,19,edge,AlMg15,63.0,5.0,398.5
full,SS-noise,20,edge,AlMg15,63.0,7.0,435.5
full,SS-noise,1,edge,AlMg15,109.0,5.0,348.5
full,SS-noise,2,edge,AlMg15,109.0,7.0,385.5
full,SS-noise,3,edge,AlMg15,109.0,6.0,379.0
full,SS-noise,4,edge,AlMg15,109.0,7.0,342.5
full,SS-noise,5,edge,AlMg15,109.0,5.0,403.5
full,SS-noise,6,edge,AlMg15,109.0,6.0,379.0
full,SS-noise,7,edge,AlMg15,109.0,5.0,348.5
full,SS-noise,8,edge,AlMg15,109.0,7.0,392.5
full,SS-noise,9,edge,AlMg15,109.0,7.0,385.5
full,SS-noise,10,edge,AlMg15,109.0,6.0,379.0
full,SS-noise,11,edge,AlMg15,109.0,7.0,359.5
full,SS-noise,12,edge,AlMg15,109.0,6.0,379.0
full,SS-noise,13,edge,AlMg15,109.0,7.0,359.5
full,SS-noise,14,edge,AlMg15,109.0,100.0,351.0
full,SS-noise,1,screw,AlMg5,4.0,6.0,79.0
full,SS-noise,3,screw,AlMg5,4.0,100.0,51.0
full,SS-noise,4,screw,AlMg5,4.0,25.0,13.5
full,SS-noise,6,screw,AlMg5,4.0,7.0,9.5
full,SS-noise,7,screw,AlMg5,4.0,7.0,9.5
full,SS-noise,8,screw,AlMg5,4.0,7.0,85.5
full,SS-noise,9,screw,AlMg5,4.0,7.0,216.5
full,SS-noise,11,screw,AlMg5,4.0,7.0,16.5
full,SS-noise,12,screw,AlMg5,4.0,7.0,109.5
full,SS-noise,13,screw,AlMg5,4.0,25.0,13.5
full,SS-noise,14,screw,AlMg5,4.0,5.0,203.5
full,SS-noise,16,screw,AlMg5,4.0,7.0,66.5
full,SS-noise,17,screw,AlMg5,4.0,5.0,198.5
full,SS-noise,18,screw,AlMg5,4.0,7.0,185.5
full,SS-noise,19,screw,AlMg5,4.0,7.0,116.5
full,SS-noise,1,screw,AlMg5,29.0,7.0,16.5
full,SS-noise,3,screw,AlMg5,29.0,7.0,9.5
full,SS-noise,4,screw,AlMg5,29.0,7.0,35.5
full,SS-noise,5,screw,AlMg5,29.0,7.0,9.5
full,SS-noise,6,screw,AlMg5,29.0,6.0,29.0
full,SS-noise,7,screw,AlMg5,29.0,6.0,29.0
full,SS-noise,8,screw,AlMg5,29.0,6.0,29.0
full,SS-noise,9,screw,AlMg5,29.0,7.0,35.5
full,SS-noise,10,screw,AlMg5,29.0,5.0,53.5
full,SS-noise,11,screw,AlMg5,29.0,6.0,29.0
full,SS-noise,13,screw,AlMg5,29.0,6.0,29.0
full,SS-noise,15,screw,AlMg5,29.0,6.0,23.0
full,SS-noise,16,screw,AlMg5,29.0,7.0,42.5
full,SS-noise,17,screw,AlMg5,29.0,6.0,29.0
full,SS-noise,18,screw,AlMg5,29.0,7.0,16.5
full,SS-noise,19,screw,AlMg5,29.0,6.0,23.0
full,SS-noise,20,screw,AlMg5,29.0,6.0,23.0
full,SS-noise,2,screw,AlMg5,63.0,6.0,23.0
full,SS-noise,3,screw,AlMg5,63.0,7.0,9.5
full,SS-noise,4,screw,AlMg5,63.0,7.0,16.5
full,SS-noise,5,screw,AlMg5,63.0,7.0,16.5
full,SS-noise,6,screw,AlMg5,63.0,7.0,16.5
full,SS-noise,7,screw,AlMg5,63.0,7.0,9.5
full,SS-noise,8,screw,AlMg5,63.0,6.0,23.0
full,SS-noise,9,screw,AlMg5,63.0,7.0,16.5
full,SS-noise,10,screw,AlMg5,63.0,7.0,16.5
full,SS-noise,11,screw,AlMg5,63.0,6.0,23.0
full,SS-noise,12,screw,AlMg5,63.0,6.0,29.0
full,SS-noise,13,screw,AlMg5,63.0,7.0,16.5
full,SS-noise,14,screw,AlMg5,63.0,6.0,23.0
full,SS-noise,15,screw,AlMg5,63.0,6.0,23.0
full,SS-noise,16,screw,AlMg5,63.0,6.0,23.0
full,SS-noise,17,screw,AlMg5,63.0,7.0,16.5
full,SS-noise,18,screw,AlMg5,63.0,7.0,9.5
full,SS-noise,19,screw,AlMg5,63.0,7.0,16.5
full,SS-noise,20,screw,AlMg5,63.0,6.0,23.0
full,SS-noise,1,screw,AlMg5,109.0,6.0,23.0
full,SS-noise,2,screw,AlMg5,109.0,7.0,16.5
full,SS-noise,3,screw,AlMg5,109.0,6.0,23.0
full,SS-noise,4,screw,AlMg5,109.0,7.0,16.5
full,SS-noise,5,screw,AlMg5,109.0,7.0,16.5
full,SS-noise,6,screw,AlMg5,109.0,7.0,16.5
full,SS-noise,7,screw,AlMg5,109.0,7.0,16.5
full,SS-noise,8,screw,AlMg5,109.0,7.0,16.5
full,SS-noise,9,screw,AlMg5,109.0,7.0,16.5
full,SS-noise,10,screw,AlMg5,109.0,7.0,16.5
full,SS-noise,11,screw,AlMg5,109.0,7.0,9.5
full,SS-noise,12,screw,AlMg5,109.0,7.0,16.5
full,SS-noise,13,screw,AlMg5,109.0,5.0,3.5
full,SS-noise,14,screw,AlMg5,109.0,5.0,3.5
full,SS-noise,15,screw,AlMg5,109.0,7.0,9.5
full,SS-noise,16,screw,AlMg5,109.0,7.0,16.5
full,SS-noise,17,screw,AlMg5,109.0,7.0,16.5
full,SS-noise,18,screw,AlMg5,109.0,6.0,23.0
full,SS-noise,19,screw,AlMg5,109.0,7.0,9.5
full,SS-noise,20,screw,AlMg5,109.0,1.0,
full,SS-noise,1,screw,AlMg10,4.0,7.0,116.5
full,SS-noise,3,screw,AlMg10,4.0,100.0,51.0
full,SS-noise,4,screw,AlMg10,4.0,25.0,13.5
full,SS-noise,5,screw,AlMg10,4.0,7.0,42.5
full,SS-noise,7,screw,AlMg10,4.0,7.0,59.5
full,SS-noise,8,screw,AlMg10,4.0,7.0,335.5
full,SS-noise,9,screw,AlMg10,4.0,25.0,13.5
full,SS-noise,10,screw,AlMg10,4.0,6.0,73.0
full,SS-noise,11,screw,AlMg10,4.0,7.0,35.5
full,SS-noise,12,screw,AlMg10,4.0,6.0,173.0
full,SS-noise,13,screw,AlMg10,4.0,50.0,26.0
full,SS-noise,14,screw,AlMg10,4.0,100.0,151.0
full,SS-noise,16,screw,AlMg10,4.0,5.0,103.5
full,SS-noise,17,screw,AlMg10,4.0,100.0,51.0
full,SS-noise,18,screw,AlMg10,4.0,7.0,259.5
full,SS-noise,19,screw,AlMg10,4.0,7.0,166.5
full,SS-noise,1,screw,AlMg10,29.0,7.0,35.5
full,SS-noise,2,screw,AlMg10,29.0,6.0,29.0
full,SS-noise,3,screw,AlMg10,29.0,7.0,35.5
full,SS-noise,5,screw,AlMg10,29.0,6.0,23.0
full,SS-noise,6,screw,AlMg10,29.0,7.0,35.5
full,SS-noise,8,screw,AlMg10,29.0,5.0,48.5
full,SS-noise,9,screw,AlMg10,29.0,7.0,66.5
full,SS-noise,10,screw,AlMg10,29.0,6.0,79.0
full,SS-noise,11,screw,AlMg10,29.0,7.0,42.5
full,SS-noise,12,screw,AlMg10,29.0,7.0,42.5
full,SS-noise,13,screw,AlMg10,29.0,7.0,42.5
full,SS-noise,15,screw,AlMg10,29.0,6.0,23.0
full,SS-noise,16,screw,AlMg10,29.0,7.0,59.5
full,SS-noise,17,screw,AlMg10,29.0,7.0,35.5
full,SS-noise,18,screw,AlMg10,29.0,7.0,16.5
full,SS-noise,19,screw,AlMg10,29.0,6.0,29.0
full,SS-noise,20,screw,AlMg10,29.0,5.0,48.5
full,SS-noise,1,screw,AlMg10,63.0,7.0,59.5
full,SS-noise,2,screw,AlMg10,63.0,7.0,42.5
full,SS-noise,3,screw,AlMg10,63.0,6.0,29.0
full,SS-noise,4,screw,AlMg10,63.0,7.0,35.5
full,SS-noise,5,screw,AlMg10,63.0,7.0,35.5
full,SS-noise,6,screw,AlMg10,63.0,7.0,35.5
full,SS-noise,7,screw,AlMg10,63.0,7.0,42.5
full,SS-noise,8,screw,AlMg10,63.0,7.0,42.5
full,SS-noise,9,screw,AlMg10,63.0,6.0,29.0
full,SS-noise,10,screw,AlMg10,63.0,5.0,48.5
full,SS-noise,11,screw,AlMg10,63.0,7.0,59.5
full,SS-noise,12,screw,AlMg10,63.0,5.0,53.5
full,SS-noise,13,screw,AlMg10,63.0,6.0,23.0
full,SS-noise,14,screw,AlMg10,63.0,7.0,42.5
full,SS-noise,15,screw,AlMg10,63.0,7.0,42.5
full,SS-noise,16,screw,AlMg10,63.0,7.0,35.5
full,SS-noise,17,screw,AlMg10,63.0,6.0,23.0
full,SS-noise,18,screw,AlMg10,63.0,6.0,23.0
full,SS-noise,19,screw,AlMg10,63.0,7.0,35.5
full,SS-noise,20,screw,AlMg10,63.0,7.0,59.5
full,SS-noise,1,screw,AlMg10,109.0,7.0,42.5
full,SS-noise,2,screw,AlMg10,109.0,6.0,29.0
full,SS-noise,3,screw,AlMg10,109.0,7.0,35.5
full,SS-noise,4,screw,AlMg10,109.0,7.0,35.5
full,SS-noise,5,screw,AlMg10,109.0,6.0,23.0
full,SS-noise,6,screw,AlMg10,109.0,6.0,23.0
full,SS-noise,7,screw,AlMg10,109.0,6.0,29.0
full,SS-noise,8,screw,AlMg10,109.0,6.0,29.0
full,SS-noise,9,screw,AlMg10,109.0,7.0,35.5
full,SS-noise,10,screw,AlMg10,109.0,6.0,23.0
full,SS-noise,11,screw,AlMg10,109.0,6.0,29.0
full,SS-noise,12,screw,AlMg10,109.0,6.0,29.0
full,SS-noise,13,screw,AlMg10,109.0,6.0,23.0
full,SS-noise,14,screw,AlMg10,109.0,6.0,23.0
full,SS-noise,15,screw,AlMg10,109.0,6.0,23.0
full,SS-noise,16,screw,AlMg10,109.0,6.0,29.0
full,SS-noise,17,screw,AlMg10,109.0,6.0,23.0
full,SS-noise,18,screw,AlMg10,109.0,7.0,35.5
full,SS-noise,19,screw,AlMg10,109.0,6.0,23.0
full,SS-noise,1,screw,AlMg15,4.0,7.0,142.5
full,SS-noise,3,screw,AlMg15,4.0,100.0,51.0
full,SS-noise,4,screw,AlMg15,4.0,50.0,26.0
full,SS-noise,5,screw,AlMg15,4.0,7.0,35.5
full,SS-noise,7,screw,AlMg15,4.0,7.0,216.5
full,SS-noise,8,screw,AlMg15,4.0,7.0,385.5
full,SS-noise,9,screw,AlMg15,4.0,25.0,13.5
full,SS-noise,10,screw,AlMg15,4.0,5.0,98.5
full,SS-noise,11,screw,AlMg15,4.0,7.0,42.5
full,SS-noise,12,screw,AlMg15,4.0,50.0,26.0
full,SS-noise,13,screw,AlMg15,4.0,5.0,53.5
full,SS-noise,14,screw,AlMg15,4.0,5.0,353.5
full,SS-noise,16,screw,AlMg15,4.0,7.0,209.5
full,SS-noise,17,screw,AlMg15,4.0,7.0,459.5
full,SS-noise,18,screw,AlMg15,4.0,5.0,298.5
full,SS-noise,19,screw,AlMg15,4.0,5.0,198.5
full,SS-noise,1,screw,AlMg15,29.0,7.0,59.5
full,SS-noise,2,screw,AlMg15,29.0,7.0,35.5
full,SS-noise,3,screw,AlMg15,29.0,7.0,59.5
full,SS-noise,4,screw,AlMg15,29.0,7.0,85.5
full,SS-noise,5,screw,AlMg15,29.0,7.0,35.5
full,SS-noise,6,screw,AlMg15,29.0,7.0,42.5
full,SS-noise,7,screw,AlMg15,29.0,7.0,59.5
full,SS-noise,8,screw,AlMg15,29.0,7.0,66.5
full,SS-noise,9,screw,AlMg15,29.0,7.0,85.5
full,SS-noise,10,screw,AlMg15,29.0,7.0,92.5
full,SS-noise,11,screw,AlMg15,29.0,5.0,48.5
full,SS-noise,12,screw,AlMg15,29.0,5.0,48.5
full,SS-noise,13,screw,AlMg15,29.0,7.0,59.5
full,SS-noise,15,screw,AlMg15,29.0,7.0,35.5
full,SS-noise,16,screw,AlMg15,29.0,6.0,129.0
full,SS-noise,17,screw,AlMg15,29.0,6.0,73.0
full,SS-noise,18,screw,AlMg15,29.0,6.0,23.0
full,SS-noise,19,screw,AlMg15,29.0,7.0,59.5
full,SS-noise,20,screw,AlMg15,29.0,5.0,53.5
full,SS-noise,1,screw,AlMg15,63.0,6.0,79.0
full,SS-noise,2,screw,AlMg15,63.0,5.0,48.5
full,SS-noise,3,screw,AlMg15,63.0,7.0,42.5
full,SS-noise,4,screw,AlMg15,63.0,5.0,53.5
full,SS-noise,5,screw,AlMg15,63.0,7.0,35.5
full,SS-noise,6,screw,AlMg15,63.0,7.0,59.5
full,SS-noise,7,screw,AlMg15,63.0,5.0,53.5
full,SS-noise,8,screw,AlMg15,63.0,5.0,48.5
full,SS-noise,9,screw,AlMg15,63.0,7.0,66.5
full,SS-noise,10,screw,AlMg15,63.0,7.0,42.5
full,SS-noise,11,screw,AlMg15,63.0,7.0,35.5
full,SS-noise,12,screw,AlMg15,63.0,7.0,42.5
full,SS-noise,13,screw,AlMg15,63.0,5.0,53.5
full,SS-noise,14,screw,AlMg15,63.0,7.0,59.5
full,SS-noise,15,screw,AlMg15,63.0,7.0,66.5
full,SS-noise,16,screw,AlMg15,63.0,7.0,35.5
full,SS-noise,17,screw,AlMg15,63.0,7.0,42.5
full,SS-noise,18,screw,AlMg15,63.0,7.0,35.5
full,SS-noise,19,screw,AlMg15,63.0,7.0,42.5
full,SS-noise,20,screw,AlMg15,63.0,6.0,73.0
full,SS-noise,1,screw,AlMg15,109.0,5.0,48.5
full,SS-noise,2,screw,AlMg15,109.0,7.0,35.5
full,SS-noise,3,screw,AlMg15,109.0,7.0,42.5
full,SS-noise,4,screw,AlMg15,109.0,7.0,42.5
full,SS-noise,5,screw,AlMg15,109.0,5.0,48.5
full,SS-noise,6,screw,AlMg15,109.0,7.0,35.5
full,SS-noise,7,screw,AlMg15,109.0,7.0,42.5
full,SS-noise,8,screw,AlMg15,109.0,5.0,48.5
full,SS-noise,9,screw,AlMg15,109.0,7.0,59.5
full,SS-noise,10,screw,AlMg15,109.0,5.0,53.5
full,SS-noise,11,screw,AlMg15,109.0,6.0,23.0
full,SS-noise,12,screw,AlMg15,109.0,7.0,35.5
full,SS-noise,13,screw,AlMg15,109.0,7.0,35.5
full,SS-noise,14,screw,AlMg15,109.0,7.0,35.5
full,SS-noise,15,screw,AlMg15,109.0,7.0,42.5
full,SS-noise,16,screw,AlMg15,109.0,6.0,29.0
full,SS-noise,17,screw,AlMg15,109.0,7.0,42.5
full,SS-noise,18,screw,AlMg15,109.0,7.0,42.5
full,SS-noise,19,screw,AlMg15,109.0,7.0,35.5
full,SS-noise,20,screw,AlMg15,109.0,1.0,
partial,SF-noise,1,edge,AlMg5,4.0,5.0,3.5
partial,SF-noise,2,edge,AlMg5,4.0,7.0,16.5
partial,SF-noise,3,edge,AlMg5,4.0,7.0,35.5
partial,SF-noise,5,edge,AlMg5,4.0,7.0,66.5
partial,SF-noise,7,edge,AlMg5,4.0,12.0,7.0
partial,SF-noise,9,edge,AlMg5,4.0,5.0,53.5
partial,SF-noise,10,edge,AlMg5,4.0,1.0,0.5
partial,SF-noise,12,edge,AlMg5,4.0,5.0,3.5
partial,SF-noise,14,edge,AlMg5,4.0,7.0,9.5
partial,SF-noise,15,edge,AlMg5,4.0,6.0,29.0
partial,SF-noise,17,edge,AlMg5,4.0,6.0,23.0
partial,SF-noise,18,edge,AlMg5,4.0,7.0,35.5
partial,SF-noise,20,edge,AlMg5,4.0,25.0,13.5
partial,SS-C-noise,1,edge,AlMg5,4.0,5.0,148.5
partial,SS-C-noise,2,edge,AlMg5,4.0,7.0,209.5
partial,SS-C-noise,3,edge,AlMg5,4.0,5.0,98.5
partial,SS-C-noise,4,edge,AlMg5,4.0,12.0,157.0
partial,SS-C-noise,5,edge,AlMg5,4.0,6.0,273.0
partial,SS-C-noise,6,edge,AlMg5,4.0,7.0,135.5
partial,SS-C-noise,7,edge,AlMg5,4.0,6.0,379.0
partial,SS-C-noise,8,edge,AlMg5,4.0,7.0,166.5
partial,SS-C-noise,9,edge,AlMg5,4.0,6.0,123.0
partial,SS-C-noise,10,edge,AlMg5,4.0,13.0,232.5
partial,SS-C-noise,11,edge,AlMg5,4.0,50.0,26.0
partial,SS-C-noise,12,edge,AlMg5,4.0,7.0,166.5
partial,SS-C-noise,14,edge,AlMg5,4.0,7.0,385.5
partial,SS-C-noise,15,edge,AlMg5,4.0,5.0,153.5
partial,SS-C-noise,16,edge,AlMg5,4.0,7.0,259.5
partial,SS-C-noise,17,edge,AlMg5,4.0,7.0,316.5
partial,SS-C-noise,18,edge,AlMg5,4.0,7.0,142.5
partial,SS-C-noise,19,edge,AlMg5,4.0,7.0,109.5
partial,SS-C-noise,20,edge,AlMg5,4.0,7.0,185.5
partial,SS-SF-noise,1,edge,AlMg5,4.0,6.0,73.0
partial,SS-SF-noise,2,edge,AlMg5,4.0,7.0,285.5
partial,SS-SF-noise,3,edge,AlMg5,4.0,7.0,116.5
partial,SS-SF-noise,4,edge,AlMg5,4.0,50.0,176.0
partial,SS-SF-noise,5,edge,AlMg5,4.0,100.0,251.0
partial,SS-SF-noise,6,edge,AlMg5,4.0,7.0,92.5
partial,SS-SF-noise,7,edge,AlMg5,4.0,5.0,148.5
partial,SS-SF-noise,8,edge,AlMg5,4.0,7.0,185.5
partial,SS-SF-noise,9,edge,AlMg5,4.0,50.0,26.0
partial,SS-SF-noise,10,edge,AlMg5,4.0,7.0,242.5
partial,SS-SF-noise,11,edge,AlMg5,4.0,50.0,26.0
partial,SS-SF-noise,12,edge,AlMg5,4.0,5.0,153.5
partial,SS-SF-noise,14,edge,AlMg5,4.0,7.0,366.5
partial,SS-SF-noise,15,edge,AlMg5,4.0,7.0,109.5
partial,SS-SF-noise,16,edge,AlMg5,4.0,7.0,259.5
partial,SS-SF-noise,17,edge,AlMg5,4.0,7.0,285.5
partial,SS-SF-noise,18,edge,AlMg5,4.0,5.0,148.5
partial,SS-SF-noise,20,edge,AlMg5,4.0,6.0,329.0
partial,SS-W-noise,1,edge,AlMg5,4.0,6.0,129.0
partial,SS-W-noise,2,edge,AlMg5,4.0,6.0,173.0
partial,SS-W-noise,3,edge,AlMg5,4.0,7.0,109.5
partial,SS-W-noise,4,edge,AlMg5,4.0,100.0,151.0
partial,SS-W-noise,5,edge,AlMg5,4.0,25.0,313.5
partial,SS-W-noise,6,edge,AlMg5,4.0,5.0,48.5
partial,SS-W-noise,7,edge,AlMg5,4.0,6.0,173.0
partial,SS-W-noise,8,edge,AlMg5,4.0,50.0,126.0
partial,SS-W-noise,9,edge,AlMg5,4.0,50.0,26.0
partial,SS-W-noise,10,edge,AlMg5,4.0,12.0,207.0
partial,SS-W-noise,11,edge,AlMg5,4.0,12.0,57.0
partial,SS-W-noise,12,edge,AlMg5,4.0,7.0,159.5
partial,SS-W-noise,14,edge,AlMg5,4.0,7.0,359.5
partial,SS-W-noise,15,edge,AlMg5,4.0,6.0,123.0
partial,SS-W-noise,16,edge,AlMg5,4.0,7.0,235.5
partial,SS-W-noise,17,edge,AlMg5,4.0,7.0,285.5
partial,SS-W-noise,18,edge,AlMg5,4.0,7.0,142.5
partial,SS-W-noise,19,edge,AlMg5,4.0,7.0,209.5
partial,SS-W-noise,20,edge,AlMg5,4.0,7.0,316.5
partial,W-noise,2,edge,AlMg5,4.0,7.0,9.5
partial,W-noise,3,edge,AlMg5,4.0,7.0,9.5
partial,W-noise,4,edge,AlMg5,4.0,7.0,42.5
partial,W-noise,5,edge,AlMg5,4.0,6.0,29.0
partial,W-noise,7,edge,AlMg5,4.0,25.0,13.5
partial,W-noise,8,edge,AlMg5,4.0,25.0,13.5
partial,W-noise,9,edge,AlMg5,4.0,7.0,59.5
partial,W-noise,11,edge,AlMg5,4.0,5.0,3.5
partial,W-noise,13,edge,AlMg5,4.0,50.0,26.0
partial,W-noise,14,edge,AlMg5,4.0,7.0,9.5
partial,W-noise,16,edge,AlMg5,4.0,50.0,26.0
partial,W-noise,17,edge,AlMg5,4.0,6.0,23.0
partial,W-noise,18,edge,AlMg5,4.0,1.0,0.5
partial,W-noise,20,edge,AlMg5,4.0,7.0,59.5
partial,SF-noise,1,edge,AlMg5,29.0,7.0,35.5
partial,SF-noise,2,edge,AlMg5,29.0,7.0,35.5
partial,SF-noise,3,edge,AlMg5,29.0,7.0,42.5
partial,SF-noise,4,edge,AlMg5,29.0,5.0,48.5
partial,SF-noise,5,edge,AlMg5,29.0,6.0,29.0
partial,SF-noise,6,edge,AlMg5,29.0,7.0,42.5
partial,SF-noise,7,edge,AlMg5,29.0,7.0,42.5
partial,SF-noise,8,edge,AlMg5,29.0,5.0,53.5
partial,SF-noise,9,edge,AlMg5,29.0,7.0,9.5
partial,SF-noise,10,edge,AlMg5,29.0,7.0,35.5
partial,SF-noise,11,edge,AlMg5,29.0,5.0,48.5
partial,SF-noise,13,edge,AlMg5,29.0,6.0,29.0
partial,SF-noise,14,edge,AlMg5,29.0,6.0,23.0
partial,SF-noise,15,edge,AlMg5,29.0,7.0,35.5
partial,SF-noise,17,edge,AlMg5,29.0,5.0,48.5
partial,SF-noise,18,edge,AlMg5,29.0,7.0,42.5
partial,SF-noise,19,edge,AlMg5,29.0,7.0,35.5
partial,SF-noise,20,edge,AlMg5,29.0,7.0,42.5
partial,SS-C-noise,1,edge,AlMg5,29.0,7.0,185.5
partial,SS-C-noise,2,edge,AlMg5,29.0,7.0,216.5
partial,SS-C-noise,3,edge,AlMg5,29.0,6.0,173.0
partial,SS-C-noise,4,edge,AlMg5,29.0,5.0,203.5
partial,SS-C-noise,5,edge,AlMg5,29.0,5.0,148.5
partial,SS-C-noise,6,edge,AlMg5,29.0,5.0,198.5
partial,SS-C-noise,7,edge,AlMg5,29.0,7.0,159.5
partial,SS-C-noise,8,edge,AlMg5,29.0,7.0,185.5
partial,SS-C-noise,9,edge,AlMg5,29.0,7.0,135.5
partial,SS-C-noise,10,edge,AlMg5,29.0,5.0,198.5
partial,SS-C-noise,11,edge,AlMg5,29.0,7.0,185.5
partial,SS-C-noise,12,edge,AlMg5,29.0,5.0,203.5
partial,SS-C-noise,13,edge,AlMg5,29.0,6.0,173.0
partial,SS-C-noise,14,edge,AlMg5,29.0,7.0,185.5
partial,SS-C-noise,15,edge,AlMg5,29.0,6.0,179.0
partial,SS-C-noise,16,edge,AlMg5,29.0,7.0,209.5
partial,SS-C-noise,17,edge,AlMg5,29.0,6.0,179.0
partial,SS-C-noise,18,edge,AlMg5,29.0,7.0,216.5
partial,SS-C-noise,19,edge,AlMg5,29.0,6.0,179.0
partial,SS-C-noise,20,edge,AlMg5,29.0,7.0,159.5
partial,SS-SF-noise,1,edge,AlMg5,29.0,6.0,173.0
partial,SS-SF-noise,2,edge,AlMg5,29.0,5.0,198.5
partial,SS-SF-noise,3,edge,AlMg5,29.0,7.0,185.5
partial,SS-SF-noise,4,edge,AlMg5,29.0,7.0,209.5
partial,SS-SF-noise,5,edge,AlMg5,29.0,7.0,159.5
partial,SS-SF-noise,6,edge,AlMg5,29.0,6.0,229.0
partial,SS-SF-noise,7,edge,AlMg5,29.0,7.0,159.5
partial,SS-SF-noise,8,edge,AlMg5,29.0,5.0,203.5
partial,SS-SF-noise,9,edge,AlMg5,29.0,7.0,192.5
partial,SS-SF-noise,10,edge,AlMg5,29.0,7.0,159.5
partial,SS-SF-noise,11,edge,AlMg5,29.0,7.0,192.5
partial,SS-SF-noise,12,edge,AlMg5,29.0,7.0,185.5
partial,SS-SF-noise,13,edge,AlMg5,29.0,7.0,185.5
partial,SS-SF-noise,14,edge,AlMg5,29.0,6.0,173.0
partial,SS-SF-noise,15,edge,AlMg5,29.0,6.0,179.0
partial,SS-SF-noise,16,edge,AlMg5,29.0,7.0,185.5
partial,SS-SF-noise,17,edge,AlMg5,29.0,7.0,209.5
partial,SS-SF-noise,18,edge,AlMg5,29.0,7.0,192.5
partial,SS-SF-noise,19,edge,AlMg5,29.0,7.0,166.5
partial,SS-SF-noise,20,edge,AlMg5,29.0,6.0,173.0
partial,SS-W-noise,1,edge,AlMg5,29.0,7.0,185.5
partial,SS-W-noise,2,edge,AlMg5,29.0,7.0,192.5
partial,SS-W-noise,3,edge,AlMg5,29.0,7.0,185.5
partial,SS-W-noise,4,edge,AlMg5,29.0,5.0,203.5
partial,SS-W-noise,5,edge,AlMg5,29.0,6.0,173.0
partial,SS-W-noise,6,edge,AlMg5,29.0,6.0,173.0
partial,SS-W-noise,7,edge,AlMg5,29.0,7.0,159.5
partial,SS-W-noise,8,edge,AlMg5,29.0,7.0,216.5
partial,SS-W-noise,9,edge,AlMg5,29.0,7.0,209.5
partial,SS-W-noise,10,edge,AlMg5,29.0,6.0,173.0
partial,SS-W-noise,11,edge,AlMg5,29.0,5.0,198.5
partial,SS-W-noise,12,edge,AlMg5,29.0,6.0,173.0
partial,SS-W-noise,13,edge,AlMg5,29.0,7.0,192.5
partial,SS-W-noise,14,edge,AlMg5,29.0,6.0,179.0
partial,SS-W-noise,15,edge,AlMg5,29.0,7.0,192.5
partial,SS-W-noise,16,edge,AlMg5,29.0,7.0,209.5
partial,SS-W-noise,17,edge,AlMg5,29.0,5.0,198.5
partial,SS-W-noise,18,edge,AlMg5,29.0,7.0,216.5
partial,SS-W-noise,19,edge,AlMg5,29.0,7.0,166.5
partial,SS-W-noise,20,edge,AlMg5,29.0,7.0,185.5
partial,W-noise,1,edge,AlMg5,29.0,5.0,48.5
partial,W-noise,2,edge,AlMg5,29.0,5.0,48.5
partial,W-noise,3,edge,AlMg5,29.0,7.0,66.5
partial,W-noise,4,edge,AlMg5,29.0,7.0,66.5
partial,W-noise,5,edge,AlMg5,29.0,7.0,42.5
partial,W-noise,6,edge,AlMg5,29.0,7.0,59.5
partial,W-noise,7,edge,AlMg5,29.0,5.0,53.5
partial,W-noise,8,edge,AlMg5,29.0,6.0,73.0
partial,W-noise,9,edge,AlMg5,29.0,7.0,42.5
partial,W-noise,10,edge,AlMg5,29.0,7.0,59.5
partial,W-noise,11,edge,AlMg5,29.0,6.0,73.0
partial,W-noise,12,edge,AlMg5,29.0,7.0,66.5
partial,W-noise,13,edge,AlMg5,29.0,7.0,59.5
partial,W-noise,14,edge,AlMg5,29.0,7.0,35.5
partial,W-noise,15,edge,AlMg5,29.0,5.0,48.5
partial,W-noise,16,edge,AlMg5,29.0,5.0,48.5
partial,W-noise,17,edge,AlMg5,29.0,7.0,59.5
partial,W-noise,18,edge,AlMg5,29.0,5.0,48.5
partial,W-noise,19,edge,AlMg5,29.0,5.0,48.5
partial,W-noise,20,edge,AlMg5,29.0,5.0,53.5
partial,SF-noise,1,edge,AlMg5,63.0,7.0,16.5
partial,SF-noise,2,edge,AlMg5,63.0,7.0,35.5
partial,SF-noise,3,edge,AlMg5,63.0,7.0,35.5
partial,SF-noise,4,edge,AlMg5,63.0,7.0,35.5
partial,SF-noise,5,edge,AlMg5,63.0,6.0,29.0
partial,SF-noise,6,edge,AlMg5,63.0,7.0,35.5
partial,SF-noise,7,edge,AlMg5,63.0,7.0,35.5
partial,SF-noise,8,edge,AlMg5,63.0,7.0,42.5
partial,SF-noise,9,edge,AlMg5,63.0,6.0,23.0
partial,SF-noise,10,edge,AlMg5,63.0,7.0,35.5
partial,SF-noise,11,edge,AlMg5,63.0,7.0,42.5
partial,SF-noise,12,edge,AlMg5,63.0,6.0,29.0
partial,SF-noise,13,edge,AlMg5,63.0,6.0,29.0
partial,SF-noise,14,edge,AlMg5,63.0,6.0,23.0
partial,SF-noise,15,edge,AlMg5,63.0,6.0,29.0
partial,SF-noise,16,edge,AlMg5,63.0,6.0,23.0
partial,SF-noise,17,edge,AlMg5,63.0,7.0,35.5
partial,SF-noise,18,edge,AlMg5,63.0,7.0,35.5
partial,SF-noise,19,edge,AlMg5,63.0,6.0,29.0
partial,SF-noise,20,edge,AlMg5,63.0,7.0,42.5
partial,SS-C-noise,1,edge,AlMg5,63.0,7.0,135.5
partial,SS-C-noise,2,edge,AlMg5,63.0,7.0,135.5
partial,SS-C-noise,3,edge,AlMg5,63.0,7.0,166.5
partial,SS-C-noise,4,edge,AlMg5,63.0,7.0,159.5
partial,SS-C-noise,5,edge,AlMg5,63.0,7.0,142.5
partial,SS-C-noise,6,edge,AlMg5,63.0,7.0,142.5
partial,SS-C-noise,7,edge,AlMg5,63.0,7.0,142.5
partial,SS-C-noise,8,edge,AlMg5,63.0,5.0,153.5
partial,SS-C-noise,9,edge,AlMg5,63.0,7.0,159.5
partial,SS-C-noise,10,edge,AlMg5,63.0,7.0,159.5
partial,SS-C-noise,11,edge,AlMg5,63.0,6.0,173.0
partial,SS-C-noise,12,edge,AlMg5,63.0,7.0,142.5
partial,SS-C-noise,13,edge,AlMg5,63.0,7.0,159.5
partial,SS-C-noise,14,edge,AlMg5,63.0,7.0,159.5
partial,SS-C-noise,15,edge,AlMg5,63.0,7.0,159.5
partial,SS-C-noise,16,edge,AlMg5,63.0,6.0,129.0
partial,SS-C-noise,17,edge,AlMg5,63.0,5.0,148.5
partial,SS-C-noise,18,edge,AlMg5,63.0,5.0,148.5
partial,SS-C-noise,19,edge,AlMg5,63.0,7.0,159.5
partial,SS-C-noise,20,edge,AlMg5,63.0,5.0,198.5
partial,SS-SF-noise,1,edge,AlMg5,63.0,7.0,159.5
partial,SS-SF-noise,2,edge,AlMg5,63.0,7.0,142.5
partial,SS-SF-noise,3,edge,AlMg5,63.0,5.0,98.5
partial,SS-SF-noise,4,edge,AlMg5,63.0,5.0,153.5
partial,SS-SF-noise,5,edge,AlMg5,63.0,5.0,153.5
partial,SS-SF-noise,6,edge,AlMg5,63.0,7.0,166.5
partial,SS-SF-noise,7,edge,AlMg5,63.0,7.0,142.5
partial,SS-SF-noise,8,edge,AlMg5,63.0,5.0,153.5
partial,SS-SF-noise,9,edge,AlMg5,63.0,7.0,159.5
partial,SS-SF-noise,10,edge,AlMg5,63.0,7.0,166.5
partial,SS-SF-noise,11,edge,AlMg5,63.0,7.0,166.5
partial,SS-SF-noise,12,edge,AlMg5,63.0,7.0,166.5
partial,SS-SF-noise,13,edge,AlMg5,63.0,5.0,153.5
partial,SS-SF-noise,14,edge,AlMg5,63.0,7.0,159.5
partial,SS-SF-noise,15,edge,AlMg5,63.0,6.0,179.0
partial,SS-SF-noise,16,edge,AlMg5,63.0,7.0,135.5
partial,SS-SF-noise,17,edge,AlMg5,63.0,5.0,148.5
partial,SS-SF-noise,18,edge,AlMg5,63.0,7.0,159.5
partial,SS-SF-noise,19,edge,AlMg5,63.0,5.0,148.5
partial,SS-SF-noise,20,edge,AlMg5,63.0,7.0,192.5
partial,SS-W-noise,1,edge,AlMg5,63.0,6.0,179.0
partial,SS-W-noise,2,edge,AlMg5,63.0,7.0,159.5
partial,SS-W-noise,3,edge,AlMg5,63.0,7.0,135.5
partial,SS-W-noise,4,edge,AlMg5,63.0,7.0,142.5
partial,SS-W-noise,5,edge,AlMg5,63.0,5.0,148.5
partial,SS-W-noise,6,edge,AlMg5,63.0,6.0,173.0
partial,SS-W-noise,7,edge,AlMg5,63.0,5.0,148.5
partial,SS-W-noise,8,edge,AlMg5,63.0,7.0,159.5
partial,SS-W-noise,9,edge,AlMg5,63.0,6.0,173.0
partial,SS-W-noise,10,edge,AlMg5,63.0,6.0,173.0
partial,SS-W-noise,11,edge,AlMg5,63.0,7.0,166.5
partial,SS-W-noise,12,edge,AlMg5,63.0,7.0,192.5
partial,SS-W-noise,13,edge,AlMg5,63.0,5.0,153.5
partial,SS-W-noise,14,edge,AlMg5,63.0,6.0,173.0
partial,SS-W-noise,15,edge,AlMg5,63.0,7.0,209.5
partial,SS-W-noise,16,edge,AlMg5,63.0,5.0,153.5
partial,SS-W-noise,17,edge,AlMg5,63.0,7.0,166.5
partial,SS-W-noise,18,edge,AlMg5,63.0,7.0,166.5
partial,SS-W-noise,19,edge,AlMg5,63.0,6.0,173.0
partial,SS-W-noise,20,edge,AlMg5,63.0,7.0,185.5
partial,W-noise,1,edge,AlMg5,63.0,6.0,23.0
partial,W-noise,2,edge,AlMg5,63.0,5.0,48.5
partial,W-noise,3,edge,AlMg5,63.0,5.0,48.5
partial,W-noise,4,edge,AlMg5,63.0,7.0,42.5
partial,W-noise,5,edge,AlMg5,63.0,7.0,59.5
partial,W-noise,6,edge,AlMg5,63.0,5.0,48.5
partial,W-noise,7,edge,AlMg5,63.0,5.0,48.5
partial,W-noise,8,edge,AlMg5,63.0,5.0,53.5
partial,W-noise,9,edge,AlMg5,63.0,6.0,29.0
partial,W-noise,10,edge,AlMg5,63.0,5.0,48.5
partial,W-noise,11,edge,AlMg5,63.0,7.0,59.5
partial,W-noise,12,edge,AlMg5,63.0,5.0,53.5
partial,W-noise,13,edge,AlMg5,63.0,7.0,42.5
partial,W-noise,14,edge,AlMg5,63.0,5.0,53.5
partial,W-noise,15,edge,AlMg5,63.0,7.0,42.5
partial,W-noise,16,edge,AlMg5,63.0,6.0,29.0
partial,W-noise,17,edge,AlMg5,63.0,5.0,53.5
partial,W-noise,18,edge,AlMg5,63.0,7.0,35.5
partial,W-noise,19,edge,AlMg5,63.0,7.0,59.5
partial,W-noise,20,edge,AlMg5,63.0,7.0,59.5
partial,SF-noise,1,edge,AlMg5,109.0,7.0,35.5
partial,SF-noise,2,edge,AlMg5,109.0,7.0,16.5
partial,SF-noise,3,edge,AlMg5,109.0,6.0,29.0
partial,SF-noise,4,edge,AlMg5,109.0,7.0,16.5
partial,SF-noise,5,edge,AlMg5,109.0,6.0,23.0
partial,SF-noise,6,edge,AlMg5,109.0,6.0,23.0
partial,SF-noise,7,edge,AlMg5,109.0,7.0,16.5
partial,SF-noise,8,edge,AlMg5,109.0,7.0,35.5
partial,SF-noise,9,edge,AlMg5,109.0,6.0,29.0
partial,SF-noise,10,edge,AlMg5,109.0,6.0,29.0
partial,SF-noise,11,edge,AlMg5,109.0,50.0,26.0
partial,SS-C-noise,1,edge,AlMg5,109.0,5.0,153.5
partial,SS-C-noise,2,edge,AlMg5,109.0,6.0,129.0
partial,SS-C-noise,3,edge,AlMg5,109.0,6.0,123.0
partial,SS-C-noise,4,edge,AlMg5,109.0,5.0,148.5
partial,SS-C-noise,5,edge,AlMg5,109.0,6.0,129.0
partial,SS-C-noise,6,edge,AlMg5,109.0,6.0,129.0
partial,SS-C-noise,7,edge,AlMg5,109.0,5.0,148.5
partial,SS-C-noise,8,edge,AlMg5,109.0,1.0,
partial,SS-SF-noise,1,edge,AlMg5,109.0,7.0,166.5
partial,SS-SF-noise,2,edge,AlMg5,109.0,7.0,159.5
partial,SS-SF-noise,3,edge,AlMg5,109.0,7.0,135.5
partial,SS-SF-noise,4,edge,AlMg5,109.0,5.0,153.5
partial,SS-SF-noise,5,edge,AlMg5,109.0,7.0,135.5
partial,SS-SF-noise,6,edge,AlMg5,109.0,5.0,153.5
partial,SS-SF-noise,7,edge,AlMg5,109.0,6.0,173.0
partial,SS-SF-noise,8,edge,AlMg5,109.0,101.0,
partial,SS-W-noise,1,edge,AlMg5,109.0,7.0,166.5
partial,SS-W-noise,2,edge,AlMg5,109.0,7.0,166.5
partial,SS-W-noise,3,edge,AlMg5,109.0,7.0,142.5
partial,SS-W-noise,4,edge,AlMg5,109.0,5.0,148.5
partial,SS-W-noise,5,edge,AlMg5,109.0,5.0,153.5
partial,SS-W-noise,6,edge,AlMg5,109.0,7.0,166.5
partial,SS-W-noise,7,edge,AlMg5,109.0,6.0,173.0
partial,SS-W-noise,8,edge,AlMg5,109.0,5.0,153.5
partial,SS-W-noise,9,edge,AlMg5,109.0,101.0,
partial,W-noise,1,edge,AlMg5,109.0,5.0,53.5
partial,W-noise,2,edge,AlMg5,109.0,7.0,42.5
partial,W-noise,3,edge,AlMg5,109.0,7.0,35.5
partial,W-noise,4,edge,AlMg5,109.0,6.0,29.0
partial,W-noise,5,edge,AlMg5,109.0,7.0,35.5
partial,W-noise,6,edge,AlMg5,109.0,7.0,35.5
partial,W-noise,7,edge,AlMg5,109.0,7.0,42.5
partial,W-noise,8,edge,AlMg5,109.0,5.0,48.5
partial,W-noise,9,edge,AlMg5,109.0,7.0,42.5
partial,W-noise,10,edge,AlMg5,109.0,7.0,42.5
partial,W-noise,11,edge,AlMg5,109.0,7.0,42.5
partial,W-noise,12,edge,AlMg5,109.0,50.0,26.0
partial,SF-noise,1,edge,AlMg10,4.0,5.0,3.5
partial,SF-noise,2,edge,AlMg10,4.0,5.0,53.5
partial,SF-noise,3,edge,AlMg10,4.0,7.0,66.5
partial,SF-noise,5,edge,AlMg10,4.0,7.0,16.5
partial,SF-noise,6,edge,AlMg10,4.0,6.0,23.0
partial,SF-noise,8,edge,AlMg10,4.0,25.0,13.5
partial,SF-noise,9,edge,AlMg10,4.0,7.0,66.5
partial,SF-noise,10,edge,AlMg10,4.0,1.0,0.5
partial,SF-noise,12,edge,AlMg10,4.0,5.0,3.5
partial,SF-noise,14,edge,AlMg10,4.0,7.0,16.5
partial,SF-noise,15,edge,AlMg10,4.0,7.0,16.5
partial,SF-noise,17,edge,AlMg10,4.0,5.0,103.5
partial,SF-noise,19,edge,AlMg10,4.0,5.0,3.5
partial,SF-noise,20,edge,AlMg10,4.0,1.0,0.5
partial,SS-C-noise,1,edge,AlMg10,4.0,6.0,229.0
partial,SS-C-noise,2,edge,AlMg10,4.0,7.0,309.5
partial,SS-C-noise,3,edge,AlMg10,4.0,5.0,248.5
partial,SS-C-noise,4,edge,AlMg10,4.0,25.0,213.5
partial,SS-C-noise,5,edge,AlMg10,4.0,6.0,379.0
partial,SS-C-noise,6,edge,AlMg10,4.0,7.0,192.5
partial,SS-C-noise,7,edge,AlMg10,4.0,6.0,179.0
partial,SS-C-noise,8,edge,AlMg10,4.0,7.0,242.5
partial,SS-C-noise,9,edge,AlMg10,4.0,7.0,92.5
partial,SS-C-noise,10,edge,AlMg10,4.0,6.0,423.0
partial,SS-C-noise,11,edge,AlMg10,4.0,6.0,323.0
partial,SS-C-noise,12,edge,AlMg10,4.0,5.0,253.5
partial,SS-C-noise,13,edge,AlMg10,4.0,5.0,98.5
partial,SS-C-noise,14,edge,AlMg10,4.0,7.0,516.5
partial,SS-C-noise,15,edge,AlMg10,4.0,12.0,157.0
partial,SS-C-noise,16,edge,AlMg10,4.0,6.0,373.0
partial,SS-C-noise,17,edge,AlMg10,4.0,5.0,503.5
partial,SS-C-noise,18,edge,AlMg10,4.0,7.0,192.5
partial,SS-C-noise,19,edge,AlMg10,4.0,7.0,266.5
partial,SS-C-noise,20,edge,AlMg10,4.0,5.0,303.5
partial,SS-SF-noise,1,edge,AlMg10,4.0,7.0,159.5
partial,SS-SF-noise,2,edge,AlMg10,4.0,7.0,335.5
partial,SS-SF-noise,3,edge,AlMg10,4.0,7.0,166.5
partial,SS-SF-noise,4,edge,AlMg10,4.0,100.0,51.0
partial,SS-SF-noise,5,edge,AlMg10,4.0,5.0,403.5
partial,SS-SF-noise,6,edge,AlMg10,4.0,7.0,135.5
partial,SS-SF-noise,7,edge,AlMg10,4.0,7.0,609.5
partial,SS-SF-noise,8,edge,AlMg10,4.0,5.0,253.5
partial,SS-SF-noise,9,edge,AlMg10,4.0,6.0,229.0
partial,SS-SF-noise,10,edge,AlMg10,4.0,7.0,335.5
partial,SS-SF-noise,11,edge,AlMg10,4.0,12.0,107.0
partial,SS-SF-noise,12,edge,AlMg10,4.0,5.0,248.5
partial,SS-SF-noise,13,edge,AlMg10,4.0,5.0,353.5
partial,SS-SF-noise,14,edge,AlMg10,4.0,7.0,509.5
partial,SS-SF-noise,15,edge,AlMg10,4.0,7.0,309.5
partial,SS-SF-noise,16,edge,AlMg10,4.0,7.0,385.5
partial,SS-SF-noise,17,edge,AlMg10,4.0,7.0,392.5
partial,SS-SF-noise,18,edge,AlMg10,4.0,5.0,98.5
partial,SS-SF-noise,19,edge,AlMg10,4.0,5.0,98.5
partial,SS-SF-noise,20,edge,AlMg10,4.0,5.0,398.5
partial,SS-W-noise,1,edge,AlMg10,4.0,7.0,192.5
partial,SS-W-noise,2,edge,AlMg10,4.0,6.0,173.0
partial,SS-W-noise,3,edge,AlMg10,4.0,5.0,153.5
partial,SS-W-noise,4,edge,AlMg10,4.0,100.0,51.0
partial,SS-W-noise,5,edge,AlMg10,4.0,201.0,
partial,SS-W-noise,6,edge,AlMg10,4.0,7.0,85.5
partial,SS-W-noise,7,edge,AlMg10,4.0,5.0,553.5
partial,SS-W-noise,8,edge,AlMg10,4.0,7.0,292.5
partial,SS-W-noise,9,edge,AlMg10,4.0,7.0,42.5
partial,SS-W-noise,10,edge,AlMg10,4.0,100.0,251.0
partial,SS-W-noise,11,edge,AlMg10,4.0,7.0,159.5
partial,SS-W-noise,12,edge,AlMg10,4.0,7.0,242.5
partial,SS-W-noise,13,edge,AlMg10,4.0,6.0,79.0
partial,SS-W-noise,14,edge,AlMg10,4.0,7.0,509.5
partial,SS-W-noise,15,edge,AlMg10,4.0,13.0,132.5
partial,SS-W-noise,16,edge,AlMg10,4.0,7.0,335.5
partial,SS-W-noise,17,edge,AlMg10,4.0,7.0,409.5
partial,SS-W-noise,18,edge,AlMg10,4.0,5.0,198.5
partial,SS-W-noise,19,edge,AlMg10,4.0,7.0,185.5
partial,SS-W-noise,20,edge,AlMg10,4.0,7.0,392.5
partial,W-noise,1,edge,AlMg10,4.0,7.0,35.5
partial,W-noise,2,edge,AlMg10,4.0,1.0,0.5
partial,W-noise,3,edge,AlMg10,4.0,6.0,29.0
partial,W-noise,4,edge,AlMg10,4.0,5.0,48.5
partial,W-noise,5,edge,AlMg10,4.0,7.0,59.5
partial,W-noise,7,edge,AlMg10,4.0,50.0,26.0
partial,W-noise,8,edge,AlMg10,4.0,50.0,26.0
partial,W-noise,9,edge,AlMg10,4.0,7.0,85.5
partial,W-noise,10,edge,AlMg10,4.0,13.0,32.5
partial,W-noise,11,edge,AlMg10,4.0,7.0,9.5
partial,W-noise,13,edge,AlMg10,4.0,50.0,26.0
partial,W-noise,14,edge,AlMg10,4.0,6.0,23.0
partial,W-noise,15,edge,AlMg10,4.0,7.0,16.5
partial,W-noise,17,edge,AlMg10,4.0,7.0,116.5
partial,W-noise,18,edge,AlMg10,4.0,7.0,59.5
partial,W-noise,20,edge,AlMg10,4.0,6.0,79.0
partial,SF-noise,1,edge,AlMg10,29.0,7.0,42.5
partial,SF-noise,2,edge,AlMg10,29.0,7.0,42.5
partial,SF-noise,3,edge,AlMg10,29.0,5.0,48.5
partial,SF-noise,4,edge,AlMg10,29.0,5.0,53.5
partial,SF-noise,5,edge,AlMg10,29.0,7.0,42.5
partial,SF-noise,7,edge,AlMg10,29.0,5.0,53.5
partial,SF-noise,8,edge,AlMg10,29.0,7.0,66.5
partial,SF-noise,9,edge,AlMg10,29.0,7.0,35.5
partial,SF-noise,10,edge,AlMg10,29.0,7.0,42.5
partial,SF-noise,11,edge,AlMg10,29.0,7.0,59.5
partial,SF-noise,12,edge,AlMg10,29.0,7.0,59.5
partial,SF-noise,13,edge,AlMg10,29.0,7.0,35.5
partial,SF-noise,14,edge,AlMg10,29.0,7.0,42.5
partial,SF-noise,15,edge,AlMg10,29.0,5.0,48.5
partial,SF-noise,16,edge,AlMg10,29.0,5.0,53.5
partial,SF-noise,17,edge,AlMg10,29.0,7.0,59.5
partial,SF-noise,18,edge,AlMg10,29.0,5.0,48.5
partial,SF-noise,20,edge,AlMg10,29.0,7.0,42.5
partial,SS-C-noise,1,edge,AlMg10,29.0,7.0,259.5
partial,SS-C-noise,2,edge,AlMg10,29.0,7.0,342.5
partial,SS-C-noise,3,edge,AlMg10,29.0,6.0,279.0
partial,SS-C-noise,4,edge,AlMg10,29.0,5.0,298.5
partial,SS-C-noise,5,edge,AlMg10,29.0,5.0,248.5
partial,SS-C-noise,6,edge,AlMg10,29.0,6.0,329.0
partial,SS-C-noise,7,edge,AlMg10,29.0,7.0,242.5
partial,SS-C-noise,8,edge,AlMg10,29.0,7.0,342.5
partial,SS-C-noise,9,edge,AlMg10,29.0,7.0,235.5
partial,SS-C-noise,10,edge,AlMg10,29.0,7.0,309.5
partial,SS-C-noise,11,edge,AlMg10,29.0,7.0,266.5
partial,SS-C-noise,12,edge,AlMg10,29.0,6.0,323.0
partial,SS-C-noise,13,edge,AlMg10,29.0,7.0,259.5
partial,SS-C-noise,14,edge,AlMg10,29.0,7.0,292.5
partial,SS-C-noise,15,edge,AlMg10,29.0,5.0,253.5
partial,SS-C-noise,16,edge,AlMg10,29.0,5.0,298.5
partial,SS-C-noise,17,edge,AlMg10,29.0,7.0,266.5
partial,SS-C-noise,18,edge,AlMg10,29.0,5.0,298.5
partial,SS-C-noise,19,edge,AlMg10,29.0,7.0,266.5
partial,SS-C-noise,20,edge,AlMg10,29.0,7.0,235.5
partial,SS-SF-noise,1,edge,AlMg10,29.0,5.0,298.5
partial,SS-SF-noise,2,edge,AlMg10,29.0,7.0,342.5
partial,SS-SF-noise,3,edge,AlMg10,29.0,6.0,273.0
partial,SS-SF-noise,4,edge,AlMg10,29.0,7.0,166.5
partial,SS-SF-noise,5,edge,AlMg10,29.0,6.0,279.0
partial,SS-SF-noise,6,edge,AlMg10,29.0,6.0,223.0
partial,SS-SF-noise,7,edge,AlMg10,29.0,7.0,242.5
partial,SS-SF-noise,8,edge,AlMg10,29.0,6.0,329.0
partial,SS-SF-noise,9,edge,AlMg10,29.0,6.0,279.0
partial,SS-SF-noise,10,edge,AlMg10,29.0,5.0,248.5
partial,SS-SF-noise,11,edge,AlMg10,29.0,5.0,198.5
partial,SS-SF-noise,12,edge,AlMg10,29.0,7.0,259.5
partial,SS-SF-noise,13,edge,AlMg10,29.0,7.0,309.5
partial,SS-SF-noise,14,edge,AlMg10,29.0,7.0,309.5
partial,SS-SF-noise,15,edge,AlMg10,29.0,7.0,259.5
partial,SS-SF-noise,16,edge,AlMg10,29.0,7.0,359.5
partial,SS-SF-noise,17,edge,AlMg10,29.0,7.0,316.5
partial,SS-SF-noise,18,edge,AlMg10,29.0,5.0,298.5
partial,SS-SF-noise,19,edge,AlMg10,29.0,5.0,248.5
partial,SS-SF-noise,20,edge,AlMg10,29.0,6.0,229.0
partial,SS-W-noise,1,edge,AlMg10,29.0,7.0,309.5
partial,SS-W-noise,2,edge,AlMg10,29.0,7.0,235.5
partial,SS-W-noise,3,edge,AlMg10,29.0,7.0,266.5
partial,SS-W-noise,4,edge,AlMg10,29.0,5.0,298.5
partial,SS-W-noise,5,edge,AlMg10,29.0,7.0,266.5
partial,SS-W-noise,6,edge,AlMg10,29.0,7.0,259.5
partial,SS-W-noise,7,edge,AlMg10,29.0,6.0,273.0
partial,SS-W-noise,8,edge,AlMg10,29.0,6.0,323.0
partial,SS-W-noise,9,edge,AlMg10,29.0,5.0,303.5
partial,SS-W-noise,10,edge,AlMg10,29.0,7.0,292.5
partial,SS-W-noise,11,edge,AlMg10,29.0,7.0,259.5
partial,SS-W-noise,12,edge,AlMg10,29.0,5.0,248.5
partial,SS-W-noise,13,edge,AlMg10,29.0,6.0,329.0
partial,SS-W-noise,14,edge,AlMg10,29.0,7.0,316.5
partial,SS-W-noise,15,edge,AlMg10,29.0,6.0,273.0
partial,SS-W-noise,16,edge,AlMg10,29.0,7.0,359.5
partial,SS-W-noise,17,edge,AlMg10,29.0,7.0,292.5
partial,SS-W-noise,18,edge,AlMg10,29.0,6.0,323.0
partial,SS-W-noise,19,edge,AlMg10,29.0,7.0,242.5
partial,SS-W-noise,20,edge,AlMg10,29.0,6.0,229.0
partial,W-noise,1,edge,AlMg10,29.0,7.0,59.5
partial,W-noise,2,edge,AlMg10,29.0,7.0,59.5
partial,W-noise,3,edge,AlMg10,29.0,7.0,85.5
partial,W-noise,4,edge,AlMg10,29.0,7.0,85.5
partial,W-noise,5,edge,AlMg10,29.0,7.0,59.5
partial,W-noise,6,edge,AlMg10,29.0,6.0,79.0
partial,W-noise,7,edge,AlMg10,29.0,6.0,73.0
partial,W-noise,8,edge,AlMg10,29.0,7.0,109.5
partial,W-noise,9,edge,AlMg10,29.0,5.0,48.5
partial,W-noise,10,edge,AlMg10,29.0,6.0,79.0
partial,W-noise,11,edge,AlMg10,29.0,7.0,92.5
partial,W-noise,12,edge,AlMg10,29.0,7.0,85.5
partial,W-noise,13,edge,AlMg10,29.0,5.0,48.5
partial,W-noise,14,edge,AlMg10,29.0,7.0,42.5
partial,W-noise,15,edge,AlMg10,29.0,7.0,59.5
partial,W-noise,16,edge,AlMg10,29.0,6.0,73.0
partial,W-noise,17,edge,AlMg10,29.0,6.0,73.0
partial,W-noise,18,edge,AlMg10,29.0,6.0,79.0
partial,W-noise,19,edge,AlMg10,29.0,7.0,42.5
partial,W-noise,20,edge,AlMg10,29.0,7.0,66.5
partial,SF-noise,1,edge,AlMg10,63.0,7.0,35.5
partial,SF-noise,2,edge,AlMg10,63.0,7.0,42.5
partial,SF-noise,3,edge,AlMg10,63.0,7.0,42.5
partial,SF-noise,4,edge,AlMg10,63.0,7.0,42.5
partial,SF-noise,5,edge,AlMg10,63.0,7.0,35.5
partial,SF-noise,6,edge,AlMg10,63.0,7.0,42.5
partial,SF-noise,7,edge,AlMg10,63.0,5.0,48.5
partial,SF-noise,8,edge,AlMg10,63.0,5.0,53.5
partial,SF-noise,9,edge,AlMg10,63.0,7.0,35.5
partial,SF-noise,10,edge,AlMg10,63.0,7.0,42.5
partial,SF-noise,11,edge,AlMg10,63.0,5.0,53.5
partial,SF-noise,12,edge,AlMg10,63.0,7.0,42.5
partial,SF-noise,13,edge,AlMg10,63.0,7.0,42.5
partial,SF-noise,14,edge,AlMg10,63.0,5.0,48.5
partial,SF-noise,15,edge,AlMg10,63.0,7.0,35.5
partial,SF-noise,16,edge,AlMg10,63.0,6.0,29.0
partial,SF-noise,17,edge,AlMg10,63.0,7.0,42.5
partial,SF-noise,18,edge,AlMg10,63.0,7.0,42.5
partial,SF-noise,19,edge,AlMg10,63.0,5.0,53.5
partial,SF-noise,20,edge,AlMg10,63.0,7.0,59.5
partial,SS-C-noise,1,edge,AlMg10,63.0,7.0,216.5
partial,SS-C-noise,2,edge,AlMg10,63.0,7.0,242.5
partial,SS-C-noise,3,edge,AlMg10,63.0,7.0,242.5
partial,SS-C-noise,4,edge,AlMg10,63.0,7.0,235.5
partial,SS-C-noise,5,edge,AlMg10,63.0,6.0,223.0
partial,SS-C-noise,6,edge,AlMg10,63.0,6.0,273.0
partial,SS-C-noise,7,edge,AlMg10,63.0,6.0,223.0
partial,SS-C-noise,8,edge,AlMg10,63.0,7.0,266.5
partial,SS-C-noise,9,edge,AlMg10,63.0,6.0,273.0
partial,SS-C-noise,10,edge,AlMg10,63.0,7.0,235.5
partial,SS-C-noise,11,edge,AlMg10,63.0,6.0,223.0
partial,SS-C-noise,12,edge,AlMg10,63.0,5.0,248.5
partial,SS-C-noise,13,edge,AlMg10,63.0,5.0,248.5
partial,SS-C-noise,14,edge,AlMg10,63.0,7.0,259.5
partial,SS-C-noise,15,edge,AlMg10,63.0,5.0,248.5
partial,SS-C-noise,16,edge,AlMg10,63.0,6.0,223.0
partial,SS-C-noise,17,edge,AlMg10,63.0,7.0,235.5
partial,SS-C-noise,18,edge,AlMg10,63.0,6.0,279.0
partial,SS-C-noise,19,edge,AlMg10,63.0,50.0,276.0
partial,SS-SF-noise,1,edge,AlMg10,63.0,7.0,242.5
partial,SS-SF-noise,2,edge,AlMg10,63.0,7.0,216.5
partial,SS-SF-noise,3,edge,AlMg10,63.0,7.0,235.5
partial,SS-SF-noise,4,edge,AlMg10,63.0,6.0,229.0
partial,SS-SF-noise,5,edge,AlMg10,63.0,7.0,242.5
partial,SS-SF-noise,6,edge,AlMg10,63.0,6.0,223.0
partial,SS-SF-noise,7,edge,AlMg10,63.0,6.0,229.0
partial,SS-SF-noise,8,edge,AlMg10,63.0,6.0,273.0
partial,SS-SF-noise,9,edge,AlMg10,63.0,7.0,259.5
partial,SS-SF-noise,10,edge,AlMg10,63.0,6.0,273.0
partial,SS-SF-noise,11,edge,AlMg10,63.0,5.0,248.5
partial,SS-SF-noise,12,edge,AlMg10,63.0,5.0,248.5
partial,SS-SF-noise,13,edge,AlMg10,63.0,6.0,273.0
partial,SS-SF-noise,14,edge,AlMg10,63.0,7.0,259.5
partial,SS-SF-noise,15,edge,AlMg10,63.0,6.0,279.0
partial,SS-SF-noise,16,edge,AlMg10,63.0,6.0,223.0
partial,SS-SF-noise,17,edge,AlMg10,63.0,7.0,216.5
partial,SS-SF-noise,18,edge,AlMg10,63.0,7.0,292.5
partial,SS-SF-noise,19,edge,AlMg10,63.0,100.0,251.0
partial,SS-W-noise,1,edge,AlMg10,63.0,6.0,273.0
partial,SS-W-noise,2,edge,AlMg10,63.0,6.0,229.0
partial,SS-W-noise,3,edge,AlMg10,63.0,7.0,242.5
partial,SS-W-noise,4,edge,AlMg10,63.0,7.0,242.5
partial,SS-W-noise,5,edge,AlMg10,63.0,6.0,229.0
partial,SS-W-noise,6,edge,AlMg10,63.0,5.0,248.5
partial,SS-W-noise,7,edge,AlMg10,63.0,5.0,248.5
partial,SS-W-noise,8,edge,AlMg10,63.0,7.0,316.5
partial,SS-W-noise,9,edge,AlMg10,63.0,7.0,266.5
partial,SS-W-noise,10,edge,AlMg10,63.0,7.0,316.5
partial,SS-W-noise,11,edge,AlMg10,63.0,7.0,259.5
partial,SS-W-noise,12,edge,AlMg10,63.0,7.0,266.5
partial,SS-W-noise,13,edge,AlMg10,63.0,6.0,273.0
partial,SS-W-noise,14,edge,AlMg10,63.0,7.0,266.5
partial,SS-W-noise,15,edge,AlMg10,63.0,5.0,298.5
partial,SS-W-noise,16,edge,AlMg10,63.0,5.0,253.5
partial,SS-W-noise,17,edge,AlMg10,63.0,5.0,248.5
partial,SS-W-noise,18,edge,AlMg10,63.0,7.0,292.5
partial,SS-W-noise,19,edge,AlMg10,63.0,7.0,266.5
partial,SS-W-noise,20,edge,AlMg10,63.0,6.0,279.0
partial,W-noise,1,edge,AlMg10,63.0,7.0,85.5
partial,W-noise,2,edge,AlMg10,63.0,7.0,66.5
partial,W-noise,3,edge,AlMg10,63.0,7.0,66.5
partial,W-noise,4,edge,AlMg10,63.0,5.0,53.5
partial,W-noise,5,edge,AlMg10,63.0,6.0,79.0
partial,W-noise,6,edge,AlMg10,63.0,7.0,59.5
partial,W-noise,7,edge,AlMg10,63.0,7.0,59.5
partial,W-noise,8,edge,AlMg10,63.0,7.0,59.5
partial,W-noise,9,edge,AlMg10,63.0,7.0,42.5
partial,W-noise,10,edge,AlMg10,63.0,6.0,79.0
partial,W-noise,11,edge,AlMg10,63.0,6.0,73.0
partial,W-noise,12,edge,AlMg10,63.0,6.0,73.0
partial,W-noise,13,edge,AlMg10,63.0,7.0,59.5
partial,W-noise,14,edge,AlMg10,63.0,7.0,66.5
partial,W-noise,15,edge,AlMg10,63.0,7.0,59.5
partial,W-noise,16,edge,AlMg10,63.0,7.0,42.5
partial,W-noise,17,edge,AlMg10,63.0,7.0,66.5
partial,W-noise,18,edge,AlMg10,63.0,7.0,66.5
partial,W-noise,19,edge,AlMg10,63.0,6.0,73.0
partial,W-noise,20,edge,AlMg10,63.0,6.0,79.0
partial,SF-noise,1,edge,AlMg10,109.0,7.0,42.5
partial,SF-noise,2,edge,AlMg10,109.0,6.0,23.0
partial,SF-noise,3,edge,AlMg10,109.0,7.0,42.5
partial,SF-noise,4,edge,AlMg10,109.0,6.0,29.0
partial,SF-noise,5,edge,AlMg10,109.0,7.0,35.5
partial,SF-noise,6,edge,AlMg10,109.0,7.0,35.5
partial,SF-noise,7,edge,AlMg10,109.0,7.0,42.5
partial,SF-noise,8,edge,AlMg10,109.0,7.0,42.5
partial,SF-noise,9,edge,AlMg10,109.0,7.0,35.5
partial,SF-noise,10,edge,AlMg10,109.0,7.0,42.5
partial,SF-noise,11,edge,AlMg10,109.0,50.0,26.0
partial,SS-C-noise,1,edge,AlMg10,109.0,7.0,235.5
partial,SS-C-noise,2,edge,AlMg10,109.0,7.0,216.5
partial,SS-C-noise,3,edge,AlMg10,109.0,7.0,242.5
partial,SS-C-noise,4,edge,AlMg10,109.0,7.0,259.5
partial,SS-C-noise,5,edge,AlMg10,109.0,7.0,216.5
partial,SS-C-noise,6,edge,AlMg10,109.0,7.0,235.5
partial,SS-C-noise,7,edge,AlMg10,109.0,101.0,
partial,SS-SF-noise,1,edge,AlMg10,109.0,5.0,253.5
partial,SS-SF-noise,2,edge,AlMg10,109.0,7.0,242.5
partial,SS-SF-noise,3,edge,AlMg10,109.0,6.0,223.0
partial,SS-SF-noise,4,edge,AlMg10,109.0,6.0,229.0
partial,SS-SF-noise,5,edge,AlMg10,109.0,6.0,223.0
partial,SS-SF-noise,6,edge,AlMg10,109.0,7.0,235.5
partial,SS-SF-noise,7,edge,AlMg10,109.0,101.0,
partial,SS-W-noise,1,edge,AlMg10,109.0,7.0,259.5
partial,SS-W-noise,2,edge,AlMg10,109.0,7.0,235.5
partial,SS-W-noise,3,edge,AlMg10,109.0,6.0,223.0
partial,SS-W-noise,4,edge,AlMg10,109.0,5.0,248.5
partial,SS-W-noise,5,edge,AlMg10,109.0,7.0,259.5
partial,SS-W-noise,6,edge,AlMg10,109.0,5.0,253.5
partial,SS-W-noise,7,edge,AlMg10,109.0,5.0,253.5
partial,SS-W-noise,8,edge,AlMg10,109.0,1.0,
partial,W-noise,1,edge,AlMg10,109.0,6.0,73.0
partial,W-noise,2,edge,AlMg10,109.0,7.0,59.5
partial,W-noise,3,edge,AlMg10,109.0,7.0,59.5
partial,W-noise,4,edge,AlMg10,109.0,7.0,42.5
partial,W-noise,5,edge,AlMg10,109.0,7.0,35.5
partial,W-noise,6,edge,AlMg10,109.0,7.0,66.5
partial,W-noise,7,edge,AlMg10,109.0,7.0,59.5
partial,W-noise,8,edge,AlMg10,109.0,7.0,66.5
partial,W-noise,9,edge,AlMg10,109.0,7.0,59.5
partial,W-noise,10,edge,AlMg10,109.0,7.0,66.5
partial,W-noise,11,edge,AlMg10,109.0,5.0,53.5
partial,W-noise,12,edge,AlMg10,109.0,5.0,53.5
partial,W-noise,13,edge,AlMg10,109.0,1.0,
partial,SF-noise,1,edge,AlMg15,4.0,7.0,9.5
partial,SF-noise,2,edge,AlMg15,4.0,1.0,0.5
partial,SF-noise,3,edge,AlMg15,4.0,7.0,85.5
partial,SF-noise,5,edge,AlMg15,4.0,6.0,79.0
partial,SF-noise,6,edge,AlMg15,4.0,7.0,35.5
partial,SF-noise,7,edge,AlMg15,4.0,7.0,35.5
partial,SF-noise,8,edge,AlMg15,4.0,50.0,26.0
partial,SF-noise,9,edge,AlMg15,4.0,6.0,73.0
partial,SF-noise,10,edge,AlMg15,4.0,7.0,42.5
partial,SF-noise,12,edge,AlMg15,4.0,5.0,3.5
partial,SF-noise,14,edge,AlMg15,4.0,5.0,103.5
partial,SF-noise,15,edge,AlMg15,4.0,7.0,9.5
partial,SF-noise,17,edge,AlMg15,4.0,7.0,142.5
partial,SF-noise,19,edge,AlMg15,4.0,5.0,3.5
partial,SS-C-noise,1,edge,AlMg15,4.0,7.0,242.5
partial,SS-C-noise,2,edge,AlMg15,4.0,7.0,285.5
partial,SS-C-noise,3,edge,AlMg15,4.0,7.0,266.5
partial,SS-C-noise,4,edge,AlMg15,4.0,25.0,263.5
partial,SS-C-noise,5,edge,AlMg15,4.0,50.0,426.0
partial,SS-C-noise,6,edge,AlMg15,4.0,7.0,242.5
partial,SS-C-noise,7,edge,AlMg15,4.0,5.0,248.5
partial,SS-C-noise,8,edge,AlMg15,4.0,50.0,26.0
partial,SS-C-noise,9,edge,AlMg15,4.0,7.0,266.5
partial,SS-C-noise,10,edge,AlMg15,4.0,6.0,473.0
partial,SS-C-noise,11,edge,AlMg15,4.0,100.0,51.0
partial,SS-C-noise,12,edge,AlMg15,4.0,6.0,279.0
partial,SS-C-noise,13,edge,AlMg15,4.0,6.0,529.0
partial,SS-C-noise,14,edge,AlMg15,4.0,7.0,92.5
partial,SS-C-noise,15,edge,AlMg15,4.0,7.0,242.5
partial,SS-C-noise,16,edge,AlMg15,4.0,7.0,442.5
partial,SS-C-noise,17,edge,AlMg15,4.0,5.0,648.5
partial,SS-C-noise,18,edge,AlMg15,4.0,7.0,242.5
partial,SS-C-noise,19,edge,AlMg15,4.0,7.0,316.5
partial,SS-C-noise,20,edge,AlMg15,4.0,5.0,353.5
partial,SS-SF-noise,1,edge,AlMg15,4.0,7.0,292.5
partial,SS-SF-noise,2,edge,AlMg15,4.0,5.0,298.5
partial,SS-SF-noise,3,edge,AlMg15,4.0,13.0,132.5
partial,SS-SF-noise,4,edge,AlMg15,4.0,13.0,232.5
partial,SS-SF-noise,5,edge,AlMg15,4.0,25.0,463.5
partial,SS-SF-noise,6,edge,AlMg15,4.0,7.0,259.5
partial,SS-SF-noise,7,edge,AlMg15,4.0,7.0,685.5
partial,SS-SF-noise,8,edge,AlMg15,4.0,7.0,259.5
partial,SS-SF-noise,9,edge,AlMg15,4.0,6.0,329.0
partial,SS-SF-noise,10,edge,AlMg15,4.0,6.0,373.0
partial,SS-SF-noise,11,edge,AlMg15,4.0,25.0,113.5
partial,SS-SF-noise,12,edge,AlMg15,4.0,5.0,303.5
partial,SS-SF-noise,13,edge,AlMg15,4.0,7.0,116.5
partial,SS-SF-noise,14,edge,AlMg15,4.0,6.0,573.0
partial,SS-SF-noise,15,edge,AlMg15,4.0,6.0,379.0
partial,SS-SF-noise,16,edge,AlMg15,4.0,7.0,435.5
partial,SS-SF-noise,17,edge,AlMg15,4.0,7.0,435.5
partial,SS-SF-noise,18,edge,AlMg15,4.0,5.0,348.5
partial,SS-SF-noise,19,edge,AlMg15,4.0,7.0,185.5
partial,SS-SF-noise,20,edge,AlMg15,4.0,5.0,498.5
partial,SS-W-noise,1,edge,AlMg15,4.0,7.0,242.5
partial,SS-W-noise,2,edge,AlMg15,4.0,7.0,392.5
partial,SS-W-noise,3,edge,AlMg15,4.0,7.0,235.5
partial,SS-W-noise,4,edge,AlMg15,4.0,25.0,263.5
partial,SS-W-noise,5,edge,AlMg15,4.0,25.0,513.5
partial,SS-W-noise,6,edge,AlMg15,4.0,7.0,66.5
partial,SS-W-noise,7,edge,AlMg15,4.0,7.0,609.5
partial,SS-W-noise,8,edge,AlMg15,4.0,13.0,182.5
partial,SS-W-noise,9,edge,AlMg15,4.0,6.0,329.0
partial,SS-W-noise,10,edge,AlMg15,4.0,7.0,159.5
partial,SS-W-noise,11,edge,AlMg15,4.0,25.0,113.5
partial,SS-W-noise,12,edge,AlMg15,4.0,6.0,273.0
partial,SS-W-noise,14,edge,AlMg15,4.0,7.0,592.5
partial,SS-W-noise,15,edge,AlMg15,4.0,100.0,51.0
partial,SS-W-noise,16,edge,AlMg15,4.0,7.0,285.5
partial,SS-W-noise,17,edge,AlMg15,4.0,7.0,516.5
partial,SS-W-noise,18,edge,AlMg15,4.0,7.0,335.5
partial,SS-W-noise,19,edge,AlMg15,4.0,7.0,192.5
partial,SS-W-noise,20,edge,AlMg15,4.0,7.0,485.5
partial,W-noise,1,edge,AlMg15,4.0,7.0,35.5
partial,W-noise,2,edge,AlMg15,4.0,12.0,7.0
partial,W-noise,3,edge,AlMg15,4.0,6.0,29.0
partial,W-noise,4,edge,AlMg15,4.0,7.0,59.5
partial,W-noise,5,edge,AlMg15,4.0,7.0,66.5
partial,W-noise,7,edge,AlMg15,4.0,50.0,26.0
partial,W-noise,8,edge,AlMg15,4.0,50.0,26.0
partial,W-noise,9,edge,AlMg15,4.0,5.0,98.5
partial,W-noise,10,edge,AlMg15,4.0,13.0,32.5
partial,W-noise,11,edge,AlMg15,4.0,7.0,16.5
partial,W-noise,13,edge,AlMg15,4.0,100.0,51.0
partial,W-noise,14,edge,AlMg15,4.0,5.0,103.5
partial,W-noise,15,edge,AlMg15,4.0,7.0,9.5
partial,W-noise,17,edge,AlMg15,4.0,7.0,66.5
partial,W-noise,18,edge,AlMg15,4.0,7.0,92.5
partial,W-noise,20,edge,AlMg15,4.0,6.0,79.0
partial,SF-noise,1,edge,AlMg15,29.0,5.0,53.5
partial,SF-noise,2,edge,AlMg15,29.0,5.0,48.5
partial,SF-noise,3,edge,AlMg15,29.0,5.0,53.5
partial,SF-noise,4,edge,AlMg15,29.0,7.0,66.5
partial,SF-noise,5,edge,AlMg15,29.0,7.0,42.5
partial,SF-noise,6,edge,AlMg15,29.0,7.0,59.5
partial,SF-noise,7,edge,AlMg15,29.0,5.0,53.5
partial,SF-noise,8,edge,AlMg15,29.0,7.0,59.5
partial,SF-noise,9,edge,AlMg15,29.0,7.0,42.5
partial,SF-noise,10,edge,AlMg15,29.0,5.0,48.5
partial,SF-noise,11,edge,AlMg15,29.0,6.0,73.0
partial,SF-noise,12,edge,AlMg15,29.0,5.0,48.5
partial,SF-noise,13,edge,AlMg15,29.0,7.0,42.5
partial,SF-noise,14,edge,AlMg15,29.0,5.0,48.5
partial,SF-noise,15,edge,AlMg15,29.0,7.0,59.5
partial,SF-noise,16,edge,AlMg15,29.0,7.0,59.5
partial,SF-noise,17,edge,AlMg15,29.0,6.0,73.0
partial,SF-noise,18,edge,AlMg15,29.0,7.0,59.5
partial,SF-noise,19,edge,AlMg15,29.0,5.0,48.5
partial,SF-noise,20,edge,AlMg15,29.0,6.0,79.0
partial,SS-C-noise,1,edge,AlMg15,29.0,7.0,285.5
partial,SS-C-noise,2,edge,AlMg15,29.0,5.0,298.5
partial,SS-C-noise,3,edge,AlMg15,29.0,7.0,359.5
partial,SS-C-noise,4,edge,AlMg15,29.0,5.0,198.5
partial,SS-C-noise,5,edge,AlMg15,29.0,6.0,323.0
partial,SS-C-noise,6,edge,AlMg15,29.0,7.0,392.5
partial,SS-C-noise,7,edge,AlMg15,29.0,7.0,316.5
partial,SS-C-noise,8,edge,AlMg15,29.0,5.0,298.5
partial,SS-C-noise,9,edge,AlMg15,29.0,7.0,309.5
partial,SS-C-noise,10,edge,AlMg15,29.0,5.0,303.5
partial,SS-C-noise,11,edge,AlMg15,29.0,7.0,342.5
partial,SS-C-noise,12,edge,AlMg15,29.0,5.0,348.5
partial,SS-C-noise,13,edge,AlMg15,29.0,6.0,329.0
partial,SS-C-noise,14,edge,AlMg15,29.0,6.0,323.0
partial,SS-C-noise,15,edge,AlMg15,29.0,6.0,329.0
partial,SS-C-noise,16,edge,AlMg15,29.0,7.0,266.5
partial,SS-C-noise,17,edge,AlMg15,29.0,6.0,323.0
partial,SS-C-noise,18,edge,AlMg15,29.0,6.0,329.0
partial,SS-C-noise,19,edge,AlMg15,29.0,5.0,353.5
partial,SS-C-noise,20,edge,AlMg15,29.0,5.0,303.5
partial,SS-SF-noise,1,edge,AlMg15,29.0,7.0,335.5
partial,SS-SF-noise,2,edge,AlMg15,29.0,6.0,279.0
partial,SS-SF-noise,3,edge,AlMg15,29.0,7.0,366.5
partial,SS-SF-noise,4,edge,AlMg15,29.0,6.0,329.0
partial,SS-SF-noise,5,edge,AlMg15,29.0,7.0,342.5
partial,SS-SF-noise,6,edge,AlMg15,29.0,7.0,409.5
partial,SS-SF-noise,7,edge,AlMg15,29.0,6.0,323.0
partial,SS-SF-noise,8,edge,AlMg15,29.0,6.0,379.0
partial,SS-SF-noise,9,edge,AlMg15,29.0,7.0,366.5
partial,SS-SF-noise,10,edge,AlMg15,29.0,5.0,198.5
partial,SS-SF-noise,11,edge,AlMg15,29.0,7.0,335.5
partial,SS-SF-noise,12,edge,AlMg15,29.0,6.0,373.0
partial,SS-SF-noise,13,edge,AlMg15,29.0,7.0,385.5
partial,SS-SF-noise,14,edge,AlMg15,29.0,5.0,353.5
partial,SS-SF-noise,15,edge,AlMg15,29.0,5.0,348.5
partial,SS-SF-noise,16,edge,AlMg15,29.0,7.0,316.5
partial,SS-SF-noise,17,edge,AlMg15,29.0,7.0,366.5
partial,SS-SF-noise,18,edge,AlMg15,29.0,5.0,403.5
partial,SS-SF-noise,19,edge,AlMg15,29.0,7.0,309.5
partial,SS-SF-noise,20,edge,AlMg15,29.0,7.0,316.5
partial,SS-W-noise,1,edge,AlMg15,29.0,7.0,359.5
partial,SS-W-noise,2,edge,AlMg15,29.0,6.0,279.0
partial,SS-W-noise,3,edge,AlMg15,29.0,7.0,335.5
partial,SS-W-noise,4,edge,AlMg15,29.0,7.0,335.5
partial,SS-W-noise,5,edge,AlMg15,29.0,5.0,303.5
partial,SS-W-noise,6,edge,AlMg15,29.0,7.0,435.5
partial,SS-W-noise,7,edge,AlMg15,29.0,5.0,348.5
partial,SS-W-noise,8,edge,AlMg15,29.0,7.0,366.5
partial,SS-W-noise,9,edge,AlMg15,29.0,7.0,385.5
partial,SS-W-noise,10,edge,AlMg15,29.0,7.0,292.5
partial,SS-W-noise,11,edge,AlMg15,29.0,7.0,316.5
partial,SS-W-noise,12,edge,AlMg15,29.0,7.0,316.5
partial,SS-W-noise,13,edge,AlMg15,29.0,7.0,392.5
partial,SS-W-noise,14,edge,AlMg15,29.0,6.0,329.0
partial,SS-W-noise,15,edge,AlMg15,29.0,5.0,348.5
partial,SS-W-noise,16,edge,AlMg15,29.0,7.0,335.5
partial,SS-W-noise,17,edge,AlMg15,29.0,7.0,316.5
partial,SS-W-noise,18,edge,AlMg15,29.0,7.0,409.5
partial,SS-W-noise,19,edge,AlMg15,29.0,7.0,285.5
partial,SS-W-noise,20,edge,AlMg15,29.0,6.0,279.0
partial,W-noise,1,edge,AlMg15,29.0,7.0,85.5
partial,W-noise,2,edge,AlMg15,29.0,7.0,59.5
partial,W-noise,3,edge,AlMg15,29.0,7.0,92.5
partial,W-noise,4,edge,AlMg15,29.0,5.0,98.5
partial,W-noise,5,edge,AlMg15,29.0,6.0,73.0
partial,W-noise,6,edge,AlMg15,29.0,7.0,85.5
partial,W-noise,7,edge,AlMg15,29.0,7.0,85.5
partial,W-noise,8,edge,AlMg15,29.0,6.0,129.0
partial,W-noise,9,edge,AlMg15,29.0,7.0,59.5
partial,W-noise,10,edge,AlMg15,29.0,7.0,85.5
partial,W-noise,11,edge,AlMg15,29.0,5.0,103.5
partial,W-noise,12,edge,AlMg15,29.0,5.0,98.5
partial,W-noise,13,edge,AlMg15,29.0,7.0,109.5
partial,W-noise,14,edge,AlMg15,29.0,5.0,53.5
partial,W-noise,15,edge,AlMg15,29.0,6.0,73.0
partial,W-noise,16,edge,AlMg15,29.0,7.0,85.5
partial,W-noise,17,edge,AlMg15,29.0,7.0,92.5
partial,W-noise,18,edge,AlMg15,29.0,6.0,73.0
partial,W-noise,19,edge,AlMg15,29.0,6.0,79.0
partial,W-noise,20,edge,AlMg15,29.0,5.0,103.5
partial,SF-noise,1,edge,AlMg15,63.0,7.0,66.5
partial,SF-noise,2,edge,AlMg15,63.0,5.0,48.5
partial,SF-noise,3,edge,AlMg15,63.0,5.0,53.5
partial,SF-noise,4,edge,AlMg15,63.0,7.0,42.5
partial,SF-noise,5,edge,AlMg15,63.0,7.0,35.5
partial,SF-noise,6,edge,AlMg15,63.0,7.0,42.5
partial,SF-noise,7,edge,AlMg15,63.0,5.0,53.5
partial,SF-noise,8,edge,AlMg15,63.0,7.0,59.5
partial,SF-noise,9,edge,AlMg15,63.0,7.0,42.5
partial,SF-noise,10,edge,AlMg15,63.0,5.0,48.5
partial,SF-noise,11,edge,AlMg15,63.0,5.0,53.5
partial,SF-noise,12,edge,AlMg15,63.0,5.0,53.5
partial,SF-noise,13,edge,AlMg15,63.0,5.0,48.5
partial,SF-noise,14,edge,AlMg15,63.0,7.0,59.5
partial,SF-noise,15,edge,AlMg15,63.0,5.0,48.5
partial,SF-noise,16,edge,AlMg15,63.0,7.0,35.5
partial,SF-noise,17,edge,AlMg15,63.0,5.0,48.5
partial,SF-noise,18,edge,AlMg15,63.0,7.0,42.5
partial,SF-noise,19,edge,AlMg15,63.0,5.0,48.5
partial,SF-noise,20,edge,AlMg15,63.0,7.0,59.5
partial,SS-C-noise,1,edge,AlMg15,63.0,7.0,285.5
partial,SS-C-noise,2,edge,AlMg15,63.0,7.0,316.5
partial,SS-C-noise,3,edge,AlMg15,63.0,7.0,292.5
partial,SS-C-noise,4,edge,AlMg15,63.0,7.0,292.5
partial,SS-C-noise,5,edge,AlMg15,63.0,5.0,253.5
partial,SS-C-noise,6,edge,AlMg15,63.0,5.0,348.5
partial,SS-C-noise,7,edge,AlMg15,63.0,5.0,248.5
partial,SS-C-noise,8,edge,AlMg15,63.0,7.0,316.5
partial,SS-C-noise,9,edge,AlMg15,63.0,7.0,309.5
partial,SS-C-noise,10,edge,AlMg15,63.0,7.0,292.5
partial,SS-C-noise,11,edge,AlMg15,63.0,7.0,266.5
partial,SS-C-noise,12,edge,AlMg15,63.0,7.0,285.5
partial,SS-C-noise,13,edge,AlMg15,63.0,7.0,285.5
partial,SS-C-noise,14,edge,AlMg15,63.0,6.0,329.0
partial,SS-C-noise,15,edge,AlMg15,63.0,7.0,292.5
partial,SS-C-noise,16,edge,AlMg15,63.0,7.0,292.5
partial,SS-C-noise,17,edge,AlMg15,63.0,7.0,309.5
partial,SS-C-noise,18,edge,AlMg15,63.0,25.0,288.5
partial,SS-SF-noise,1,edge,AlMg15,63.0,7.0,316.5
partial,SS-SF-noise,2,edge,AlMg15,63.0,7.0,309.5
partial,SS-SF-noise,3,edge,AlMg15,63.0,7.0,266.5
partial,SS-SF-noise,4,edge,AlMg15,63.0,7.0,292.5
partial,SS-SF-noise,5,edge,AlMg15,63.0,5.0,298.5
partial,SS-SF-noise,6,edge,AlMg15,63.0,7.0,316.5
partial,SS-SF-noise,7,edge,AlMg15,63.0,7.0,285.5
partial,SS-SF-noise,8,edge,AlMg15,63.0,7.0,285.5
partial,SS-SF-noise,9,edge,AlMg15,63.0,7.0,335.5
partial,SS-SF-noise,10,edge,AlMg15,63.0,5.0,348.5
partial,SS-SF-noise,11,edge,AlMg15,63.0,6.0,323.0
partial,SS-SF-noise,12,edge,AlMg15,63.0,7.0,309.5
partial,SS-SF-noise,13,edge,AlMg15,63.0,6.0,323.0
partial,SS-SF-noise,14,edge,AlMg15,63.0,7.0,316.5
partial,SS-SF-noise,15,edge,AlMg15,63.0,6.0,323.0
partial,SS-SF-noise,16,edge,AlMg15,63.0,7.0,309.5
partial,SS-SF-noise,17,edge,AlMg15,63.0,7.0,285.5
partial,SS-W-noise,1,edge,AlMg15,63.0,6.0,329.0
partial,SS-W-noise,2,edge,AlMg15,63.0,7.0,285.5
partial,SS-W-noise,3,edge,AlMg15,63.0,7.0,309.5
partial,SS-W-noise,4,edge,AlMg15,63.0,7.0,316.5
partial,SS-W-noise,5,edge,AlMg15,63.0,7.0,309.5
partial,SS-W-noise,6,edge,AlMg15,63.0,7.0,292.5
partial,SS-W-noise,7,edge,AlMg15,63.0,5.0,298.5
partial,SS-W-noise,8,edge,AlMg15,63.0,7.0,342.5
partial,SS-W-noise,9,edge,AlMg15,63.0,5.0,348.5
partial,SS-W-noise,10,edge,AlMg15,63.0,7.0,385.5
partial,SS-W-noise,11,edge,AlMg15,63.0,6.0,329.0
partial,SS-W-noise,12,edge,AlMg15,63.0,6.0,329.0
partial,SS-W-noise,13,edge,AlMg15,63.0,7.0,335.5
partial,SS-W-noise,14,edge,AlMg15,63.0,6.0,329.0
partial,SS-W-noise,15,edge,AlMg15,63.0,7.0,292.5
partial,SS-W-noise,16,edge,AlMg15,63.0,7.0,285.5
partial,SS-W-noise,17,edge,AlMg15,63.0,7.0,316.5
partial,SS-W-noise,18,edge,AlMg15,63.0,5.0,353.5
partial,SS-W-noise,19,edge,AlMg15,63.0,100.0,351.0
partial,W-noise,1,edge,AlMg15,63.0,6.0,73.0
partial,W-noise,2,edge,AlMg15,63.0,6.0,73.0
partial,W-noise,3,edge,AlMg15,63.0,6.0,73.0
partial,W-noise,4,edge,AlMg15,63.0,6.0,73.0
partial,W-noise,5,edge,AlMg15,63.0,7.0,85.5
partial,W-noise,6,edge,AlMg15,63.0,7.0,66.5
partial,W-noise,7,edge,AlMg15,63.0,6.0,79.0
partial,W-noise,8,edge,AlMg15,63.0,7.0,59.5
partial,W-noise,9,edge,AlMg15,63.0,7.0,66.5
partial,W-noise,10,edge,AlMg15,63.0,7.0,92.5
partial,W-noise,11,edge,AlMg15,63.0,7.0,85.5
partial,W-noise,12,edge,AlMg15,63.0,7.0,92.5
partial,W-noise,13,edge,AlMg15,63.0,7.0,66.5
partial,W-noise,14,edge,AlMg15,63.0,6.0,79.0
partial,W-noise,15,edge,AlMg15,63.0,7.0,66.5
partial,W-noise,16,edge,AlMg15,63.0,7.0,66.5
partial,W-noise,17,edge,AlMg15,63.0,7.0,85.5
partial,W-noise,18,edge,AlMg15,63.0,6.0,73.0
partial,W-noise,19,edge,AlMg15,63.0,7.0,85.5
partial,W-noise,20,edge,AlMg15,63.0,7.0,92.5
partial,SF-noise,1,edge,AlMg15,109.0,5.0,53.5
partial,SF-noise,2,edge,AlMg15,109.0,7.0,35.5
partial,SF-noise,3,edge,AlMg15,109.0,7.0,35.5
partial,SF-noise,4,edge,AlMg15,109.0,7.0,35.5
partial,SF-noise,5,edge,AlMg15,109.0,7.0,42.5
partial,SF-noise,6,edge,AlMg15,109.0,7.0,42.5
partial,SF-noise,7,edge,AlMg15,109.0,7.0,35.5
partial,SF-noise,8,edge,AlMg15,109.0,5.0,48.5
partial,SF-noise,9,edge,AlMg15,109.0,5.0,48.5
partial,SF-noise,10,edge,AlMg15,109.0,7.0,42.5
partial,SF-noise,11,edge,AlMg15,109.0,100.0,51.0
partial,SS-C-noise,1,edge,AlMg15,109.0,7.0,309.5
partial,SS-C-noise,2,edge,AlMg15,109.0,5.0,248.5
partial,SS-C-noise,3,edge,AlMg15,109.0,6.0,279.0
partial,SS-C-noise,4,edge,AlMg15,109.0,7.0,266.5
partial,SS-C-noise,5,edge,AlMg15,109.0,7.0,259.5
partial,SS-C-noise,6,edge,AlMg15,109.0,7.0,285.5
partial,SS-SF-noise,1,edge,AlMg15,109.0,6.0,323.0
partial,SS-SF-noise,2,edge,AlMg15,109.0,7.0,285.5
partial,SS-SF-noise,3,edge,AlMg15,109.0,7.0,285.5
partial,SS-SF-noise,4,edge,AlMg15,109.0,5.0,303.5
partial,SS-SF-noise,5,edge,AlMg15,109.0,5.0,298.5
partial,SS-SF-noise,6,edge,AlMg15,109.0,25.0,313.5
partial,SS-W-noise,1,edge,AlMg15,109.0,7.0,335.5
partial,SS-W-noise,2,edge,AlMg15,109.0,7.0,316.5
partial,SS-W-noise,3,edge,AlMg15,109.0,7.0,292.5
partial,SS-W-noise,4,edge,AlMg15,109.0,7.0,309.5
partial,SS-W-noise,5,edge,AlMg15,109.0,6.0,323.0
partial,SS-W-noise,6,edge,AlMg15,109.0,7.0,309.5
partial,SS-W-noise,7,edge,AlMg15,109.0,100.0,251.0
partial,W-noise,1,edge,AlMg15,109.0,7.0,85.5
partial,W-noise,2,edge,AlMg15,109.0,5.0,48.5
partial,W-noise,3,edge,AlMg15,109.0,7.0,66.5
partial,W-noise,4,edge,AlMg15,109.0,7.0,85.5
partial,W-noise,5,edge,AlMg15,109.0,7.0,59.5
partial,W-noise,6,edge,AlMg15,109.0,6.0,79.0
partial,W-noise,7,edge,AlMg15,109.0,5.0,53.5
partial,W-noise,8,edge,AlMg15,109.0,6.0,73.0
partial,W-noise,9,edge,AlMg15,109.0,6.0,79.0
partial,W-noise,10,edge,AlMg15,109.0,6.0,79.0
partial,W-noise,11,edge,AlMg15,109.0,7.0,66.5
partial,W-noise,12,edge,AlMg15,109.0,25.0,63.5
partial,SF-noise,2,screw,AlMg5,4.0,12.0,7.0
partial,SF-noise,3,screw,AlMg5,4.0,12.0,7.0
partial,SF-noise,5,screw,AlMg5,4.0,7.0,42.5
partial,SF-noise,6,screw,AlMg5,4.0,25.0,13.5
partial,SF-noise,8,screw,AlMg5,4.0,5.0,3.5
partial,SF-noise,10,screw,AlMg5,4.0,5.0,3.5
partial,SF-noise,11,screw,AlMg5,4.0,5.0,53.5
partial,SF-noise,13,screw,AlMg5,4.0,50.0,26.0
partial,SF-noise,14,screw,AlMg5,4.0,5.0,3.5
partial,SF-noise,15,screw,AlMg5,4.0,5.0,3.5
partial,SF-noise,17,screw,AlMg5,4.0,5.0,3.5
partial,SF-noise,18,screw,AlMg5,4.0,7.0,16.5
partial,SF-noise,19,screw,AlMg5,4.0,5.0,3.5
partial,SS-C-noise,1,screw,AlMg5,4.0,5.0,53.5
partial,SS-C-noise,3,screw,AlMg5,4.0,13.0,182.5
partial,SS-C-noise,5,screw,AlMg5,4.0,6.0,23.0
partial,SS-C-noise,6,screw,AlMg5,4.0,50.0,126.0
partial,SS-C-noise,7,screw,AlMg5,4.0,5.0,148.5
partial,SS-C-noise,9,screw,AlMg5,4.0,7.0,85.5
partial,SS-C-noise,10,screw,AlMg5,4.0,100.0,51.0
partial,SS-C-noise,11,screw,AlMg5,4.0,5.0,53.5
partial,SS-C-noise,12,screw,AlMg5,4.0,100.0,151.0
partial,SS-C-noise,14,screw,AlMg5,4.0,7.0,209.5
partial,SS-C-noise,15,screw,AlMg5,4.0,25.0,63.5
partial,SS-C-noise,16,screw,AlMg5,4.0,5.0,253.5
partial,SS-C-noise,17,screw,AlMg5,4.0,7.0,59.5
partial,SS-C-noise,18,screw,AlMg5,4.0,50.0,26.0
partial,SS-C-noise,19,screw,AlMg5,4.0,5.0,198.5
partial,SS-C-noise,20,screw,AlMg5,4.0,25.0,113.5
partial,SS-SF-noise,1,screw,AlMg5,4.0,5.0,3.5
partial,SS-SF-noise,3,screw,AlMg5,4.0,100.0,151.0
partial,SS-SF-noise,5,screw,AlMg5,4.0,7.0,66.5
partial,SS-SF-noise,6,screw,AlMg5,4.0,13.0,232.5
partial,SS-SF-noise,7,screw,AlMg5,4.0,5.0,203.5
partial,SS-SF-noise,9,screw,AlMg5,4.0,100.0,51.0
partial,SS-SF-noise,11,screw,AlMg5,4.0,5.0,103.5
partial,SS-SF-noise,13,screw,AlMg5,4.0,25.0,13.5
partial,SS-SF-noise,14,screw,AlMg5,4.0,7.0,109.5
partial,SS-SF-noise,15,screw,AlMg5,4.0,50.0,26.0
partial,SS-SF-noise,16,screw,AlMg5,4.0,5.0,253.5
partial,SS-SF-noise,17,screw,AlMg5,4.0,7.0,92.5
partial,SS-SF-noise,19,screw,AlMg5,4.0,5.0,253.5
partial,SS-SF-noise,20,screw,AlMg5,4.0,7.0,35.5
partial,SS-W-noise,1,screw,AlMg5,4.0,7.0,92.5
partial,SS-W-noise,3,screw,AlMg5,4.0,100.0,51.0
partial,SS-W-noise,5,screw,AlMg5,4.0,7.0,66.5
partial,SS-W-noise,6,screw,AlMg5,4.0,101.0,
partial,SS-W-noise,7,screw,AlMg5,4.0,7.0,209.5
partial,SS-W-noise,9,screw,AlMg5,4.0,100.0,51.0
partial,SS-W-noise,10,screw,AlMg5,4.0,25.0,113.5
partial,SS-W-noise,11,screw,AlMg5,4.0,5.0,98.5
partial,SS-W-noise,12,screw,AlMg5,4.0,100.0,51.0
partial,SS-W-noise,14,screw,AlMg5,4.0,7.0,116.5
partial,SS-W-noise,15,screw,AlMg5,4.0,12.0,57.0
partial,SS-W-noise,16,screw,AlMg5,4.0,7.0,192.5
partial,SS-W-noise,17,screw,AlMg5,4.0,5.0,53.5
partial,SS-W-noise,19,screw,AlMg5,4.0,7.0,266.5
partial,W-noise,1,screw,AlMg5,4.0,7.0,9.5
partial,W-noise,2,screw,AlMg5,4.0,7.0,35.5
partial,W-noise,3,screw,AlMg5,4.0,25.0,13.5
partial,W-noise,4,screw,AlMg5,4.0,6.0,29.0
partial,W-noise,6,screw,AlMg5,4.0,25.0,13.5
partial,W-noise,8,screw,AlMg5,4.0,5.0,3.5
partial,W-noise,10,screw,AlMg5,4.0,13.0,82.5
partial,W-noise,11,screw,AlMg5,4.0,7.0,66.5
partial,W-noise,12,screw,AlMg5,4.0,5.0,3.5
partial,W-noise,14,screw,AlMg5,4.0,7.0,16.5
partial,W-noise,15,screw,AlMg5,4.0,7.0,35.5
partial,W-noise,16,screw,AlMg5,4.0,7.0,16.5
partial,W-noise,18,screw,AlMg5,4.0,5.0,3.5
partial,W-noise,19,screw,AlMg5,4.0,1.0,0.5
partial,W-noise,20,screw,AlMg5,4.0,1.0,0.5
partial,SF-noise,1,screw,AlMg5,29.0,7.0,59.5
partial,SF-noise,2,screw,AlMg5,29.0,5.0,48.5
partial,SF-noise,3,screw,AlMg5,29.0,7.0,35.5
partial,SF-noise,4,screw,AlMg5,29.0,7.0,35.5
partial,SF-noise,5,screw,AlMg5,29.0,5.0,48.5
partial,SF-noise,6,screw,AlMg5,29.0,5.0,53.5
partial,SF-noise,7,screw,AlMg5,29.0,6.0,23.0
partial,SF-noise,8,screw,AlMg5,29.0,5.0,48.5
partial,SF-noise,9,screw,AlMg5,29.0,5.0,48.5
partial,SF-noise,10,screw,AlMg5,29.0,5.0,53.5
partial,SF-noise,11,screw,AlMg5,29.0,7.0,35.5
partial,SF-noise,12,screw,AlMg5,29.0,7.0,59.5
partial,SF-noise,13,screw,AlMg5,29.0,6.0,23.0
partial,SF-noise,14,screw,AlMg5,29.0,6.0,29.0
partial,SF-noise,15,screw,AlMg5,29.0,7.0,42.5
partial,SF-noise,16,screw,AlMg5,29.0,7.0,35.5
partial,SF-noise,17,screw,AlMg5,29.0,7.0,59.5
partial,SF-noise,18,screw,AlMg5,29.0,7.0,85.5
partial,SF-noise,19,screw,AlMg5,29.0,7.0,42.5
partial,SF-noise,20,screw,AlMg5,29.0,6.0,23.0
partial,SS-C-noise,1,screw,AlMg5,29.0,6.0,129.0
partial,SS-C-noise,2,screw,AlMg5,29.0,7.0,35.5
partial,SS-C-noise,3,screw,AlMg5,29.0,7.0,85.5
partial,SS-C-noise,4,screw,AlMg5,29.0,6.0,123.0
partial,SS-C-noise,5,screw,AlMg5,29.0,5.0,98.5
partial,SS-C-noise,6,screw,AlMg5,29.0,7.0,66.5
partial,SS-C-noise,7,screw,AlMg5,29.0,7.0,66.5
partial,SS-C-noise,8,screw,AlMg5,29.0,6.0,79.0
partial,SS-C-noise,9,screw,AlMg5,29.0,7.0,92.5
partial,SS-C-noise,10,screw,AlMg5,29.0,7.0,116.5
partial,SS-C-noise,11,screw,AlMg5,29.0,5.0,153.5
partial,SS-C-noise,12,screw,AlMg5,29.0,7.0,92.5
partial,SS-C-noise,13,screw,AlMg5,29.0,6.0,123.0
partial,SS-C-noise,14,screw,AlMg5,29.0,7.0,85.5
partial,SS-C-noise,15,screw,AlMg5,29.0,5.0,98.5
partial,SS-C-noise,16,screw,AlMg5,29.0,7.0,135.5
partial,SS-C-noise,17,screw,AlMg5,29.0,5.0,103.5
partial,SS-C-noise,18,screw,AlMg5,29.0,5.0,103.5
partial,SS-C-noise,19,screw,AlMg5,29.0,7.0,66.5
partial,SS-C-noise,20,screw,AlMg5,29.0,6.0,129.0
partial,SS-SF-noise,1,screw,AlMg5,29.0,7.0,135.5
partial,SS-SF-noise,2,screw,AlMg5,29.0,7.0,92.5
partial,SS-SF-noise,3,screw,AlMg5,29.0,6.0,73.0
partial,SS-SF-noise,4,screw,AlMg5,29.0,6.0,129.0
partial,SS-SF-noise,5,screw,AlMg5,29.0,6.0,123.0
partial,SS-SF-noise,6,screw,AlMg5,29.0,6.0,123.0
partial,SS-SF-noise,7,screw,AlMg5,29.0,5.0,103.5
partial,SS-SF-noise,8,screw,AlMg5,29.0,5.0,98.5
partial,SS-SF-noise,9,screw,AlMg5,29.0,7.0,109.5
partial,SS-SF-noise,10,screw,AlMg5,29.0,7.0,116.5
partial,SS-SF-noise,11,screw,AlMg5,29.0,6.0,73.0
partial,SS-SF-noise,12,screw,AlMg5,29.0,6.0,73.0
partial,SS-SF-noise,13,screw,AlMg5,29.0,7.0,142.5
partial,SS-SF-noise,14,screw,AlMg5,29.0,6.0,129.0
partial,SS-SF-noise,15,screw,AlMg5,29.0,7.0,92.5
partial,SS-SF-noise,16,screw,AlMg5,29.0,6.0,129.0
partial,SS-SF-noise,17,screw,AlMg5,29.0,6.0,129.0
partial,SS-SF-noise,18,screw,AlMg5,29.0,7.0,109.5
partial,SS-SF-noise,19,screw,AlMg5,29.0,5.0,98.5
partial,SS-SF-noise,20,screw,AlMg5,29.0,7.0,135.5
partial,SS-W-noise,1,screw,AlMg5,29.0,5.0,98.5
partial,SS-W-noise,2,screw,AlMg5,29.0,7.0,85.5
partial,SS-W-noise,3,screw,AlMg5,29.0,6.0,73.0
partial,SS-W-noise,4,screw,AlMg5,29.0,6.0,129.0
partial,SS-W-noise,5,screw,AlMg5,29.0,6.0,129.0
partial,SS-W-noise,6,screw,AlMg5,29.0,7.0,142.5
partial,SS-W-noise,7,screw,AlMg5,29.0,7.0,116.5
partial,SS-W-noise,8,screw,AlMg5,29.0,7.0,109.5
partial,SS-W-noise,9,screw,AlMg5,29.0,7.0,116.5
partial,SS-W-noise,10,screw,AlMg5,29.0,7.0,116.5
partial,SS-W-noise,11,screw,AlMg5,29.0,7.0,109.5
partial,SS-W-noise,12,screw,AlMg5,29.0,6.0,79.0
partial,SS-W-noise,13,screw,AlMg5,29.0,7.0,159.5
partial,SS-W-noise,14,screw,AlMg5,29.0,6.0,123.0
partial,SS-W-noise,15,screw,AlMg5,29.0,7.0,109.5
partial,SS-W-noise,16,screw,AlMg5,29.0,7.0,135.5
partial,SS-W-noise,17,screw,AlMg5,29.0,7.0,142.5
partial,SS-W-noise,18,screw,AlMg5,29.0,7.0,116.5
partial,SS-W-noise,19,screw,AlMg5,29.0,7.0,85.5
partial,SS-W-noise,20,screw,AlMg5,29.0,5.0,148.5
partial,W-noise,1,screw,AlMg5,29.0,5.0,48.5
partial,W-noise,2,screw,AlMg5,29.0,6.0,29.0
partial,W-noise,3,screw,AlMg5,29.0,7.0,42.5
partial,W-noise,4,screw,AlMg5,29.0,7.0,42.5
partial,W-noise,5,screw,AlMg5,29.0,5.0,48.5
partial,W-noise,6,screw,AlMg5,29.0,7.0,66.5
partial,W-noise,7,screw,AlMg5,29.0,6.0,29.0
partial,W-noise,8,screw,AlMg5,29.0,7.0,9.5
partial,W-noise,9,screw,AlMg5,29.0,5.0,48.5
partial,W-noise,10,screw,AlMg5,29.0,7.0,59.5
partial,W-noise,11,screw,AlMg5,29.0,5.0,48.5
partial,W-noise,12,screw,AlMg5,29.0,7.0,42.5
partial,W-noise,13,screw,AlMg5,29.0,5.0,53.5
partial,W-noise,14,screw,AlMg5,29.0,7.0,16.5
partial,W-noise,16,screw,AlMg5,29.0,5.0,53.5
partial,W-noise,17,screw,AlMg5,29.0,7.0,66.5
partial,W-noise,18,screw,AlMg5,29.0,6.0,73.0
partial,W-noise,19,screw,AlMg5,29.0,7.0,42.5
partial,W-noise,20,screw,AlMg5,29.0,7.0,35.5
partial,SF-noise,1,screw,AlMg5,63.0,7.0,35.5
partial,SF-noise,2,screw,AlMg5,63.0,7.0,35.5
partial,SF-noise,3,screw,AlMg5,63.0,7.0,42.5
partial,SF-noise,4,screw,AlMg5,63.0,7.0,35.5
partial,SF-noise,5,screw,AlMg5,63.0,7.0,42.5
partial,SF-noise,6,screw,AlMg5,63.0,7.0,35.5
partial,SF-noise,7,screw,AlMg5,63.0,7.0,35.5
partial,SF-noise,8,screw,AlMg5,63.0,7.0,35.5
partial,SF-noise,9,screw,AlMg5,63.0,7.0,35.5
partial,SF-noise,10,screw,AlMg5,63.0,7.0,42.5
partial,SF-noise,11,screw,AlMg5,63.0,7.0,42.5
partial,SF-noise,12,screw,AlMg5,63.0,7.0,42.5
partial,SF-noise,13,screw,AlMg5,63.0,7.0,42.5
partial,SF-noise,14,screw,AlMg5,63.0,7.0,35.5
partial,SF-noise,15,screw,AlMg5,63.0,5.0,48.5
partial,SF-noise,16,screw,AlMg5,63.0,7.0,35.5
partial,SF-noise,17,screw,AlMg5,63.0,7.0,42.5
partial,SF-noise,18,screw,AlMg5,63.0,7.0,42.5
partial,SF-noise,19,screw,AlMg5,63.0,5.0,48.5
partial,SF-noise,20,screw,AlMg5,63.0,5.0,48.5
partial,SS-C-noise,1,screw,AlMg5,63.0,7.0,92.5
partial,SS-C-noise,2,screw,AlMg5,63.0,7.0,66.5
partial,SS-C-noise,3,screw,AlMg5,63.0,5.0,48.5
partial,SS-C-noise,4,screw,AlMg5,63.0,6.0,73.0
partial,SS-C-noise,5,screw,AlMg5,63.0,7.0,85.5
partial,SS-C-noise,6,screw,AlMg5,63.0,6.0,79.0
partial,SS-C-noise,7,screw,AlMg5,63.0,7.0,85.5
partial,SS-C-noise,8,screw,AlMg5,63.0,6.0,73.0
partial,SS-C-noise,9,screw,AlMg5,63.0,6.0,79.0
partial,SS-C-noise,10,screw,AlMg5,63.0,6.0,73.0
partial,SS-C-noise,11,screw,AlMg5,63.0,7.0,92.5
partial,SS-C-noise,12,screw,AlMg5,63.0,7.0,92.5
partial,SS-C-noise,13,screw,AlMg5,63.0,6.0,73.0
partial,SS-C-noise,14,screw,AlMg5,63.0,7.0,85.5
partial,SS-C-noise,15,screw,AlMg5,63.0,6.0,73.0
partial,SS-C-noise,16,screw,AlMg5,63.0,5.0,98.5
partial,SS-C-noise,17,screw,AlMg5,63.0,7.0,59.5
partial,SS-C-noise,18,screw,AlMg5,63.0,7.0,92.5
partial,SS-C-noise,19,screw,AlMg5,63.0,7.0,59.5
partial,SS-C-noise,20,screw,AlMg5,63.0,7.0,92.5
partial,SS-SF-noise,1,screw,AlMg5,63.0,7.0,116.5
partial,SS-SF-noise,2,screw,AlMg5,63.0,7.0,85.5
partial,SS-SF-noise,3,screw,AlMg5,63.0,7.0,85.5
partial,SS-SF-noise,4,screw,AlMg5,63.0,5.0,98.5
partial,SS-SF-noise,5,screw,AlMg5,63.0,5.0,98.5
partial,SS-SF-noise,6,screw,AlMg5,63.0,7.0,92.5
partial,SS-SF-noise,7,screw,AlMg5,63.0,5.0,98.5
partial,SS-SF-noise,8,screw,AlMg5,63.0,7.0,92.5
partial,SS-SF-noise,9,screw,AlMg5,63.0,7.0,92.5
partial,SS-SF-noise,10,screw,AlMg5,63.0,7.0,92.5
partial,SS-SF-noise,11,screw,AlMg5,63.0,5.0,103.5
partial,SS-SF-noise,12,screw,AlMg5,63.0,7.0,92.5
partial,SS-SF-noise,13,screw,AlMg5,63.0,7.0,85.5
partial,SS-SF-noise,14,screw,AlMg5,63.0,5.0,98.5
partial,SS-SF-noise,15,screw,AlMg5,63.0,7.0,85.5
partial,SS-SF-noise,16,screw,AlMg5,63.0,7.0,109.5
partial,SS-SF-noise,17,screw,AlMg5,63.0,5.0,103.5
partial,SS-SF-noise,18,screw,AlMg5,63.0,5.0,103.5
partial,SS-SF-noise,19,screw,AlMg5,63.0,7.0,92.5
partial,SS-SF-noise,20,screw,AlMg5,63.0,5.0,98.5
partial,SS-W-noise,1,screw,AlMg5,63.0,6.0,123.0
partial,SS-W-noise,2,screw,AlMg5,63.0,7.0,85.5
partial,SS-W-noise,3,screw,AlMg5,63.0,6.0,79.0
partial,SS-W-noise,4,screw,AlMg5,63.0,6.0,73.0
partial,SS-W-noise,5,screw,AlMg5,63.0,5.0,103.5
partial,SS-W-noise,6,screw,AlMg5,63.0,5.0,98.5
partial,SS-W-noise,7,screw,AlMg5,63.0,5.0,103.5
partial,SS-W-noise,8,screw,AlMg5,63.0,7.0,92.5
partial,SS-W-noise,9,screw,AlMg5,63.0,7.0,92.5
partial,SS-W-noise,10,screw,AlMg5,63.0,7.0,109.5
partial,SS-W-noise,11,screw,AlMg5,63.0,7.0,109.5
partial,SS-W-noise,12,screw,AlMg5,63.0,7.0,109.5
partial,SS-W-noise,13,screw,AlMg5,63.0,5.0,98.5
partial,SS-W-noise,14,screw,AlMg5,63.0,7.0,92.5
partial,SS-W-noise,15,screw,AlMg5,63.0,7.0,85.5
partial,SS-W-noise,16,screw,AlMg5,63.0,7.0,109.5
partial,SS-W-noise,17,screw,AlMg5,63.0,5.0,103.5
partial,SS-W-noise,18,screw,AlMg5,63.0,5.0,98.5
partial,SS-W-noise,19,screw,AlMg5,63.0,7.0,85.5
partial,SS-W-noise,20,screw,AlMg5,63.0,7.0,109.5
partial,W-noise,1,screw,AlMg5,63.0,7.0,35.5
partial,W-noise,2,screw,AlMg5,63.0,7.0,42.5
partial,W-noise,3,screw,AlMg5,63.0,6.0,29.0
partial,W-noise,4,screw,AlMg5,63.0,5.0,53.5
partial,W-noise,5,screw,AlMg5,63.0,5.0,48.5
partial,W-noise,6,screw,AlMg5,63.0,7.0,59.5
partial,W-noise,7,screw,AlMg5,63.0,7.0,42.5
partial,W-noise,8,screw,AlMg5,63.0,7.0,35.5
partial,W-noise,9,screw,AlMg5,63.0,5.0,48.5
partial,W-noise,10,screw,AlMg5,63.0,5.0,48.5
partial,W-noise,11,screw,AlMg5,63.0,7.0,42.5
partial,W-noise,12,screw,AlMg5,63.0,7.0,42.5
partial,W-noise,13,screw,AlMg5,63.0,7.0,35.5
partial,W-noise,14,screw,AlMg5,63.0,7.0,42.5
partial,W-noise,15,screw,AlMg5,63.0,5.0,53.5
partial,W-noise,16,screw,AlMg5,63.0,6.0,23.0
partial,W-noise,17,screw,AlMg5,63.0,7.0,42.5
partial,W-noise,18,screw,AlMg5,63.0,6.0,23.0
partial,W-noise,19,screw,AlMg5,63.0,5.0,48.5
partial,W-noise,20,screw,AlMg5,63.0,5.0,53.5
partial,SF-noise,1,screw,AlMg5,109.0,7.0,35.5
partial,SF-noise,2,screw,AlMg5,109.0,6.0,23.0
partial,SF-noise,3,screw,AlMg5,109.0,7.0,42.5
partial,SF-noise,4,screw,AlMg5,109.0,7.0,35.5
partial,SF-noise,5,screw,AlMg5,109.0,6.0,23.0
partial,SF-noise,6,screw,AlMg5,109.0,7.0,35.5
partial,SF-noise,7,screw,AlMg5,109.0,7.0,35.5
partial,SF-noise,8,screw,AlMg5,109.0,6.0,29.0
partial,SF-noise,9,screw,AlMg5,109.0,100.0,51.0
partial,SS-C-noise,1,screw,AlMg5,109.0,6.0,79.0
partial,SS-C-noise,2,screw,AlMg5,109.0,7.0,59.5
partial,SS-C-noise,3,screw,AlMg5,109.0,7.0,59.5
partial,SS-C-noise,4,screw,AlMg5,109.0,7.0,66.5
partial,SS-C-noise,5,screw,AlMg5,109.0,7.0,66.5
partial,SS-C-noise,6,screw,AlMg5,109.0,6.0,79.0
partial,SS-C-noise,7,screw,AlMg5,109.0,6.0,79.0
partial,SS-C-noise,8,screw,AlMg5,109.0,1.0,
partial,SS-SF-noise,1,screw,AlMg5,109.0,5.0,98.5
partial,SS-SF-noise,2,screw,AlMg5,109.0,6.0,73.0
partial,SS-SF-noise,3,screw,AlMg5,109.0,7.0,85.5
partial,SS-SF-noise,4,screw,AlMg5,109.0,7.0,92.5
partial,SS-SF-noise,5,screw,AlMg5,109.0,6.0,79.0
partial,SS-SF-noise,6,screw,AlMg5,109.0,7.0,85.5
partial,SS-SF-noise,7,screw,AlMg5,109.0,6.0,73.0
partial,SS-SF-noise,8,screw,AlMg5,109.0,7.0,66.5
partial,SS-SF-noise,9,screw,AlMg5,109.0,100.0,51.0
partial,SS-W-noise,1,screw,AlMg5,109.0,6.0,73.0
partial,SS-W-noise,2,screw,AlMg5,109.0,6.0,79.0
partial,SS-W-noise,3,screw,AlMg5,109.0,7.0,92.5
partial,SS-W-noise,4,screw,AlMg5,109.0,5.0,98.5
partial,SS-W-noise,5,screw,AlMg5,109.0,5.0,48.5
partial,SS-W-noise,6,screw,AlMg5,109.0,7.0,85.5
partial,SS-W-noise,7,screw,AlMg5,109.0,6.0,79.0
partial,SS-W-noise,8,screw,AlMg5,109.0,7.0,66.5
partial,SS-W-noise,9,screw,AlMg5,109.0,100.0,51.0
partial,W-noise,1,screw,AlMg5,109.0,7.0,35.5
partial,W-noise,2,screw,AlMg5,109.0,7.0,35.5
partial,W-noise,3,screw,AlMg5,109.0,7.0,42.5
partial,W-noise,4,screw,AlMg5,109.0,6.0,29.0
partial,W-noise,5,screw,AlMg5,109.0,6.0,23.0
partial,W-noise,6,screw,AlMg5,109.0,7.0,42.5
partial,W-noise,7,screw,AlMg5,109.0,7.0,42.5
partial,W-noise,8,screw,AlMg5,109.0,6.0,29.0
partial,W-noise,9,screw,AlMg5,109.0,7.0,42.5
partial,W-noise,10,screw,AlMg5,109.0,50.0,26.0
partial,SF-noise,1,screw,AlMg10,4.0,6.0,23.0
partial,SF-noise,2,screw,AlMg10,4.0,6.0,29.0
partial,SF-noise,3,screw,AlMg10,4.0,1.0,0.5
partial,SF-noise,5,screw,AlMg10,4.0,13.0,82.5
partial,SF-noise,6,screw,AlMg10,4.0,7.0,35.5
partial,SF-noise,7,screw,AlMg10,4.0,7.0,16.5
partial,SF-noise,9,screw,AlMg10,4.0,25.0,13.5
partial,SF-noise,11,screw,AlMg10,4.0,7.0,85.5
partial,SF-noise,12,screw,AlMg10,4.0,6.0,23.0
partial,SF-noise,14,screw,AlMg10,4.0,7.0,9.5
partial,SF-noise,16,screw,AlMg10,4.0,5.0,3.5
partial,SF-noise,18,screw,AlMg10,4.0,7.0,16.5
partial,SF-noise,20,screw,AlMg10,4.0,5.0,3.5
partial,SS-C-noise,1,screw,AlMg10,4.0,7.0,92.5
partial,SS-C-noise,3,screw,AlMg10,4.0,12.0,257.0
partial,SS-C-noise,5,screw,AlMg10,4.0,6.0,23.0
partial,SS-C-noise,6,screw,AlMg10,4.0,100.0,151.0
partial,SS-C-noise,7,screw,AlMg10,4.0,7.0,209.5
partial,SS-C-noise,9,screw,AlMg10,4.0,100.0,251.0
partial,SS-C-noise,10,screw,AlMg10,4.0,50.0,126.0
partial,SS-C-noise,11,screw,AlMg10,4.0,7.0,209.5
partial,SS-C-noise,12,screw,AlMg10,4.0,100.0,151.0
partial,SS-C-noise,14,screw,AlMg10,4.0,7.0,292.5
partial,SS-C-noise,16,screw,AlMg10,4.0,5.0,353.5
partial,SS-C-noise,17,screw,AlMg10,4.0,5.0,303.5
partial,SS-C-noise,18,screw,AlMg10,4.0,100.0,51.0
partial,SS-C-noise,19,screw,AlMg10,4.0,7.0,359.5
partial,SS-C-noise,20,screw,AlMg10,4.0,100.0,151.0
partial,SS-SF-noise,1,screw,AlMg10,4.0,6.0,123.0
partial,SS-SF-noise,2,screw,AlMg10,4.0,1.0,0.5
partial,SS-SF-noise,3,screw,AlMg10,4.0,100.0,151.0
partial,SS-SF-noise,4,screw,AlMg10,4.0,6.0,129.0
partial,SS-SF-noise,5,screw,AlMg10,4.0,7.0,92.5
partial,SS-SF-noise,6,screw,AlMg10,4.0,7.0,316.5
partial,SS-SF-noise,7,screw,AlMg10,4.0,7.0,285.5
partial,SS-SF-noise,9,screw,AlMg10,4.0,12.0,307.0
partial,SS-SF-noise,10,screw,AlMg10,4.0,25.0,163.5
partial,SS-SF-noise,11,screw,AlMg10,4.0,7.0,42.5
partial,SS-SF-noise,12,screw,AlMg10,4.0,101.0,
partial,SS-SF-noise,14,screw,AlMg10,4.0,7.0,216.5
partial,SS-SF-noise,15,screw,AlMg10,4.0,100.0,51.0
partial,SS-SF-noise,16,screw,AlMg10,4.0,6.0,323.0
partial,SS-SF-noise,17,screw,AlMg10,4.0,5.0,198.5
partial,SS-SF-noise,18,screw,AlMg10,4.0,13.0,82.5
partial,SS-SF-noise,19,screw,AlMg10,4.0,5.0,403.5
partial,SS-W-noise,1,screw,AlMg10,4.0,5.0,98.5
partial,SS-W-noise,3,screw,AlMg10,4.0,6.0,373.0
partial,SS-W-noise,5,screw,AlMg10,4.0,6.0,123.0
partial,SS-W-noise,7,screw,AlMg10,4.0,5.0,303.5
partial,SS-W-noise,9,screw,AlMg10,4.0,100.0,151.0
partial,SS-W-noise,10,screw,AlMg10,4.0,5.0,203.5
partial,SS-W-noise,11,screw,AlMg10,4.0,7.0,59.5
partial,SS-W-noise,12,screw,AlMg10,4.0,100.0,151.0
partial,SS-W-noise,14,screw,AlMg10,4.0,6.0,73.0
partial,SS-W-noise,15,screw,AlMg10,4.0,7.0,309.5
partial,SS-W-noise,16,screw,AlMg10,4.0,6.0,379.0
partial,SS-W-noise,17,screw,AlMg10,4.0,7.0,492.5
partial,SS-W-noise,18,screw,AlMg10,4.0,50.0,26.0
partial,SS-W-noise,19,screw,AlMg10,4.0,7.0,416.5
partial,SS-W-noise,20,screw,AlMg10,4.0,7.0,259.5
partial,W-noise,1,screw,AlMg10,4.0,6.0,79.0
partial,W-noise,2,screw,AlMg10,4.0,7.0,42.5
partial,W-noise,3,screw,AlMg10,4.0,25.0,13.5
partial,W-noise,4,screw,AlMg10,4.0,12.0,7.0
partial,W-noise,5,screw,AlMg10,4.0,25.0,63.5
partial,W-noise,6,screw,AlMg10,4.0,50.0,76.0
partial,W-noise,8,screw,AlMg10,4.0,7.0,9.5
partial,W-noise,10,screw,AlMg10,4.0,5.0,3.5
partial,W-noise,11,screw,AlMg10,4.0,7.0,92.5
partial,W-noise,12,screw,AlMg10,4.0,12.0,7.0
partial,W-noise,14,screw,AlMg10,4.0,7.0,16.5
partial,W-noise,15,screw,AlMg10,4.0,5.0,53.5
partial,W-noise,16,screw,AlMg10,4.0,6.0,29.0
partial,W-noise,17,screw,AlMg10,4.0,6.0,123.0
partial,W-noise,19,screw,AlMg10,4.0,7.0,16.5
partial,W-noise,20,screw,AlMg10,4.0,50.0,26.0
partial,SF-noise,1,screw,AlMg10,29.0,5.0,48.5
partial,SF-noise,2,screw,AlMg10,29.0,7.0,66.5
partial,SF-noise,3,screw,AlMg10,29.0,5.0,53.5
partial,SF-noise,4,screw,AlMg10,29.0,5.0,53.5
partial,SF-noise,5,screw,AlMg10,29.0,7.0,59.5
partial,SF-noise,6,screw,AlMg10,29.0,6.0,73.0
partial,SF-noise,7,screw,AlMg10,29.0,6.0,29.0
partial,SF-noise,8,screw,AlMg10,29.0,7.0,66.5
partial,SF-noise,9,screw,AlMg10,29.0,5.0,48.5
partial,SF-noise,10,screw,AlMg10,29.0,5.0,48.5
partial,SF-noise,11,screw,AlMg10,29.0,7.0,66.5
partial,SF-noise,12,screw,AlMg10,29.0,6.0,73.0
partial,SF-noise,13,screw,AlMg10,29.0,7.0,66.5
partial,SF-noise,14,screw,AlMg10,29.0,7.0,42.5
partial,SF-noise,15,screw,AlMg10,29.0,7.0,66.5
partial,SF-noise,16,screw,AlMg10,29.0,5.0,53.5
partial,SF-noise,17,screw,AlMg10,29.0,7.0,66.5
partial,SF-noise,18,screw,AlMg10,29.0,7.0,109.5
partial,SF-noise,20,screw,AlMg10,29.0,5.0,53.5
partial,SS-C-noise,1,screw,AlMg10,29.0,5.0,98.5
partial,SS-C-noise,2,screw,AlMg10,29.0,6.0,173.0
partial,SS-C-noise,3,screw,AlMg10,29.0,7.0,116.5
partial,SS-C-noise,4,screw,AlMg10,29.0,6.0,179.0
partial,SS-C-noise,5,screw,AlMg10,29.0,5.0,153.5
partial,SS-C-noise,6,screw,AlMg10,29.0,5.0,103.5
partial,SS-C-noise,7,screw,AlMg10,29.0,7.0,135.5
partial,SS-C-noise,8,screw,AlMg10,29.0,7.0,135.5
partial,SS-C-noise,9,screw,AlMg10,29.0,5.0,148.5
partial,SS-C-noise,10,screw,AlMg10,29.0,7.0,159.5
partial,SS-C-noise,11,screw,AlMg10,29.0,7.0,235.5
partial,SS-C-noise,12,screw,AlMg10,29.0,5.0,148.5
partial,SS-C-noise,13,screw,AlMg10,29.0,7.0,166.5
partial,SS-C-noise,14,screw,AlMg10,29.0,6.0,129.0
partial,SS-C-noise,15,screw,AlMg10,29.0,7.0,142.5
partial,SS-C-noise,16,screw,AlMg10,29.0,5.0,203.5
partial,SS-C-noise,17,screw,AlMg10,29.0,5.0,98.5
partial,SS-C-noise,18,screw,AlMg10,29.0,7.0,159.5
partial,SS-C-noise,19,screw,AlMg10,29.0,6.0,129.0
partial,SS-C-noise,20,screw,AlMg10,29.0,6.0,179.0
partial,SS-SF-noise,1,screw,AlMg10,29.0,6.0,173.0
partial,SS-SF-noise,2,screw,AlMg10,29.0,5.0,148.5
partial,SS-SF-noise,3,screw,AlMg10,29.0,7.0,135.5
partial,SS-SF-noise,4,screw,AlMg10,29.0,5.0,203.5
partial,SS-SF-noise,5,screw,AlMg10,29.0,6.0,179.0
partial,SS-SF-noise,6,screw,AlMg10,29.0,6.0,173.0
partial,SS-SF-noise,7,screw,AlMg10,29.0,6.0,123.0
partial,SS-SF-noise,8,screw,AlMg10,29.0,6.0,173.0
partial,SS-SF-noise,9,screw,AlMg10,29.0,6.0,179.0
partial,SS-SF-noise,10,screw,AlMg10,29.0,6.0,173.0
partial,SS-SF-noise,11,screw,AlMg10,29.0,7.0,216.5
partial,SS-SF-noise,12,screw,AlMg10,29.0,7.0,142.5
partial,SS-SF-noise,13,screw,AlMg10,29.0,5.0,198.5
partial,SS-SF-noise,14,screw,AlMg10,29.0,6.0,173.0
partial,SS-SF-noise,15,screw,AlMg10,29.0,7.0,135.5
partial,SS-SF-noise,16,screw,AlMg10,29.0,6.0,229.0
partial,SS-SF-noise,17,screw,AlMg10,29.0,7.0,185.5
partial,SS-SF-noise,18,screw,AlMg10,29.0,6.0,173.0
partial,SS-SF-noise,19,screw,AlMg10,29.0,7.0,185.5
partial,SS-SF-noise,20,screw,AlMg10,29.0,7.0,192.5
partial,SS-W-noise,1,screw,AlMg10,29.0,5.0,148.5
partial,SS-W-noise,2,screw,AlMg10,29.0,7.0,142.5
partial,SS-W-noise,3,screw,AlMg10,29.0,7.0,116.5
partial,SS-W-noise,4,screw,AlMg10,29.0,5.0,203.5
partial,SS-W-noise,5,screw,AlMg10,29.0,7.0,185.5
partial,SS-W-noise,6,screw,AlMg10,29.0,5.0,198.5
partial,SS-W-noise,7,screw,AlMg10,29.0,7.0,159.5
partial,SS-W-noise,8,screw,AlMg10,29.0,6.0,173.0
partial,SS-W-noise,9,screw,AlMg10,29.0,6.0,179.0
partial,SS-W-noise,10,screw,AlMg10,29.0,5.0,203.5
partial,SS-W-noise,11,screw,AlMg10,29.0,7.0,159.5
partial,SS-W-noise,12,screw,AlMg10,29.0,7.0,135.5
partial,SS-W-noise,13,screw,AlMg10,29.0,6.0,229.0
partial,SS-W-noise,14,screw,AlMg10,29.0,6.0,173.0
partial,SS-W-noise,15,screw,AlMg10,29.0,7.0,159.5
partial,SS-W-noise,16,screw,AlMg10,29.0,6.0,223.0
partial,SS-W-noise,17,screw,AlMg10,29.0,7.0,216.5
partial,SS-W-noise,18,screw,AlMg10,29.0,6.0,173.0
partial,SS-W-noise,19,screw,AlMg10,29.0,6.0,173.0
partial,SS-W-noise,20,screw,AlMg10,29.0,5.0,198.5
partial,W-noise,1,screw,AlMg10,29.0,6.0,79.0
partial,W-noise,2,screw,AlMg10,29.0,7.0,42.5
partial,W-noise,3,screw,AlMg10,29.0,5.0,53.5
partial,W-noise,4,screw,AlMg10,29.0,7.0,59.5
partial,W-noise,5,screw,AlMg10,29.0,6.0,73.0
partial,W-noise,6,screw,AlMg10,29.0,5.0,98.5
partial,W-noise,7,screw,AlMg10,29.0,7.0,35.5
partial,W-noise,8,screw,AlMg10,29.0,5.0,53.5
partial,W-noise,9,screw,AlMg10,29.0,7.0,59.5
partial,W-noise,10,screw,AlMg10,29.0,7.0,85.5
partial,W-noise,11,screw,AlMg10,29.0,7.0,59.5
partial,W-noise,12,screw,AlMg10,29.0,5.0,53.5
partial,W-noise,13,screw,AlMg10,29.0,1.0,0.5
partial,W-noise,14,screw,AlMg10,29.0,6.0,23.0
partial,W-noise,15,screw,AlMg10,29.0,7.0,66.5
partial,W-noise,16,screw,AlMg10,29.0,6.0,73.0
partial,W-noise,17,screw,AlMg10,29.0,7.0,85.5
partial,W-noise,18,screw,AlMg10,29.0,7.0,92.5
partial,W-noise,19,screw,AlMg10,29.0,5.0,103.5
partial,W-noise,20,screw,AlMg10,29.0,6.0,23.0
partial,SF-noise,1,screw,AlMg10,63.0,7.0,42.5
partial,SF-noise,2,screw,AlMg10,63.0,7.0,59.5
partial,SF-noise,3,screw,AlMg10,63.0,7.0,66.5
partial,SF-noise,4,screw,AlMg10,63.0,7.0,59.5
partial,SF-noise,5,screw,AlMg10,63.0,5.0,53.5
partial,SF-noise,6,screw,AlMg10,63.0,5.0,53.5
partial,SF-noise,7,screw,AlMg10,63.0,5.0,48.5
partial,SF-noise,8,screw,AlMg10,63.0,7.0,59.5
partial,SF-noise,9,screw,AlMg10,63.0,5.0,48.5
partial,SF-noise,10,screw,AlMg10,63.0,5.0,53.5
partial,SF-noise,11,screw,AlMg10,63.0,7.0,59.5
partial,SF-noise,12,screw,AlMg10,63.0,5.0,53.5
partial,SF-noise,13,screw,AlMg10,63.0,7.0,59.5
partial,SF-noise,14,screw,AlMg10,63.0,5.0,53.5
partial,SF-noise,15,screw,AlMg10,63.0,7.0,59.5
partial,SF-noise,16,screw,AlMg10,63.0,5.0,53.5
partial,SF-noise,17,screw,AlMg10,63.0,7.0,59.5
partial,SF-noise,18,screw,AlMg10,63.0,7.0,66.5
partial,SF-noise,19,screw,AlMg10,63.0,7.0,59.5
partial,SF-noise,20,screw,AlMg10,63.0,6.0,73.0
partial,SS-C-noise,1,screw,AlMg10,63.0,7.0,135.5
partial,SS-C-noise,2,screw,AlMg10,63.0,7.0,116.5
partial,SS-C-noise,3,screw,AlMg10,63.0,5.0,103.5
partial,SS-C-noise,4,screw,AlMg10,63.0,7.0,109.5
partial,SS-C-noise,5,screw,AlMg10,63.0,7.0,142.5
partial,SS-C-noise,6,screw,AlMg10,63.0,6.0,123.0
partial,SS-C-noise,7,screw,AlMg10,63.0,6.0,129.0
partial,SS-C-noise,8,screw,AlMg10,63.0,7.0,109.5
partial,SS-C-noise,9,screw,AlMg10,63.0,7.0,142.5
partial,SS-C-noise,10,screw,AlMg10,63.0,7.0,116.5
partial,SS-C-noise,11,screw,AlMg10,63.0,6.0,123.0
partial,SS-C-noise,12,screw,AlMg10,63.0,7.0,142.5
partial,SS-C-noise,13,screw,AlMg10,63.0,5.0,98.5
partial,SS-C-noise,14,screw,AlMg10,63.0,7.0,116.5
partial,SS-C-noise,15,screw,AlMg10,63.0,7.0,116.5
partial,SS-C-noise,16,screw,AlMg10,63.0,5.0,98.5
partial,SS-C-noise,17,screw,AlMg10,63.0,7.0,116.5
partial,SS-C-noise,18,screw,AlMg10,63.0,7.0,142.5
partial,SS-C-noise,19,screw,AlMg10,63.0,5.0,103.5
partial,SS-C-noise,20,screw,AlMg10,63.0,100.0,151.0
partial,SS-SF-noise,1,screw,AlMg10,63.0,7.0,166.5
partial,SS-SF-noise,2,screw,AlMg10,63.0,6.0,129.0
partial,SS-SF-noise,3,screw,AlMg10,63.0,7.0,159.5
partial,SS-SF-noise,4,screw,AlMg10,63.0,7.0,135.5
partial,SS-SF-noise,5,screw,AlMg10,63.0,7.0,135.5
partial,SS-SF-noise,6,screw,AlMg10,63.0,7.0,142.5
partial,SS-SF-noise,7,screw,AlMg10,63.0,5.0,148.5
partial,SS-SF-noise,8,screw,AlMg10,63.0,5.0,153.5
partial,SS-SF-noise,9,screw,AlMg10,63.0,6.0,129.0
partial,SS-SF-noise,10,screw,AlMg10,63.0,7.0,142.5
partial,SS-SF-noise,11,screw,AlMg10,63.0,6.0,123.0
partial,SS-SF-noise,12,screw,AlMg10,63.0,6.0,123.0
partial,SS-SF-noise,13,screw,AlMg10,63.0,5.0,98.5
partial,SS-SF-noise,14,screw,AlMg10,63.0,5.0,148.5
partial,SS-SF-noise,15,screw,AlMg10,63.0,6.0,129.0
partial,SS-SF-noise,16,screw,AlMg10,63.0,7.0,159.5
partial,SS-SF-noise,17,screw,AlMg10,63.0,7.0,142.5
partial,SS-SF-noise,18,screw,AlMg10,63.0,7.0,142.5
partial,SS-SF-noise,19,screw,AlMg10,63.0,7.0,135.5
partial,SS-SF-noise,20,screw,AlMg10,63.0,7.0,142.5
partial,SS-W-noise,1,screw,AlMg10,63.0,7.0,159.5
partial,SS-W-noise,2,screw,AlMg10,63.0,6.0,123.0
partial,SS-W-noise,3,screw,AlMg10,63.0,7.0,92.5
partial,SS-W-noise,4,screw,AlMg10,63.0,7.0,135.5
partial,SS-W-noise,5,screw,AlMg10,63.0,7.0,142.5
partial,SS-W-noise,6,screw,AlMg10,63.0,7.0,142.5
partial,SS-W-noise,7,screw,AlMg10,63.0,7.0,159.5
partial,SS-W-noise,8,screw,AlMg10,63.0,7.0,142.5
partial,SS-W-noise,9,screw,AlMg10,63.0,6.0,123.0
partial,SS-W-noise,10,screw,AlMg10,63.0,5.0,153.5
partial,SS-W-noise,11,screw,AlMg10,63.0,7.0,159.5
partial,SS-W-noise,12,screw,AlMg10,63.0,7.0,166.5
partial,SS-W-noise,13,screw,AlMg10,63.0,6.0,129.0
partial,SS-W-noise,14,screw,AlMg10,63.0,7.0,135.5
partial,SS-W-noise,15,screw,AlMg10,63.0,7.0,135.5
partial,SS-W-noise,16,screw,AlMg10,63.0,6.0,173.0
partial,SS-W-noise,17,screw,AlMg10,63.0,5.0,153.5
partial,SS-W-noise,18,screw,AlMg10,63.0,6.0,123.0
partial,SS-W-noise,19,screw,AlMg10,63.0,7.0,142.5
partial,SS-W-noise,20,screw,AlMg10,63.0,5.0,98.5
partial,W-noise,1,screw,AlMg10,63.0,5.0,48.5
partial,W-noise,2,screw,AlMg10,63.0,7.0,42.5
partial,W-noise,3,screw,AlMg10,63.0,5.0,48.5
partial,W-noise,4,screw,AlMg10,63.0,7.0,66.5
partial,W-noise,5,screw,AlMg10,63.0,7.0,59.5
partial,W-noise,6,screw,AlMg10,63.0,6.0,73.0
partial,W-noise,7,screw,AlMg10,63.0,7.0,66.5
partial,W-noise,8,screw,AlMg10,63.0,5.0,53.5
partial,W-noise,9,screw,AlMg10,63.0,7.0,66.5
partial,W-noise,11,screw,AlMg10,63.0,7.0,66.5
partial,W-noise,12,screw,AlMg10,63.0,5.0,53.5
partial,W-noise,13,screw,AlMg10,63.0,5.0,53.5
partial,W-noise,14,screw,AlMg10,63.0,7.0,59.5
partial,W-noise,15,screw,AlMg10,63.0,7.0,59.5
partial,W-noise,16,screw,AlMg10,63.0,7.0,59.5
partial,W-noise,17,screw,AlMg10,63.0,7.0,59.5
partial,W-noise,18,screw,AlMg10,63.0,5.0,48.5
partial,W-noise,19,screw,AlMg10,63.0,7.0,59.5
partial,W-noise,20,screw,AlMg10,63.0,7.0,66.5
partial,SF-noise,1,screw,AlMg10,109.0,5.0,48.5
partial,SF-noise,2,screw,AlMg10,109.0,5.0,53.5
partial,SF-noise,3,screw,AlMg10,109.0,7.0,59.5
partial,SF-noise,4,screw,AlMg10,109.0,5.0,48.5
partial,SF-noise,5,screw,AlMg10,109.0,7.0,42.5
partial,SF-noise,6,screw,AlMg10,109.0,7.0,59.5
partial,SF-noise,7,screw,AlMg10,109.0,5.0,48.5
partial,SF-noise,8,screw,AlMg10,109.0,7.0,42.5
partial,SF-noise,9,screw,AlMg10,109.0,100.0,51.0
partial,SS-C-noise,1,screw,AlMg10,109.0,5.0,98.5
partial,SS-C-noise,2,screw,AlMg10,109.0,5.0,98.5
partial,SS-C-noise,3,screw,AlMg10,109.0,5.0,98.5
partial,SS-C-noise,4,screw,AlMg10,109.0,5.0,103.5
partial,SS-C-noise,5,screw,AlMg10,109.0,7.0,109.5
partial,SS-C-noise,6,screw,AlMg10,109.0,7.0,85.5
partial,SS-C-noise,7,screw,AlMg10,109.0,25.0,113.5
partial,SS-SF-noise,1,screw,AlMg10,109.0,5.0,148.5
partial,SS-SF-noise,2,screw,AlMg10,109.0,6.0,129.0
partial,SS-SF-noise,3,screw,AlMg10,109.0,7.0,142.5
partial,SS-SF-noise,4,screw,AlMg10,109.0,6.0,129.0
partial,SS-SF-noise,5,screw,AlMg10,109.0,6.0,129.0
partial,SS-SF-noise,6,screw,AlMg10,109.0,7.0,116.5
partial,SS-SF-noise,7,screw,AlMg10,109.0,6.0,129.0
partial,SS-W-noise,1,screw,AlMg10,109.0,7.0,142.5
partial,SS-W-noise,2,screw,AlMg10,109.0,7.0,142.5
partial,SS-W-noise,3,screw,AlMg10,109.0,7.0,135.5
partial,SS-W-noise,4,screw,AlMg10,109.0,7.0,135.5
partial,SS-W-noise,5,screw,AlMg10,109.0,7.0,116.5
partial,SS-W-noise,6,screw,AlMg10,109.0,6.0,123.0
partial,SS-W-noise,7,screw,AlMg10,109.0,7.0,142.5
partial,W-noise,1,screw,AlMg10,109.0,5.0,48.5
partial,W-noise,2,screw,AlMg10,109.0,5.0,48.5
partial,W-noise,3,screw,AlMg10,109.0,5.0,53.5
partial,W-noise,4,screw,AlMg10,109.0,5.0,48.5
partial,W-noise,5,screw,AlMg10,109.0,5.0,48.5
partial,W-noise,6,screw,AlMg10,109.0,7.0,66.5
partial,W-noise,7,screw,AlMg10,109.0,7.0,59.5
partial,W-noise,8,screw,AlMg10,109.0,7.0,42.5
partial,W-noise,9,screw,AlMg10,109.0,7.0,59.5
partial,W-noise,10,screw,AlMg10,109.0,25.0,63.5
partial,SF-noise,1,screw,AlMg15,4.0,7.0,35.5
partial,SF-noise,2,screw,AlMg15,4.0,7.0,35.5
partial,SF-noise,4,screw,AlMg15,4.0,5.0,3.5
partial,SF-noise,6,screw,AlMg15,4.0,7.0,116.5
partial,SF-noise,7,screw,AlMg15,4.0,6.0,23.0
partial,SF-noise,9,screw,AlMg15,4.0,5.0,3.5
partial,SF-noise,10,screw,AlMg15,4.0,7.0,59.5
partial,SF-noise,11,screw,AlMg15,4.0,1.0,0.5
partial,SF-noise,12,screw,AlMg15,4.0,7.0,42.5
partial,SF-noise,14,screw,AlMg15,4.0,7.0,42.5
partial,SF-noise,15,screw,AlMg15,4.0,7.0,66.5
partial,SF-noise,17,screw,AlMg15,4.0,5.0,3.5
partial,SF-noise,19,screw,AlMg15,4.0,5.0,3.5
partial,SS-C-noise,1,screw,AlMg15,4.0,7.0,92.5
partial,SS-C-noise,3,screw,AlMg15,4.0,100.0,251.0
partial,SS-C-noise,5,screw,AlMg15,4.0,7.0,35.5
partial,SS-C-noise,7,screw,AlMg15,4.0,6.0,229.0
partial,SS-C-noise,9,screw,AlMg15,4.0,100.0,151.0
partial,SS-C-noise,10,screw,AlMg15,4.0,100.0,151.0
partial,SS-C-noise,11,screw,AlMg15,4.0,7.0,242.5
partial,SS-C-noise,12,screw,AlMg15,4.0,100.0,251.0
partial,SS-C-noise,14,screw,AlMg15,4.0,6.0,323.0
partial,SS-C-noise,15,screw,AlMg15,4.0,50.0,126.0
partial,SS-C-noise,16,screw,AlMg15,4.0,5.0,403.5
partial,SS-C-noise,17,screw,AlMg15,4.0,6.0,379.0
partial,SS-C-noise,18,screw,AlMg15,4.0,100.0,51.0
partial,SS-C-noise,19,screw,AlMg15,4.0,5.0,403.5
partial,SS-C-noise,20,screw,AlMg15,4.0,100.0,251.0
partial,SS-SF-noise,1,screw,AlMg15,4.0,1.0,0.5
partial,SS-SF-noise,3,screw,AlMg15,4.0,7.0,392.5
partial,SS-SF-noise,4,screw,AlMg15,4.0,5.0,148.5
partial,SS-SF-noise,5,screw,AlMg15,4.0,6.0,129.0
partial,SS-SF-noise,7,screw,AlMg15,4.0,6.0,329.0
partial,SS-SF-noise,9,screw,AlMg15,4.0,100.0,251.0
partial,SS-SF-noise,10,screw,AlMg15,4.0,6.0,229.0
partial,SS-SF-noise,11,screw,AlMg15,4.0,25.0,163.5
partial,SS-SF-noise,12,screw,AlMg15,4.0,100.0,51.0
partial,SS-SF-noise,14,screw,AlMg15,4.0,7.0,242.5
partial,SS-SF-noise,15,screw,AlMg15,4.0,7.0,166.5
partial,SS-SF-noise,16,screw,AlMg15,4.0,7.0,585.5
partial,SS-SF-noise,17,screw,AlMg15,4.0,7.0,459.5
partial,SS-SF-noise,18,screw,AlMg15,4.0,12.0,107.0
partial,SS-SF-noise,19,screw,AlMg15,4.0,7.0,466.5
partial,SS-W-noise,1,screw,AlMg15,4.0,5.0,98.5
partial,SS-W-noise,2,screw,AlMg15,4.0,7.0,35.5
partial,SS-W-noise,3,screw,AlMg15,4.0,100.0,151.0
partial,SS-W-noise,5,screw,AlMg15,4.0,5.0,148.5
partial,SS-W-noise,7,screw,AlMg15,4.0,7.0,359.5
partial,SS-W-noise,9,screw,AlMg15,4.0,100.0,51.0
partial,SS-W-noise,10,screw,AlMg15,4.0,100.0,51.0
partial,SS-W-noise,12,screw,AlMg15,4.0,100.0,151.0
partial,SS-W-noise,14,screw,AlMg15,4.0,5.0,203.5
partial,SS-W-noise,15,screw,AlMg15,4.0,7.0,166.5
partial,SS-W-noise,16,screw,AlMg15,4.0,7.0,266.5
partial,SS-W-noise,17,screw,AlMg15,4.0,7.0,85.5
partial,SS-W-noise,18,screw,AlMg15,4.0,100.0,51.0
partial,SS-W-noise,19,screw,AlMg15,4.0,7.0,92.5
partial,SS-W-noise,20,screw,AlMg15,4.0,7.0,542.5
partial,W-noise,1,screw,AlMg15,4.0,6.0,79.0
partial,W-noise,2,screw,AlMg15,4.0,7.0,42.5
partial,W-noise,4,screw,AlMg15,4.0,5.0,53.5
partial,W-noise,6,screw,AlMg15,4.0,6.0,73.0
partial,W-noise,7,screw,AlMg15,4.0,7.0,16.5
partial,W-noise,9,screw,AlMg15,4.0,25.0,13.5
partial,W-noise,11,screw,AlMg15,4.0,12.0,57.0
partial,W-noise,12,screw,AlMg15,4.0,7.0,9.5
partial,W-noise,14,screw,AlMg15,4.0,7.0,9.5
partial,W-noise,15,screw,AlMg15,4.0,6.0,123.0
partial,W-noise,16,screw,AlMg15,4.0,7.0,35.5
partial,W-noise,17,screw,AlMg15,4.0,7.0,109.5
partial,W-noise,19,screw,AlMg15,4.0,7.0,16.5
partial,W-noise,20,screw,AlMg15,4.0,50.0,26.0
partial,SF-noise,1,screw,AlMg15,29.0,5.0,48.5
partial,SF-noise,2,screw,AlMg15,29.0,6.0,73.0
partial,SF-noise,3,screw,AlMg15,29.0,7.0,59.5
partial,SF-noise,4,screw,AlMg15,29.0,7.0,59.5
partial,SF-noise,5,screw,AlMg15,29.0,6.0,73.0
partial,SF-noise,6,screw,AlMg15,29.0,7.0,92.5
partial,SF-noise,7,screw,AlMg15,29.0,7.0,42.5
partial,SF-noise,8,screw,AlMg15,29.0,5.0,103.5
partial,SF-noise,9,screw,AlMg15,29.0,6.0,73.0
partial,SF-noise,10,screw,AlMg15,29.0,6.0,79.0
partial,SF-noise,11,screw,AlMg15,29.0,7.0,66.5
partial,SF-noise,12,screw,AlMg15,29.0,6.0,79.0
partial,SF-noise,13,screw,AlMg15,29.0,6.0,79.0
partial,SF-noise,14,screw,AlMg15,29.0,7.0,42.5
partial,SF-noise,15,screw,AlMg15,29.0,6.0,73.0
partial,SF-noise,16,screw,AlMg15,29.0,7.0,59.5
partial,SF-noise,17,screw,AlMg15,29.0,6.0,73.0
partial,SF-noise,18,screw,AlMg15,29.0,7.0,116.5
partial,SF-noise,19,screw,AlMg15,29.0,6.0,73.0
partial,SF-noise,20,screw,AlMg15,29.0,6.0,79.0
partial,SS-C-noise,1,screw,AlMg15,29.0,7.0,192.5
partial,SS-C-noise,2,screw,AlMg15,29.0,5.0,103.5
partial,SS-C-noise,3,screw,AlMg15,29.0,6.0,129.0
partial,SS-C-noise,4,screw,AlMg15,29.0,6.0,223.0
partial,SS-C-noise,5,screw,AlMg15,29.0,7.0,192.5
partial,SS-C-noise,6,screw,AlMg15,29.0,6.0,129.0
partial,SS-C-noise,7,screw,AlMg15,29.0,7.0,116.5
partial,SS-C-noise,8,screw,AlMg15,29.0,5.0,148.5
partial,SS-C-noise,9,screw,AlMg15,29.0,6.0,173.0
partial,SS-C-noise,10,screw,AlMg15,29.0,5.0,198.5
partial,SS-C-noise,11,screw,AlMg15,29.0,6.0,179.0
partial,SS-C-noise,12,screw,AlMg15,29.0,7.0,216.5
partial,SS-C-noise,13,screw,AlMg15,29.0,7.0,185.5
partial,SS-C-noise,14,screw,AlMg15,29.0,5.0,153.5
partial,SS-C-noise,15,screw,AlMg15,29.0,7.0,166.5
partial,SS-C-noise,16,screw,AlMg15,29.0,7.0,242.5
partial,SS-C-noise,17,screw,AlMg15,29.0,7.0,159.5
partial,SS-C-noise,18,screw,AlMg15,29.0,7.0,192.5
partial,SS-C-noise,19,screw,AlMg15,29.0,5.0,153.5
partial,SS-C-noise,20,screw,AlMg15,29.0,7.0,192.5
partial,SS-SF-noise,1,screw,AlMg15,29.0,7.0,192.5
partial,SS-SF-noise,2,screw,AlMg15,29.0,7.0,142.5
partial,SS-SF-noise,3,screw,AlMg15,29.0,7.0,166.5
partial,SS-SF-noise,4,screw,AlMg15,29.0,5.0,253.5
partial,SS-SF-noise,5,screw,AlMg15,29.0,5.0,203.5
partial,SS-SF-noise,6,screw,AlMg15,29.0,5.0,148.5
partial,SS-SF-noise,7,screw,AlMg15,29.0,7.0,142.5
partial,SS-SF-noise,8,screw,AlMg15,29.0,5.0,203.5
partial,SS-SF-noise,9,screw,AlMg15,29.0,6.0,223.0
partial,SS-SF-noise,10,screw,AlMg15,29.0,5.0,203.5
partial,SS-SF-noise,11,screw,AlMg15,29.0,5.0,203.5
partial,SS-SF-noise,12,screw,AlMg15,29.0,7.0,166.5
partial,SS-SF-noise,13,screw,AlMg15,29.0,5.0,253.5
partial,SS-SF-noise,14,screw,AlMg15,29.0,7.0,209.5
partial,SS-SF-noise,15,screw,AlMg15,29.0,5.0,153.5
partial,SS-SF-noise,16,screw,AlMg15,29.0,6.0,273.0
partial,SS-SF-noise,17,screw,AlMg15,29.0,6.0,223.0
partial,SS-SF-noise,18,screw,AlMg15,29.0,7.0,209.5
partial,SS-SF-noise,19,screw,AlMg15,29.0,5.0,198.5
partial,SS-SF-noise,20,screw,AlMg15,29.0,7.0,216.5
partial,SS-W-noise,1,screw,AlMg15,29.0,6.0,173.0
partial,SS-W-noise,2,screw,AlMg15,29.0,6.0,173.0
partial,SS-W-noise,3,screw,AlMg15,29.0,7.0,142.5
partial,SS-W-noise,4,screw,AlMg15,29.0,5.0,248.5
partial,SS-W-noise,5,screw,AlMg15,29.0,6.0,223.0
partial,SS-W-noise,6,screw,AlMg15,29.0,6.0,229.0
partial,SS-W-noise,7,screw,AlMg15,29.0,6.0,173.0
partial,SS-W-noise,8,screw,AlMg15,29.0,6.0,223.0
partial,SS-W-noise,9,screw,AlMg15,29.0,6.0,223.0
partial,SS-W-noise,10,screw,AlMg15,29.0,5.0,253.5
partial,SS-W-noise,11,screw,AlMg15,29.0,6.0,229.0
partial,SS-W-noise,12,screw,AlMg15,29.0,5.0,153.5
partial,SS-W-noise,13,screw,AlMg15,29.0,7.0,259.5
partial,SS-W-noise,14,screw,AlMg15,29.0,7.0,216.5
partial,SS-W-noise,15,screw,AlMg15,29.0,7.0,135.5
partial,SS-W-noise,16,screw,AlMg15,29.0,7.0,259.5
partial,SS-W-noise,17,screw,AlMg15,29.0,7.0,242.5
partial,SS-W-noise,18,screw,AlMg15,29.0,7.0,209.5
partial,SS-W-noise,19,screw,AlMg15,29.0,5.0,198.5
partial,SS-W-noise,20,screw,AlMg15,29.0,5.0,198.5
partial,SF-noise,1,screw,AlMg15,63.0,7.0,42.5
partial,SF-noise,2,screw,AlMg15,63.0,7.0,66.5
partial,SF-noise,3,screw,AlMg15,63.0,5.0,48.5
partial,SF-noise,4,screw,AlMg15,63.0,7.0,59.5
partial,SF-noise,5,screw,AlMg15,63.0,7.0,59.5
partial,SF-noise,6,screw,AlMg15,63.0,7.0,66.5
partial,SF-noise,7,screw,AlMg15,63.0,7.0,66.5
partial,SF-noise,8,screw,AlMg15,63.0,7.0,59.5
partial,SF-noise,9,screw,AlMg15,63.0,6.0,79.0
partial,SF-noise,10,screw,AlMg15,63.0,7.0,66.5
partial,SF-noise,11,screw,AlMg15,63.0,7.0,59.5
partial,SF-noise,12,screw,AlMg15,63.0,7.0,59.5
partial,SF-noise,13,screw,AlMg15,63.0,6.0,73.0
partial,SF-noise,14,screw,AlMg15,63.0,7.0,59.5
partial,SF-noise,15,screw,AlMg15,63.0,7.0,66.5
partial,SF-noise,16,screw,AlMg15,63.0,7.0,59.5
partial,SF-noise,17,screw,AlMg15,63.0,7.0,66.5
partial,SF-noise,18,screw,AlMg15,63.0,6.0,73.0
partial,SF-noise,19,screw,AlMg15,63.0,7.0,66.5
partial,SF-noise,20,screw,AlMg15,63.0,6.0,73.0
partial,SS-C-noise,1,screw,AlMg15,63.0,6.0,173.0
partial,SS-C-noise,2,screw,AlMg15,63.0,7.0,142.5
partial,SS-C-noise,3,screw,AlMg15,63.0,6.0,129.0
partial,SS-C-noise,4,screw,AlMg15,63.0,7.0,135.5
partial,SS-C-noise,5,screw,AlMg15,63.0,5.0,153.5
partial,SS-C-noise,6,screw,AlMg15,63.0,5.0,153.5
partial,SS-C-noise,7,screw,AlMg15,63.0,5.0,148.5
partial,SS-C-noise,8,screw,AlMg15,63.0,7.0,135.5
partial,SS-C-noise,9,screw,AlMg15,63.0,5.0,153.5
partial,SS-C-noise,10,screw,AlMg15,63.0,6.0,123.0
partial,SS-C-noise,11,screw,AlMg15,63.0,7.0,166.5
partial,SS-C-noise,12,screw,AlMg15,63.0,5.0,153.5
partial,SS-C-noise,13,screw,AlMg15,63.0,6.0,123.0
partial,SS-C-noise,14,screw,AlMg15,63.0,6.0,129.0
partial,SS-C-noise,15,screw,AlMg15,63.0,6.0,129.0
partial,SS-C-noise,16,screw,AlMg15,63.0,7.0,192.5
partial,SS-C-noise,17,screw,AlMg15,63.0,5.0,153.5
partial,SS-C-noise,18,screw,AlMg15,63.0,7.0,166.5
partial,SS-C-noise,19,screw,AlMg15,63.0,5.0,98.5
partial,SS-C-noise,20,screw,AlMg15,63.0,1.0,
partial,SS-SF-noise,1,screw,AlMg15,63.0,7.0,185.5
partial,SS-SF-noise,2,screw,AlMg15,63.0,5.0,153.5
partial,SS-SF-noise,3,screw,AlMg15,63.0,6.0,179.0
partial,SS-SF-noise,4,screw,AlMg15,63.0,7.0,166.5
partial,SS-SF-noise,5,screw,AlMg15,63.0,7.0,166.5
partial,SS-SF-noise,6,screw,AlMg15,63.0,7.0,135.5
partial,SS-SF-noise,7,screw,AlMg15,63.0,6.0,173.0
partial,SS-SF-noise,8,screw,AlMg15,63.0,7.0,185.5
partial,SS-SF-noise,9,screw,AlMg15,63.0,5.0,148.5
partial,SS-SF-noise,10,screw,AlMg15,63.0,7.0,166.5
partial,SS-SF-noise,11,screw,AlMg15,63.0,6.0,173.0
partial,SS-SF-noise,12,screw,AlMg15,63.0,7.0,116.5
partial,SS-SF-noise,13,screw,AlMg15,63.0,7.0,142.5
partial,SS-SF-noise,14,screw,AlMg15,63.0,7.0,166.5
partial,SS-SF-noise,15,screw,AlMg15,63.0,7.0,166.5
partial,SS-SF-noise,16,screw,AlMg15,63.0,5.0,198.5
partial,SS-SF-noise,17,screw,AlMg15,63.0,6.0,179.0
partial,SS-SF-noise,18,screw,AlMg15,63.0,6.0,179.0
partial,SS-SF-noise,19,screw,AlMg15,63.0,7.0,159.5
partial,SS-SF-noise,20,screw,AlMg15,63.0,6.0,173.0
partial,SS-W-noise,1,screw,AlMg15,63.0,6.0,229.0
partial,SS-W-noise,2,screw,AlMg15,63.0,5.0,153.5
partial,SS-W-noise,3,screw,AlMg15,63.0,7.0,142.5
partial,SS-W-noise,4,screw,AlMg15,63.0,7.0,142.5
partial,SS-W-noise,5,screw,AlMg15,63.0,7.0,166.5
partial,SS-W-noise,6,screw,AlMg15,63.0,7.0,166.5
partial,SS-W-noise,7,screw,AlMg15,63.0,5.0,203.5
partial,SS-W-noise,8,screw,AlMg15,63.0,6.0,179.0
partial,SS-W-noise,9,screw,AlMg15,63.0,6.0,179.0
partial,SS-W-noise,10,screw,AlMg15,63.0,7.0,159.5
partial,SS-W-noise,11,screw,AlMg15,63.0,5.0,198.5
partial,SS-W-noise,12,screw,AlMg15,63.0,5.0,203.5
partial,SS-W-noise,13,screw,AlMg15,63.0,5.0,153.5
partial,SS-W-noise,14,screw,AlMg15,63.0,5.0,153.5
partial,SS-W-noise,15,screw,AlMg15,63.0,6.0,179.0
partial,SS-W-noise,16,screw,AlMg15,63.0,5.0,198.5
partial,SS-W-noise,17,screw,AlMg15,63.0,7.0,185.5
partial,SS-W-noise,18,screw,AlMg15,63.0,7.0,185.5
partial,SS-W-noise,19,screw,AlMg15,63.0,6.0,173.0
partial,SS-W-noise,20,screw,AlMg15,63.0,7.0,185.5
partial,W-noise,1,screw,AlMg15,63.0,5.0,48.5
partial,W-noise,2,screw,AlMg15,63.0,7.0,59.5
partial,W-noise,3,screw,AlMg15,63.0,7.0,59.5
partial,W-noise,4,screw,AlMg15,63.0,6.0,79.0
partial,W-noise,5,screw,AlMg15,63.0,6.0,73.0
partial,W-noise,6,screw,AlMg15,63.0,7.0,85.5
partial,W-noise,7,screw,AlMg15,63.0,6.0,79.0
partial,W-noise,8,screw,AlMg15,63.0,7.0,59.5
partial,W-noise,9,screw,AlMg15,63.0,6.0,79.0
partial,W-noise,10,screw,AlMg15,63.0,7.0,92.5
partial,W-noise,11,screw,AlMg15,63.0,6.0,79.0
partial,W-noise,12,screw,AlMg15,63.0,7.0,66.5
partial,W-noise,13,screw,AlMg15,63.0,7.0,66.5
partial,W-noise,14,screw,AlMg15,63.0,7.0,66.5
partial,W-noise,15,screw,AlMg15,63.0,6.0,79.0
partial,W-noise,16,screw,AlMg15,63.0,6.0,79.0
partial,W-noise,17,screw,AlMg15,63.0,7.0,66.5
partial,W-noise,18,screw,AlMg15,63.0,7.0,66.5
partial,W-noise,19,screw,AlMg15,63.0,6.0,73.0
partial,W-noise,20,screw,AlMg15,63.0,7.0,85.5
partial,SF-noise,1,screw,AlMg15,109.0,5.0,53.5
partial,SF-noise,2,screw,AlMg15,109.0,5.0,53.5
partial,SF-noise,3,screw,AlMg15,109.0,7.0,59.5
partial,SF-noise,4,screw,AlMg15,109.0,5.0,48.5
partial,SF-noise,5,screw,AlMg15,109.0,5.0,48.5
partial,SF-noise,6,screw,AlMg15,109.0,7.0,66.5
partial,SF-noise,7,screw,AlMg15,109.0,7.0,66.5
partial,SF-noise,8,screw,AlMg15,109.0,5.0,48.5
partial,SF-noise,9,screw,AlMg15,109.0,100.0,51.0
partial,SS-C-noise,1,screw,AlMg15,109.0,6.0,123.0
partial,SS-C-noise,2,screw,AlMg15,109.0,7.0,116.5
partial,SS-C-noise,3,screw,AlMg15,109.0,6.0,123.0
partial,SS-C-noise,4,screw,AlMg15,109.0,6.0,129.0
partial,SS-C-noise,5,screw,AlMg15,109.0,6.0,129.0
partial,SS-C-noise,6,screw,AlMg15,109.0,6.0,129.0
partial,SS-C-noise,7,screw,AlMg15,109.0,1.0,
partial,SS-SF-noise,1,screw,AlMg15,109.0,7.0,166.5
partial,SS-SF-noise,2,screw,AlMg15,109.0,6.0,173.0
partial,SS-SF-noise,3,screw,AlMg15,109.0,7.0,166.5
partial,SS-SF-noise,4,screw,AlMg15,109.0,7.0,142.5
partial,SS-SF-noise,5,screw,AlMg15,109.0,7.0,166.5
partial,SS-SF-noise,6,screw,AlMg15,109.0,5.0,148.5
partial,SS-SF-noise,7,screw,AlMg15,109.0,6.0,173.0
partial,SS-W-noise,1,screw,AlMg15,109.0,6.0,173.0
partial,SS-W-noise,2,screw,AlMg15,109.0,5.0,153.5
partial,SS-W-noise,3,screw,AlMg15,109.0,7.0,159.5
partial,SS-W-noise,4,screw,AlMg15,109.0,5.0,153.5
partial,SS-W-noise,5,screw,AlMg15,109.0,7.0,142.5
partial,SS-W-noise,6,screw,AlMg15,109.0,5.0,153.5
partial,SS-W-noise,7,screw,AlMg15,109.0,7.0,166.5
partial,W-noise,1,screw,AlMg15,109.0,7.0,59.5
partial,W-noise,2,screw,AlMg15,109.0,7.0,59.5
partial,W-noise,3,screw,AlMg15,109.0,7.0,66.5
partial,W-noise,4,screw,AlMg15,109.0,6.0,73.0
partial,W-noise,5,screw,AlMg15,109.0,5.0,53.5
partial,W-noise,6,screw,AlMg15,109.0,6.0,73.0
partial,W-noise,7,screw,AlMg15,109.0,6.0,79.0
partial,W-noise,8,screw,AlMg15,109.0,5.0,48.5
partial,W-noise,9,screw,AlMg15,109.0,6.0,73.0
partial,W-noise,10,screw,AlMg15,109.0,13.0,69.5
partial,SF-noise,12,edge,AlMg5,109.0,6.0,23.0
partial,SF-noise,13,edge,AlMg5,109.0,6.0,29.0
partial,SF-noise,14,edge,AlMg5,109.0,6.0,23.0
partial,SF-noise,15,edge,AlMg5,109.0,6.0,23.0
partial,SF-noise,16,edge,AlMg5,109.0,6.0,29.0
partial,SF-noise,17,edge,AlMg5,109.0,7.0,35.5
partial,SF-noise,18,edge,AlMg5,109.0,7.0,35.5
partial,SF-noise,19,edge,AlMg5,109.0,7.0,35.5
partial,SF-noise,20,edge,AlMg5,109.0,6.0,23.0
partial,SS-C-noise,9,edge,AlMg5,109.0,5.0,153.5
partial,SS-C-noise,10,edge,AlMg5,109.0,5.0,148.5
partial,SS-C-noise,11,edge,AlMg5,109.0,7.0,135.5
partial,SS-C-noise,12,edge,AlMg5,109.0,5.0,148.5
partial,SS-C-noise,13,edge,AlMg5,109.0,7.0,135.5
partial,SS-C-noise,14,edge,AlMg5,109.0,5.0,148.5
partial,SS-C-noise,15,edge,AlMg5,109.0,5.0,148.5
partial,SS-C-noise,16,edge,AlMg5,109.0,7.0,135.5
partial,SS-C-noise,17,edge,AlMg5,109.0,5.0,153.5
partial,SS-C-noise,18,edge,AlMg5,109.0,7.0,135.5
partial,SS-C-noise,19,edge,AlMg5,109.0,7.0,142.5
partial,SS-C-noise,20,edge,AlMg5,109.0,7.0,142.5
partial,SS-SF-noise,9,edge,AlMg5,109.0,7.0,159.5
partial,SS-SF-noise,10,edge,AlMg5,109.0,7.0,142.5
partial,SS-SF-noise,11,edge,AlMg5,109.0,7.0,142.5
partial,SS-SF-noise,12,edge,AlMg5,109.0,7.0,166.5
partial,SS-SF-noise,13,edge,AlMg5,109.0,7.0,159.5
partial,SS-SF-noise,14,edge,AlMg5,109.0,5.0,153.5
partial,SS-SF-noise,15,edge,AlMg5,109.0,5.0,153.5
partial,SS-SF-noise,16,edge,AlMg5,109.0,6.0,173.0
partial,SS-SF-noise,17,edge,AlMg5,109.0,5.0,148.5
partial,SS-SF-noise,18,edge,AlMg5,109.0,5.0,153.5
partial,SS-SF-noise,19,edge,AlMg5,109.0,5.0,153.5
partial,SS-SF-noise,20,edge,AlMg5,109.0,6.0,129.0
partial,SS-W-noise,10,edge,AlMg5,109.0,7.0,159.5
partial,SS-W-noise,11,edge,AlMg5,109.0,5.0,148.5
partial,SS-W-noise,12,edge,AlMg5,109.0,7.0,166.5
partial,SS-W-noise,13,edge,AlMg5,109.0,7.0,159.5
partial,SS-W-noise,14,edge,AlMg5,109.0,7.0,159.5
partial,SS-W-noise,15,edge,AlMg5,109.0,6.0,173.0
partial,SS-W-noise,16,edge,AlMg5,109.0,6.0,173.0
partial,SS-W-noise,17,edge,AlMg5,109.0,5.0,153.5
partial,SS-W-noise,18,edge,AlMg5,109.0,5.0,153.5
partial,SS-W-noise,19,edge,AlMg5,109.0,5.0,153.5
partial,SS-W-noise,20,edge,AlMg5,109.0,5.0,148.5
partial,W-noise,13,edge,AlMg5,109.0,7.0,35.5
partial,W-noise,14,edge,AlMg5,109.0,5.0,48.5
partial,W-noise,15,edge,AlMg5,109.0,7.0,42.5
partial,W-noise,16,edge,AlMg5,109.0,7.0,42.5
partial,W-noise,17,edge,AlMg5,109.0,5.0,48.5
partial,W-noise,18,edge,AlMg5,109.0,7.0,35.5
partial,W-noise,19,edge,AlMg5,109.0,7.0,42.5
partial,W-noise,20,edge,AlMg5,109.0,5.0,48.5
partial,SF-noise,12,edge,AlMg10,109.0,7.0,35.5
partial,SF-noise,13,edge,AlMg10,109.0,7.0,35.5
partial,SF-noise,14,edge,AlMg10,109.0,7.0,42.5
partial,SF-noise,15,edge,AlMg10,109.0,7.0,35.5
partial,SF-noise,16,edge,AlMg10,109.0,7.0,42.5
partial,SF-noise,17,edge,AlMg10,109.0,7.0,42.5
partial,SF-noise,18,edge,AlMg10,109.0,7.0,42.5
partial,SF-noise,19,edge,AlMg10,109.0,7.0,35.5
partial,SF-noise,20,edge,AlMg10,109.0,7.0,42.5
partial,SS-C-noise,8,edge,AlMg10,109.0,7.0,242.5
partial,SS-C-noise,9,edge,AlMg10,109.0,6.0,223.0
partial,SS-C-noise,10,edge,AlMg10,109.0,6.0,223.0
partial,SS-C-noise,11,edge,AlMg10,109.0,7.0,216.5
partial,SS-C-noise,12,edge,AlMg10,109.0,6.0,229.0
partial,SS-C-noise,13,edge,AlMg10,109.0,6.0,229.0
partial,SS-C-noise,14,edge,AlMg10,109.0,6.0,229.0
partial,SS-C-noise,15,edge,AlMg10,109.0,7.0,242.5
partial,SS-C-noise,16,edge,AlMg10,109.0,7.0,242.5
partial,SS-C-noise,17,edge,AlMg10,109.0,5.0,248.5
partial,SS-C-noise,18,edge,AlMg10,109.0,7.0,216.5
partial,SS-SF-noise,8,edge,AlMg10,109.0,7.0,242.5
partial,SS-SF-noise,9,edge,AlMg10,109.0,7.0,259.5
partial,SS-SF-noise,10,edge,AlMg10,109.0,7.0,242.5
partial,SS-SF-noise,11,edge,AlMg10,109.0,7.0,235.5
partial,SS-SF-noise,12,edge,AlMg10,109.0,7.0,235.5
partial,SS-SF-noise,13,edge,AlMg10,109.0,5.0,253.5
partial,SS-SF-noise,14,edge,AlMg10,109.0,5.0,253.5
partial,SS-SF-noise,15,edge,AlMg10,109.0,5.0,253.5
partial,SS-SF-noise,16,edge,AlMg10,109.0,6.0,273.0
partial,SS-SF-noise,17,edge,AlMg10,109.0,5.0,253.5
partial,SS-SF-noise,18,edge,AlMg10,109.0,5.0,253.5
partial,SS-W-noise,9,edge,AlMg10,109.0,5.0,253.5
partial,SS-W-noise,10,edge,AlMg10,109.0,7.0,266.5
partial,SS-W-noise,11,edge,AlMg10,109.0,7.0,235.5
partial,SS-W-noise,12,edge,AlMg10,109.0,7.0,235.5
partial,SS-W-noise,13,edge,AlMg10,109.0,5.0,253.5
partial,SS-W-noise,14,edge,AlMg10,109.0,7.0,266.5
partial,SS-W-noise,15,edge,AlMg10,109.0,6.0,273.0
partial,SS-W-noise,16,edge,AlMg10,109.0,7.0,285.5
partial,SS-W-noise,17,edge,AlMg10,109.0,5.0,248.5
partial,SS-W-noise,18,edge,AlMg10,109.0,7.0,242.5
partial,SS-W-noise,19,edge,AlMg10,109.0,13.0,232.5
partial,W-noise,14,edge,AlMg10,109.0,7.0,66.5
partial,W-noise,15,edge,AlMg10,109.0,7.0,59.5
partial,W-noise,16,edge,AlMg10,109.0,6.0,79.0
partial,W-noise,17,edge,AlMg10,109.0,7.0,66.5
partial,W-noise,18,edge,AlMg10,109.0,7.0,42.5
partial,W-noise,19,edge,AlMg10,109.0,7.0,59.5
partial,W-noise,20,edge,AlMg10,109.0,7.0,66.5
partial,SF-noise,12,edge,AlMg15,109.0,7.0,42.5
partial,SF-noise,13,edge,AlMg15,109.0,7.0,42.5
partial,SF-noise,14,edge,AlMg15,109.0,5.0,48.5
partial,SF-noise,15,edge,AlMg15,109.0,7.0,42.5
partial,SF-noise,16,edge,AlMg15,109.0,5.0,48.5
partial,SF-noise,17,edge,AlMg15,109.0,5.0,48.5
partial,SF-noise,18,edge,AlMg15,109.0,7.0,42.5
partial,SF-noise,19,edge,AlMg15,109.0,7.0,42.5
partial,SF-noise,20,edge,AlMg15,109.0,5.0,53.5
partial,SS-C-noise,7,edge,AlMg15,109.0,6.0,273.0
partial,SS-C-noise,8,edge,AlMg15,109.0,7.0,316.5
partial,SS-C-noise,9,edge,AlMg15,109.0,7.0,285.5
partial,SS-C-noise,10,edge,AlMg15,109.0,6.0,279.0
partial,SS-C-noise,11,edge,AlMg15,109.0,7.0,259.5
partial,SS-C-noise,12,edge,AlMg15,109.0,6.0,273.0
partial,SS-C-noise,13,edge,AlMg15,109.0,5.0,303.5
partial,SS-C-noise,14,edge,AlMg15,109.0,7.0,285.5
partial,SS-C-noise,15,edge,AlMg15,109.0,7.0,285.5
partial,SS-C-noise,16,edge,AlMg15,109.0,7.0,292.5
partial,SS-C-noise,17,edge,AlMg15,109.0,7.0,285.5
partial,SS-C-noise,18,edge,AlMg15,109.0,100.0,251.0
partial,SS-SF-noise,7,edge,AlMg15,109.0,6.0,279.0
partial,SS-SF-noise,8,edge,AlMg15,109.0,7.0,309.5
partial,SS-SF-noise,9,edge,AlMg15,109.0,7.0,292.5
partial,SS-SF-noise,10,edge,AlMg15,109.0,7.0,292.5
partial,SS-SF-noise,11,edge,AlMg15,109.0,7.0,335.5
partial,SS-SF-noise,12,edge,AlMg15,109.0,7.0,316.5
partial,SS-SF-noise,13,edge,AlMg15,109.0,7.0,309.5
partial,SS-SF-noise,14,edge,AlMg15,109.0,7.0,309.5
partial,SS-SF-noise,15,edge,AlMg15,109.0,7.0,292.5
partial,SS-SF-noise,16,edge,AlMg15,109.0,6.0,329.0
partial,SS-W-noise,8,edge,AlMg15,109.0,6.0,323.0
partial,SS-W-noise,9,edge,AlMg15,109.0,5.0,298.5
partial,SS-W-noise,10,edge,AlMg15,109.0,7.0,316.5
partial,SS-W-noise,11,edge,AlMg15,109.0,7.0,309.5
partial,SS-W-noise,12,edge,AlMg15,109.0,6.0,323.0
partial,SS-W-noise,13,edge,AlMg15,109.0,7.0,316.5
partial,SS-W-noise,14,edge,AlMg15,109.0,7.0,316.5
partial,SS-W-noise,15,edge,AlMg15,109.0,7.0,292.5
partial,SS-W-noise,16,edge,AlMg15,109.0,5.0,353.5
partial,SS-W-noise,17,edge,AlMg15,109.0,12.0,295.0
partial,W-noise,13,edge,AlMg15,109.0,7.0,66.5
partial,W-noise,14,edge,AlMg15,109.0,7.0,59.5
partial,W-noise,15,edge,AlMg15,109.0,7.0,66.5
partial,W-noise,16,edge,AlMg15,109.0,6.0,79.0
partial,W-noise,17,edge,AlMg15,109.0,6.0,79.0
partial,W-noise,18,edge,AlMg15,109.0,7.0,59.5
partial,W-noise,19,edge,AlMg15,109.0,6.0,73.0
partial,W-noise,20,edge,AlMg15,109.0,6.0,79.0
partial,SF-noise,10,screw,AlMg5,109.0,7.0,42.5
partial,SF-noise,11,screw,AlMg5,109.0,7.0,35.5
partial,SF-noise,12,screw,AlMg5,109.0,7.0,35.5
partial,SF-noise,13,screw,AlMg5,109.0,7.0,42.5
partial,SF-noise,14,screw,AlMg5,109.0,6.0,29.0
partial,SF-noise,15,screw,AlMg5,109.0,6.0,29.0
partial,SF-noise,16,screw,AlMg5,109.0,6.0,23.0
partial,SF-noise,17,screw,AlMg5,109.0,7.0,35.5
partial,SF-noise,18,screw,AlMg5,109.0,6.0,29.0
partial,SF-noise,19,screw,AlMg5,109.0,6.0,29.0
partial,SF-noise,20,screw,AlMg5,109.0,7.0,35.5
partial,SS-C-noise,9,screw,AlMg5,109.0,6.0,73.0
partial,SS-C-noise,10,screw,AlMg5,109.0,6.0,73.0
partial,SS-C-noise,11,screw,AlMg5,109.0,7.0,66.5
partial,SS-C-noise,12,screw,AlMg5,109.0,6.0,79.0
partial,SS-C-noise,13,screw,AlMg5,109.0,7.0,66.5
partial,SS-C-noise,14,screw,AlMg5,109.0,7.0,66.5
partial,SS-C-noise,15,screw,AlMg5,109.0,6.0,73.0
partial,SS-C-noise,16,screw,AlMg5,109.0,6.0,73.0
partial,SS-C-noise,17,screw,AlMg5,109.0,6.0,79.0
partial,SS-C-noise,18,screw,AlMg5,109.0,7.0,66.5
partial,SS-C-noise,19,screw,AlMg5,109.0,7.0,59.5
partial,SS-C-noise,20,screw,AlMg5,109.0,7.0,66.5
partial,SS-SF-noise,10,screw,AlMg5,109.0,7.0,85.5
partial,SS-SF-noise,11,screw,AlMg5,109.0,6.0,79.0
partial,SS-SF-noise,12,screw,AlMg5,109.0,6.0,79.0
partial,SS-SF-noise,13,screw,AlMg5,109.0,7.0,85.5
partial,SS-SF-noise,14,screw,AlMg5,109.0,6.0,79.0
partial,SS-SF-noise,15,screw,AlMg5,109.0,6.0,73.0
partial,SS-SF-noise,16,screw,AlMg5,109.0,7.0,85.5
partial,SS-SF-noise,17,screw,AlMg5,109.0,6.0,79.0
partial,SS-SF-noise,18,screw,AlMg5,109.0,6.0,73.0
partial,SS-SF-noise,19,screw,AlMg5,109.0,7.0,85.5
partial,SS-SF-noise,20,screw,AlMg5,109.0,7.0,92.5
partial,SS-W-noise,10,screw,AlMg5,109.0,5.0,98.5
partial,SS-W-noise,11,screw,AlMg5,109.0,6.0,73.0
partial,SS-W-noise,12,screw,AlMg5,109.0,6.0,73.0
partial,SS-W-noise,13,screw,AlMg5,109.0,7.0,92.5
partial,SS-W-noise,14,screw,AlMg5,109.0,7.0,92.5
partial,SS-W-noise,15,screw,AlMg5,109.0,6.0,79.0
partial,SS-W-noise,16,screw,AlMg5,109.0,7.0,85.5
partial,SS-W-noise,17,screw,AlMg5,109.0,6.0,73.0
partial,SS-W-noise,18,screw,AlMg5,109.0,7.0,85.5
partial,SS-W-noise,19,screw,AlMg5,109.0,7.0,85.5
partial,SS-W-noise,20,screw,AlMg5,109.0,6.0,79.0
partial,W-noise,11,screw,AlMg5,109.0,7.0,35.5
partial,W-noise,12,screw,AlMg5,109.0,7.0,35.5
partial,W-noise,13,screw,AlMg5,109.0,7.0,42.5
partial,W-noise,14,screw,AlMg5,109.0,6.0,29.0
partial,W-noise,15,screw,AlMg5,109.0,7.0,35.5
partial,W-noise,16,screw,AlMg5,109.0,6.0,29.0
partial,W-noise,17,screw,AlMg5,109.0,6.0,29.0
partial,W-noise,18,screw,AlMg5,109.0,7.0,35.5
partial,W-noise,19,screw,AlMg5,109.0,7.0,35.5
partial,W-noise,20,screw,AlMg5,109.0,7.0,35.5
partial,SF-noise,10,screw,AlMg10,109.0,5.0,48.5
partial,SF-noise,11,screw,AlMg10,109.0,5.0,48.5
partial,SF-noise,12,screw,AlMg10,109.0,7.0,42.5
partial,SF-noise,13,screw,AlMg10,109.0,5.0,53.5
partial,SF-noise,14,screw,AlMg10,109.0,7.0,42.5
partial,SF-noise,15,screw,AlMg10,109.0,7.0,42.5
partial,SF-noise,16,screw,AlMg10,109.0,7.0,35.5
partial,SF-noise,17,screw,AlMg10,109.0,5.0,53.5
partial,SF-noise,18,screw,AlMg10,109.0,5.0,53.5
partial,SF-noise,19,screw,AlMg10,109.0,5.0,53.5
partial,SF-noise,20,screw,AlMg10,109.0,5.0,53.5
partial,SS-C-noise,8,screw,AlMg10,109.0,7.0,92.5
partial,SS-C-noise,9,screw,AlMg10,109.0,7.0,109.5
partial,SS-C-noise,10,screw,AlMg10,109.0,7.0,109.5
partial,SS-C-noise,11,screw,AlMg10,109.0,7.0,116.5
partial,SS-C-noise,12,screw,AlMg10,109.0,5.0,103.5
partial,SS-C-noise,13,screw,AlMg10,109.0,5.0,98.5
partial,SS-C-noise,14,screw,AlMg10,109.0,7.0,109.5
partial,SS-C-noise,15,screw,AlMg10,109.0,7.0,92.5
partial,SS-C-noise,16,screw,AlMg10,109.0,6.0,129.0
partial,SS-C-noise,17,screw,AlMg10,109.0,7.0,109.5
partial,SS-C-noise,18,screw,AlMg10,109.0,7.0,116.5
partial,SS-C-noise,19,screw,AlMg10,109.0,100.0,51.0
partial,SS-SF-noise,8,screw,AlMg10,109.0,7.0,116.5
partial,SS-SF-noise,9,screw,AlMg10,109.0,6.0,123.0
partial,SS-SF-noise,10,screw,AlMg10,109.0,7.0,135.5
partial,SS-SF-noise,11,screw,AlMg10,109.0,5.0,103.5
partial,SS-SF-noise,12,screw,AlMg10,109.0,6.0,123.0
partial,SS-SF-noise,13,screw,AlMg10,109.0,6.0,129.0
partial,SS-SF-noise,14,screw,AlMg10,109.0,6.0,129.0
partial,SS-SF-noise,15,screw,AlMg10,109.0,7.0,109.5
partial,SS-SF-noise,16,screw,AlMg10,109.0,6.0,123.0
partial,SS-SF-noise,17,screw,AlMg10,109.0,7.0,109.5
partial,SS-SF-noise,18,screw,AlMg10,109.0,7.0,116.5
partial,SS-SF-noise,19,screw,AlMg10,109.0,50.0,126.0
partial,SS-W-noise,8,screw,AlMg10,109.0,6.0,129.0
partial,SS-W-noise,9,screw,AlMg10,109.0,6.0,129.0
partial,SS-W-noise,10,screw,AlMg10,109.0,6.0,129.0
partial,SS-W-noise,11,screw,AlMg10,109.0,7.0,135.5
partial,SS-W-noise,12,screw,AlMg10,109.0,7.0,135.5
partial,SS-W-noise,13,screw,AlMg10,109.0,7.0,142.5
partial,SS-W-noise,14,screw,AlMg10,109.0,6.0,129.0
partial,SS-W-noise,15,screw,AlMg10,109.0,6.0,129.0
partial,SS-W-noise,16,screw,AlMg10,109.0,7.0,116.5
partial,SS-W-noise,17,screw,AlMg10,109.0,7.0,135.5
partial,SS-W-noise,18,screw,AlMg10,109.0,7.0,135.5
partial,SS-W-noise,19,screw,AlMg10,109.0,50.0,126.0
partial,W-noise,11,screw,AlMg10,109.0,5.0,48.5
partial,W-noise,12,screw,AlMg10,109.0,7.0,42.5
partial,W-noise,13,screw,AlMg10,109.0,7.0,59.5
partial,W-noise,14,screw,AlMg10,109.0,5.0,48.5
partial,W-noise,15,screw,AlMg10,109.0,5.0,48.5
partial,W-noise,16,screw,AlMg10,109.0,7.0,42.5
partial,W-noise,17,screw,AlMg10,109.0,7.0,42.5
partial,W-noise,18,screw,AlMg10,109.0,7.0,59.5
partial,W-noise,19,screw,AlMg10,109.0,7.0,42.5
partial,W-noise,20,screw,AlMg10,109.0,5.0,53.5
partial,SF-noise,10,screw,AlMg15,109.0,5.0,48.5
partial,SF-noise,11,screw,AlMg15,109.0,7.0,59.5
partial,SF-noise,12,screw,AlMg15,109.0,5.0,48.5
partial,SF-noise,13,screw,AlMg15,109.0,7.0,59.5
partial,SF-noise,14,screw,AlMg15,109.0,7.0,42.5
partial,SF-noise,15,screw,AlMg15,109.0,7.0,59.5
partial,SF-noise,16,screw,AlMg15,109.0,7.0,42.5
partial,SF-noise,17,screw,AlMg15,109.0,5.0,53.5
partial,SF-noise,18,screw,AlMg15,109.0,7.0,59.5
partial,SF-noise,19,screw,AlMg15,109.0,7.0,66.5
partial,SF-noise,20,screw,AlMg15,109.0,7.0,59.5
partial,SS-C-noise,8,screw,AlMg15,109.0,6.0,123.0
partial,SS-C-noise,9,screw,AlMg15,109.0,5.0,148.5
partial,SS-C-noise,10,screw,AlMg15,109.0,7.0,135.5
partial,SS-C-noise,11,screw,AlMg15,109.0,7.0,135.5
partial,SS-C-noise,12,screw,AlMg15,109.0,6.0,123.0
partial,SS-C-noise,13,screw,AlMg15,109.0,6.0,129.0
partial,SS-C-noise,14,screw,AlMg15,109.0,6.0,129.0
partial,SS-C-noise,15,screw,AlMg15,109.0,6.0,123.0
partial,SS-C-noise,16,screw,AlMg15,109.0,5.0,153.5
partial,SS-C-noise,17,screw,AlMg15,109.0,7.0,142.5
partial,SS-C-noise,18,screw,AlMg15,109.0,25.0,138.5
partial,SS-SF-noise,8,screw,AlMg15,109.0,5.0,148.5
partial,SS-SF-noise,9,screw,AlMg15,109.0,7.0,142.5
partial,SS-SF-noise,10,screw,AlMg15,109.0,7.0,159.5
partial,SS-SF-noise,11,screw,AlMg15,109.0,7.0,142.5
partial,SS-SF-noise,12,screw,AlMg15,109.0,7.0,166.5
partial,SS-SF-noise,13,screw,AlMg15,109.0,5.0,153.5
partial,SS-SF-noise,14,screw,AlMg15,109.0,7.0,166.5
partial,SS-SF-noise,15,screw,AlMg15,109.0,7.0,159.5
partial,SS-SF-noise,16,screw,AlMg15,109.0,7.0,159.5
partial,SS-SF-noise,17,screw,AlMg15,109.0,7.0,159.5
partial,SS-SF-noise,18,screw,AlMg15,109.0,5.0,148.5
partial,SS-SF-noise,19,screw,AlMg15,109.0,50.0,126.0
partial,SS-W-noise,8,screw,AlMg15,109.0,7.0,166.5
partial,SS-W-noise,9,screw,AlMg15,109.0,5.0,153.5
partial,SS-W-noise,10,screw,AlMg15,109.0,7.0,159.5
partial,SS-W-noise,11,screw,AlMg15,109.0,7.0,135.5
partial,SS-W-noise,12,screw,AlMg15,109.0,7.0,166.5
partial,SS-W-noise,13,screw,AlMg15,109.0,5.0,153.5
partial,SS-W-noise,14,screw,AlMg15,109.0,7.0,159.5
partial,SS-W-noise,15,screw,AlMg15,109.0,7.0,159.5
partial,SS-W-noise,16,screw,AlMg15,109.0,7.0,159.5
partial,SS-W-noise,17,screw,AlMg15,109.0,7.0,166.5
partial,SS-W-noise,18,screw,AlMg15,109.0,7.0,159.5
partial,SS-W-noise,19,screw,AlMg15,109.0,100.0,151.0
partial,W-noise,11,screw,AlMg15,109.0,5.0,53.5
partial,W-noise,12,screw,AlMg15,109.0,5.0,53.5
partial,W-noise,13,screw,AlMg15,109.0,7.0,66.5
partial,W-noise,14,screw,AlMg15,109.0,5.0,53.5
partial,W-noise,15,screw,AlMg15,109.0,7.0,59.5
partial,W-noise,16,screw,AlMg15,109.0,5.0,48.5
partial,W-noise,17,screw,AlMg15,109.0,5.0,53.5
partial,W-noise,18,screw,AlMg15,109.0,7.0,66.5
partial,W-noise,19,screw,AlMg15,109.0,7.0,59.5
partial,W-noise,20,screw,AlMg15,109.0,7.0,66.5
partial,SF-noise,1,edge,AlMg5,215.0,6.0,23.0
partial,SF-noise,2,edge,AlMg5,215.0,6.0,29.0
partial,SF-noise,3,edge,AlMg5,215.0,6.0,23.0
partial,SF-noise,4,edge,AlMg5,215.0,6.0,29.0
partial,SF-noise,5,edge,AlMg5,215.0,7.0,9.5
partial,SF-noise,6,edge,AlMg5,215.0,6.0,23.0
partial,SF-noise,7,edge,AlMg5,215.0,6.0,29.0
partial,SF-noise,8,edge,AlMg5,215.0,6.0,29.0
partial,SF-noise,9,edge,AlMg5,215.0,6.0,29.0
partial,SF-noise,10,edge,AlMg5,215.0,6.0,29.0
partial,SF-noise,11,edge,AlMg5,215.0,6.0,29.0
partial,SF-noise,12,edge,AlMg5,215.0,6.0,23.0
partial,SF-noise,13,edge,AlMg5,215.0,6.0,23.0
partial,SF-noise,14,edge,AlMg5,215.0,6.0,29.0
partial,SF-noise,15,edge,AlMg5,215.0,6.0,29.0
partial,SF-noise,16,edge,AlMg5,215.0,6.0,23.0
partial,SF-noise,17,edge,AlMg5,215.0,6.0,23.0
partial,SF-noise,18,edge,AlMg5,215.0,6.0,23.0
partial,SF-noise,19,edge,AlMg5,215.0,6.0,29.0
partial,SF-noise,20,edge,AlMg5,215.0,50.0,26.0
partial,SS-C-noise,1,edge,AlMg5,215.0,7.0,142.5
partial,SS-C-noise,2,edge,AlMg5,215.0,6.0,123.0
partial,SS-C-noise,3,edge,AlMg5,215.0,5.0,148.5
partial,SS-C-noise,4,edge,AlMg5,215.0,7.0,142.5
partial,SS-C-noise,5,edge,AlMg5,215.0,6.0,129.0
partial,SS-C-noise,6,edge,AlMg5,215.0,7.0,142.5
partial,SS-C-noise,7,edge,AlMg5,215.0,6.0,129.0
partial,SS-C-noise,8,edge,AlMg5,215.0,5.0,153.5
partial,SS-C-noise,9,edge,AlMg5,215.0,5.0,148.5
partial,SS-C-noise,10,edge,AlMg5,215.0,7.0,135.5
partial,SS-C-noise,11,edge,AlMg5,215.0,6.0,129.0
partial,SS-C-noise,12,edge,AlMg5,215.0,6.0,123.0
partial,SS-C-noise,13,edge,AlMg5,215.0,7.0,142.5
partial,SS-C-noise,14,edge,AlMg5,215.0,7.0,135.5
partial,SS-C-noise,15,edge,AlMg5,215.0,7.0,142.5
partial,SS-C-noise,16,edge,AlMg5,215.0,7.0,142.5
partial,SS-C-noise,17,edge,AlMg5,215.0,7.0,142.5
partial,SS-C-noise,18,edge,AlMg5,215.0,7.0,142.5
partial,SS-C-noise,19,edge,AlMg5,215.0,7.0,135.5
partial,SS-C-noise,20,edge,AlMg5,215.0,6.0,129.0
partial,SS-SF-noise,1,edge,AlMg5,215.0,7.0,142.5
partial,SS-SF-noise,2,edge,AlMg5,215.0,7.0,135.5
partial,SS-SF-noise,3,edge,AlMg5,215.0,7.0,142.5
partial,SS-SF-noise,4,edge,AlMg5,215.0,7.0,142.5
partial,SS-SF-noise,5,edge,AlMg5,215.0,5.0,153.5
partial,SS-SF-noise,6,edge,AlMg5,215.0,7.0,142.5
partial,SS-SF-noise,7,edge,AlMg5,215.0,7.0,135.5
partial,SS-SF-noise,8,edge,AlMg5,215.0,7.0,159.5
partial,SS-SF-noise,9,edge,AlMg5,215.0,5.0,153.5
partial,SS-SF-noise,10,edge,AlMg5,215.0,5.0,153.5
partial,SS-SF-noise,11,edge,AlMg5,215.0,7.0,142.5
partial,SS-SF-noise,12,edge,AlMg5,215.0,7.0,142.5
partial,SS-SF-noise,13,edge,AlMg5,215.0,7.0,142.5
partial,SS-SF-noise,14,edge,AlMg5,215.0,7.0,159.5
partial,SS-SF-noise,15,edge,AlMg5,215.0,7.0,159.5
partial,SS-SF-noise,16,edge,AlMg5,215.0,7.0,159.5
partial,SS-SF-noise,17,edge,AlMg5,215.0,7.0,142.5
partial,SS-SF-noise,18,edge,AlMg5,215.0,7.0,142.5
partial,SS-SF-noise,19,edge,AlMg5,215.0,7.0,142.5
partial,SS-SF-noise,20,edge,AlMg5,215.0,7.0,142.5
partial,SS-W-noise,1,edge,AlMg5,215.0,7.0,142.5
partial,SS-W-noise,2,edge,AlMg5,215.0,7.0,142.5
partial,SS-W-noise,3,edge,AlMg5,215.0,7.0,142.5
partial,SS-W-noise,4,edge,AlMg5,215.0,7.0,142.5
partial,SS-W-noise,5,edge,AlMg5,215.0,5.0,153.5
partial,SS-W-noise,6,edge,AlMg5,215.0,7.0,159.5
partial,SS-W-noise,7,edge,AlMg5,215.0,5.0,153.5
partial,SS-W-noise,8,edge,AlMg5,215.0,7.0,166.5
partial,SS-W-noise,9,edge,AlMg5,215.0,6.0,173.0
partial,SS-W-noise,10,edge,AlMg5,215.0,5.0,153.5
partial,SS-W-noise,11,edge,AlMg5,215.0,5.0,148.5
partial,SS-W-noise,12,edge,AlMg5,215.0,5.0,148.5
partial,SS-W-noise,13,edge,AlMg5,215.0,5.0,153.5
partial,SS-W-noise,14,edge,AlMg5,215.0,5.0,153.5
partial,SS-W-noise,15,edge,AlMg5,215.0,7.0,166.5
partial,SS-W-noise,16,edge,AlMg5,215.0,7.0,166.5
partial,SS-W-noise,17,edge,AlMg5,215.0,5.0,148.5
partial,SS-W-noise,18,edge,AlMg5,215.0,7.0,142.5
partial,SS-W-noise,19,edge,AlMg5,215.0,7.0,142.5
partial,SS-W-noise,20,edge,AlMg5,215.0,5.0,153.5
partial,W-noise,1,edge,AlMg5,215.0,7.0,42.5
partial,W-noise,2,edge,AlMg5,215.0,7.0,35.5
partial,W-noise,3,edge,AlMg5,215.0,6.0,29.0
partial,W-noise,4,edge,AlMg5,215.0,7.0,35.5
partial,W-noise,5,edge,AlMg5,215.0,7.0,35.5
partial,W-noise,6,edge,AlMg5,215.0,7.0,35.5
partial,W-noise,7,edge,AlMg5,215.0,7.0,42.5
partial,W-noise,8,edge,AlMg5,215.0,7.0,42.5
partial,W-noise,9,edge,AlMg5,215.0,7.0,35.5
partial,W-noise,10,edge,AlMg5,215.0,5.0,48.5
partial,W-noise,11,edge,AlMg5,215.0,7.0,35.5
partial,W-noise,12,edge,AlMg5,215.0,6.0,29.0
partial,W-noise,13,edge,AlMg5,215.0,6.0,29.0
partial,W-noise,14,edge,AlMg5,215.0,7.0,35.5
partial,W-noise,15,edge,AlMg5,215.0,7.0,35.5
partial,W-noise,16,edge,AlMg5,215.0,7.0,35.5
partial,W-noise,17,edge,AlMg5,215.0,7.0,42.5
partial,W-noise,18,edge,AlMg5,215.0,7.0,42.5
partial,W-noise,19,edge,AlMg5,215.0,7.0,42.5
partial,W-noise,20,edge,AlMg5,215.0,7.0,35.5
partial,SF-noise,1,edge,AlMg10,215.0,7.0,35.5
partial,SF-noise,2,edge,AlMg10,215.0,7.0,35.5
partial,SF-noise,3,edge,AlMg10,215.0,7.0,35.5
partial,SF-noise,4,edge,AlMg10,215.0,6.0,29.0
partial,SF-noise,5,edge,AlMg10,215.0,6.0,29.0
partial,SF-noise,6,edge,AlMg10,215.0,6.0,29.0
partial,SF-noise,7,edge,AlMg10,215.0,7.0,35.5
partial,SF-noise,8,edge,AlMg10,215.0,7.0,35.5
partial,SF-noise,9,edge,AlMg10,215.0,6.0,29.0
partial,SF-noise,10,edge,AlMg10,215.0,7.0,35.5
partial,SF-noise,11,edge,AlMg10,215.0,6.0,29.0
partial,SF-noise,12,edge,AlMg10,215.0,6.0,29.0
partial,SF-noise,13,edge,AlMg10,215.0,7.0,35.5
partial,SF-noise,14,edge,AlMg10,215.0,7.0,35.5
partial,SF-noise,15,edge,AlMg10,215.0,7.0,35.5
partial,SF-noise,16,edge,AlMg10,215.0,7.0,35.5
partial,SF-noise,17,edge,AlMg10,215.0,7.0,35.5
partial,SF-noise,18,edge,AlMg10,215.0,7.0,35.5
partial,SF-noise,19,edge,AlMg10,215.0,7.0,35.5
partial,SF-noise,20,edge,AlMg10,215.0,7.0,35.5
partial,SS-C-noise,1,edge,AlMg10,215.0,6.0,223.0
partial,SS-C-noise,2,edge,AlMg10,215.0,6.0,229.0
partial,SS-C-noise,3,edge,AlMg10,215.0,6.0,223.0
partial,SS-C-noise,4,edge,AlMg10,215.0,5.0,248.5
partial,SS-C-noise,5,edge,AlMg10,215.0,7.0,216.5
partial,SS-C-noise,6,edge,AlMg10,215.0,6.0,223.0
partial,SS-C-noise,7,edge,AlMg10,215.0,6.0,223.0
partial,SS-C-noise,8,edge,AlMg10,215.0,7.0,235.5
partial,SS-C-noise,9,edge,AlMg10,215.0,7.0,235.5
partial,SS-C-noise,10,edge,AlMg10,215.0,6.0,223.0
partial,SS-C-noise,11,edge,AlMg10,215.0,6.0,229.0
partial,SS-C-noise,12,edge,AlMg10,215.0,6.0,229.0
partial,SS-C-noise,13,edge,AlMg10,215.0,6.0,229.0
partial,SS-C-noise,14,edge,AlMg10,215.0,6.0,229.0
partial,SS-C-noise,15,edge,AlMg10,215.0,6.0,223.0
partial,SS-C-noise,16,edge,AlMg10,215.0,6.0,223.0
partial,SS-C-noise,17,edge,AlMg10,215.0,6.0,229.0
partial,SS-C-noise,18,edge,AlMg10,215.0,7.0,242.5
partial,SS-C-noise,19,edge,AlMg10,215.0,6.0,223.0
partial,SS-C-noise,20,edge,AlMg10,215.0,7.0,209.5
partial,SS-SF-noise,1,edge,AlMg10,215.0,7.0,235.5
partial,SS-SF-noise,2,edge,AlMg10,215.0,7.0,235.5
partial,SS-SF-noise,3,edge,AlMg10,215.0,7.0,235.5
partial,SS-SF-noise,4,edge,AlMg10,215.0,7.0,235.5
partial,SS-SF-noise,5,edge,AlMg10,215.0,5.0,248.5
partial,SS-SF-noise,6,edge,AlMg10,215.0,6.0,229.0
partial,SS-SF-noise,7,edge,AlMg10,215.0,7.0,235.5
partial,SS-SF-noise,8,edge,AlMg10,215.0,6.0,229.0
partial,SS-SF-noise,9,edge,AlMg10,215.0,7.0,242.5
partial,SS-SF-noise,10,edge,AlMg10,215.0,6.0,229.0
partial,SS-SF-noise,11,edge,AlMg10,215.0,6.0,229.0
partial,SS-SF-noise,12,edge,AlMg10,215.0,7.0,235.5
partial,SS-SF-noise,13,edge,AlMg10,215.0,7.0,235.5
partial,SS-SF-noise,14,edge,AlMg10,215.0,5.0,253.5
partial,SS-SF-noise,15,edge,AlMg10,215.0,7.0,242.5
partial,SS-SF-noise,16,edge,AlMg10,215.0,7.0,259.5
partial,SS-SF-noise,17,edge,AlMg10,215.0,7.0,235.5
partial,SS-SF-noise,18,edge,AlMg10,215.0,7.0,242.5
partial,SS-SF-noise,19,edge,AlMg10,215.0,7.0,242.5
partial,SS-SF-noise,20,edge,AlMg10,215.0,7.0,242.5
partial,SS-W-noise,1,edge,AlMg10,215.0,7.0,242.5
partial,SS-W-noise,2,edge,AlMg10,215.0,7.0,235.5
partial,SS-W-noise,3,edge,AlMg10,215.0,7.0,235.5
partial,SS-W-noise,4,edge,AlMg10,215.0,5.0,248.5
partial,SS-W-noise,5,edge,AlMg10,215.0,5.0,253.5
partial,SS-W-noise,6,edge,AlMg10,215.0,7.0,235.5
partial,SS-W-noise,7,edge,AlMg10,215.0,7.0,242.5
partial,SS-W-noise,8,edge,AlMg10,215.0,7.0,242.5
partial,SS-W-noise,9,edge,AlMg10,215.0,5.0,253.5
partial,SS-W-noise,10,edge,AlMg10,215.0,7.0,242.5
partial,SS-W-noise,11,edge,AlMg10,215.0,7.0,242.5
partial,SS-W-noise,12,edge,AlMg10,215.0,7.0,235.5
partial,SS-W-noise,13,edge,AlMg10,215.0,5.0,248.5
partial,SS-W-noise,14,edge,AlMg10,215.0,7.0,259.5
partial,SS-W-noise,15,edge,AlMg10,215.0,7.0,259.5
partial,SS-W-noise,16,edge,AlMg10,215.0,5.0,248.5
partial,SS-W-noise,17,edge,AlMg10,215.0,5.0,253.5
partial,SS-W-noise,18,edge,AlMg10,215.0,7.0,259.5
partial,SS-W-noise,19,edge,AlMg10,215.0,7.0,242.5
partial,SS-W-noise,20,edge,AlMg10,215.0,5.0,253.5
partial,W-noise,1,edge,AlMg10,215.0,7.0,59.5
partial,W-noise,2,edge,AlMg10,215.0,5.0,53.5
partial,W-noise,3,edge,AlMg10,215.0,5.0,53.5
partial,W-noise,4,edge,AlMg10,215.0,5.0,48.5
partial,W-noise,5,edge,AlMg10,215.0,7.0,59.5
partial,W-noise,6,edge,AlMg10,215.0,5.0,48.5
partial,W-noise,7,edge,AlMg10,215.0,5.0,53.5
partial,W-noise,8,edge,AlMg10,215.0,5.0,53.5
partial,W-noise,9,edge,AlMg10,215.0,7.0,59.5
partial,W-noise,10,edge,AlMg10,215.0,7.0,59.5
partial,W-noise,11,edge,AlMg10,215.0,5.0,48.5
partial,W-noise,12,edge,AlMg10,215.0,5.0,48.5
partial,W-noise,13,edge,AlMg10,215.0,5.0,53.5
partial,W-noise,14,edge,AlMg10,215.0,5.0,48.5
partial,W-noise,15,edge,AlMg10,215.0,7.0,59.5
partial,W-noise,16,edge,AlMg10,215.0,5.0,53.5
partial,W-noise,17,edge,AlMg10,215.0,7.0,59.5
partial,W-noise,18,edge,AlMg10,215.0,5.0,48.5
partial,W-noise,19,edge,AlMg10,215.0,5.0,48.5
partial,W-noise,20,edge,AlMg10,215.0,5.0,48.5
partial,SF-noise,1,edge,AlMg15,215.0,7.0,42.5
partial,SF-noise,2,edge,AlMg15,215.0,7.0,35.5
partial,SF-noise,3,edge,AlMg15,215.0,7.0,42.5
partial,SF-noise,4,edge,AlMg15,215.0,7.0,42.5
partial,SF-noise,5,edge,AlMg15,215.0,7.0,35.5
partial,SF-noise,6,edge,AlMg15,215.0,7.0,35.5
partial,SF-noise,7,edge,AlMg15,215.0,7.0,42.5
partial,SF-noise,8,edge,AlMg15,215.0,7.0,42.5
partial,SF-noise,9,edge,AlMg15,215.0,7.0,35.5
partial,SF-noise,10,edge,AlMg15,215.0,7.0,42.5
partial,SF-noise,11,edge,AlMg15,215.0,7.0,42.5
partial,SF-noise,12,edge,AlMg15,215.0,7.0,42.5
partial,SF-noise,13,edge,AlMg15,215.0,7.0,42.5
partial,SF-noise,14,edge,AlMg15,215.0,7.0,42.5
partial,SF-noise,15,edge,AlMg15,215.0,7.0,42.5
partial,SF-noise,16,edge,AlMg15,215.0,7.0,35.5
partial,SF-noise,17,edge,AlMg15,215.0,7.0,42.5
partial,SF-noise,18,edge,AlMg15,215.0,7.0,35.5
partial,SF-noise,19,edge,AlMg15,215.0,7.0,42.5
partial,SF-noise,20,edge,AlMg15,215.0,7.0,35.5
partial,SS-C-noise,1,edge,AlMg15,215.0,7.0,285.5
partial,SS-C-noise,2,edge,AlMg15,215.0,7.0,292.5
partial,SS-C-noise,3,edge,AlMg15,215.0,5.0,298.5
partial,SS-C-noise,4,edge,AlMg15,215.0,5.0,303.5
partial,SS-C-noise,5,edge,AlMg15,215.0,6.0,273.0
partial,SS-C-noise,6,edge,AlMg15,215.0,7.0,285.5
partial,SS-C-noise,7,edge,AlMg15,215.0,6.0,279.0
partial,SS-C-noise,8,edge,AlMg15,215.0,6.0,279.0
partial,SS-C-noise,9,edge,AlMg15,215.0,7.0,292.5
partial,SS-C-noise,10,edge,AlMg15,215.0,7.0,292.5
partial,SS-C-noise,11,edge,AlMg15,215.0,7.0,285.5
partial,SS-C-noise,12,edge,AlMg15,215.0,7.0,292.5
partial,SS-C-noise,13,edge,AlMg15,215.0,7.0,266.5
partial,SS-C-noise,14,edge,AlMg15,215.0,7.0,285.5
partial,SS-C-noise,15,edge,AlMg15,215.0,6.0,279.0
partial,SS-C-noise,16,edge,AlMg15,215.0,7.0,266.5
partial,SS-C-noise,17,edge,AlMg15,215.0,7.0,292.5
partial,SS-C-noise,18,edge,AlMg15,215.0,7.0,266.5
partial,SS-C-noise,19,edge,AlMg15,215.0,7.0,259.5
partial,SS-C-noise,20,edge,AlMg15,215.0,7.0,259.5
partial,SS-SF-noise,1,edge,AlMg15,215.0,7.0,309.5
partial,SS-SF-noise,2,edge,AlMg15,215.0,7.0,292.5
partial,SS-SF-noise,3,edge,AlMg15,215.0,7.0,309.5
partial,SS-SF-noise,4,edge,AlMg15,215.0,5.0,298.5
partial,SS-SF-noise,5,edge,AlMg15,215.0,7.0,309.5
partial,SS-SF-noise,6,edge,AlMg15,215.0,7.0,285.5
partial,SS-SF-noise,7,edge,AlMg15,215.0,5.0,298.5
partial,SS-SF-noise,8,edge,AlMg15,215.0,7.0,285.5
partial,SS-SF-noise,9,edge,AlMg15,215.0,5.0,303.5
partial,SS-SF-noise,10,edge,AlMg15,215.0,7.0,292.5
partial,SS-SF-noise,11,edge,AlMg15,215.0,5.0,303.5
partial,SS-SF-noise,12,edge,AlMg15,215.0,5.0,298.5
partial,SS-SF-noise,13,edge,AlMg15,215.0,7.0,292.5
partial,SS-SF-noise,14,edge,AlMg15,215.0,7.0,309.5
partial,SS-SF-noise,15,edge,AlMg15,215.0,7.0,316.5
partial,SS-SF-noise,16,edge,AlMg15,215.0,5.0,303.5
partial,SS-SF-noise,17,edge,AlMg15,215.0,5.0,303.5
partial,SS-SF-noise,18,edge,AlMg15,215.0,5.0,298.5
partial,SS-SF-noise,19,edge,AlMg15,215.0,5.0,298.5
partial,SS-SF-noise,20,edge,AlMg15,215.0,7.0,266.5
partial,SS-W-noise,1,edge,AlMg15,215.0,7.0,309.5
partial,SS-W-noise,2,edge,AlMg15,215.0,7.0,292.5
partial,SS-W-noise,3,edge,AlMg15,215.0,7.0,335.5
partial,SS-W-noise,4,edge,AlMg15,215.0,7.0,316.5
partial,SS-W-noise,5,edge,AlMg15,215.0,6.0,323.0
partial,SS-W-noise,6,edge,AlMg15,215.0,7.0,292.5
partial,SS-W-noise,7,edge,AlMg15,215.0,7.0,309.5
partial,SS-W-noise,8,edge,AlMg15,215.0,5.0,298.5
partial,SS-W-noise,9,edge,AlMg15,215.0,7.0,309.5
partial,SS-W-noise,10,edge,AlMg15,215.0,6.0,329.0
partial,SS-W-noise,11,edge,AlMg15,215.0,5.0,298.5
partial,SS-W-noise,12,edge,AlMg15,215.0,7.0,316.5
partial,SS-W-noise,13,edge,AlMg15,215.0,7.0,309.5
partial,SS-W-noise,14,edge,AlMg15,215.0,7.0,316.5
partial,SS-W-noise,15,edge,AlMg15,215.0,6.0,323.0
partial,SS-W-noise,16,edge,AlMg15,215.0,7.0,309.5
partial,SS-W-noise,17,edge,AlMg15,215.0,5.0,298.5
partial,SS-W-noise,18,edge,AlMg15,215.0,7.0,316.5
partial,SS-W-noise,19,edge,AlMg15,215.0,5.0,303.5
partial,SS-W-noise,20,edge,AlMg15,215.0,7.0,316.5
partial,W-noise,1,edge,AlMg15,215.0,6.0,73.0
partial,W-noise,2,edge,AlMg15,215.0,7.0,66.5
partial,W-noise,3,edge,AlMg15,215.0,7.0,59.5
partial,W-noise,4,edge,AlMg15,215.0,7.0,59.5
partial,W-noise,5,edge,AlMg15,215.0,6.0,73.0
partial,W-noise,6,edge,AlMg15,215.0,7.0,66.5
partial,W-noise,7,edge,AlMg15,215.0,7.0,59.5
partial,W-noise,8,edge,AlMg15,215.0,7.0,66.5
partial,W-noise,9,edge,AlMg15,215.0,6.0,73.0
partial,W-noise,10,edge,AlMg15,215.0,7.0,66.5
partial,W-noise,11,edge,AlMg15,215.0,7.0,59.5
partial,W-noise,12,edge,AlMg15,215.0,7.0,59.5
partial,W-noise,13,edge,AlMg15,215.0,6.0,73.0
partial,W-noise,14,edge,AlMg15,215.0,5.0,53.5
partial,W-noise,15,edge,AlMg15,215.0,7.0,66.5
partial,W-noise,16,edge,AlMg15,215.0,7.0,66.5
partial,W-noise,17,edge,AlMg15,215.0,7.0,66.5
partial,W-noise,18,edge,AlMg15,215.0,7.0,66.5
partial,W-noise,19,edge,AlMg15,215.0,7.0,59.5
partial,W-noise,20,edge,AlMg15,215.0,7.0,59.5
partial,SF-noise,1,screw,AlMg5,215.0,6.0,29.0
partial,SF-noise,2,screw,AlMg5,215.0,7.0,35.5
partial,SF-noise,3,screw,AlMg5,215.0,6.0,23.0
partial,SF-noise,4,screw,AlMg5,215.0,6.0,29.0
partial,SF-noise,5,screw,AlMg5,215.0,6.0,23.0
partial,SF-noise,6,screw,AlMg5,215.0,6.0,29.0
partial,SF-noise,7,screw,AlMg5,215.0,6.0,23.0
partial,SF-noise,8,screw,AlMg5,215.0,7.0,35.5
partial,SF-noise,9,screw,AlMg5,215.0,6.0,29.0
partial,SF-noise,10,screw,AlMg5,215.0,7.0,35.5
partial,SF-noise,11,screw,AlMg5,215.0,6.0,29.0
partial,SF-noise,12,screw,AlMg5,215.0,6.0,29.0
partial,SF-noise,13,screw,AlMg5,215.0,6.0,29.0
partial,SF-noise,14,screw,AlMg5,215.0,6.0,23.0
partial,SF-noise,15,screw,AlMg5,215.0,6.0,29.0
partial,SF-noise,16,screw,AlMg5,215.0,6.0,29.0
partial,SF-noise,17,screw,AlMg5,215.0,6.0,29.0
partial,SF-noise,18,screw,AlMg5,215.0,6.0,29.0
partial,SF-noise,19,screw,AlMg5,215.0,6.0,29.0
partial,SF-noise,20,screw,AlMg5,215.0,6.0,29.0
partial,SS-C-noise,1,screw,AlMg5,215.0,6.0,73.0
partial,SS-C-noise,2,screw,AlMg5,215.0,7.0,66.5
partial,SS-C-noise,3,screw,AlMg5,215.0,7.0,59.5
partial,SS-C-noise,4,screw,AlMg5,215.0,6.0,73.0
partial,SS-C-noise,5,screw,AlMg5,215.0,7.0,66.5
partial,SS-C-noise,6,screw,AlMg5,215.0,6.0,73.0
partial,SS-C-noise,7,screw,AlMg5,215.0,7.0,66.5
partial,SS-C-noise,8,screw,AlMg5,215.0,7.0,59.5
partial,SS-C-noise,9,screw,AlMg5,215.0,7.0,59.5
partial,SS-C-noise,10,screw,AlMg5,215.0,7.0,59.5
partial,SS-C-noise,11,screw,AlMg5,215.0,6.0,73.0
partial,SS-C-noise,12,screw,AlMg5,215.0,5.0,53.5
partial,SS-C-noise,13,screw,AlMg5,215.0,7.0,59.5
partial,SS-C-noise,14,screw,AlMg5,215.0,7.0,66.5
partial,SS-C-noise,15,screw,AlMg5,215.0,7.0,59.5
partial,SS-C-noise,16,screw,AlMg5,215.0,7.0,66.5
partial,SS-C-noise,17,screw,AlMg5,215.0,7.0,59.5
partial,SS-C-noise,18,screw,AlMg5,215.0,7.0,66.5
partial,SS-C-noise,19,screw,AlMg5,215.0,7.0,59.5
partial,SS-C-noise,20,screw,AlMg5,215.0,5.0,48.5
partial,SS-SF-noise,1,screw,AlMg5,215.0,6.0,79.0
partial,SS-SF-noise,2,screw,AlMg5,215.0,7.0,85.5
partial,SS-SF-noise,3,screw,AlMg5,215.0,6.0,73.0
partial,SS-SF-noise,4,screw,AlMg5,215.0,6.0,79.0
partial,SS-SF-noise,5,screw,AlMg5,215.0,6.0,73.0
partial,SS-SF-noise,6,screw,AlMg5,215.0,6.0,79.0
partial,SS-SF-noise,7,screw,AlMg5,215.0,6.0,73.0
partial,SS-SF-noise,8,screw,AlMg5,215.0,6.0,73.0
partial,SS-SF-noise,9,screw,AlMg5,215.0,6.0,73.0
partial,SS-SF-noise,10,screw,AlMg5,215.0,6.0,79.0
partial,SS-SF-noise,11,screw,AlMg5,215.0,6.0,79.0
partial,SS-SF-noise,12,screw,AlMg5,215.0,6.0,79.0
partial,SS-SF-noise,13,screw,AlMg5,215.0,7.0,66.5
partial,SS-SF-noise,14,screw,AlMg5,215.0,6.0,73.0
partial,SS-SF-noise,15,screw,AlMg5,215.0,6.0,73.0
partial,SS-SF-noise,16,screw,AlMg5,215.0,7.0,66.5
partial,SS-SF-noise,17,screw,AlMg5,215.0,7.0,66.5
partial,SS-SF-noise,18,screw,AlMg5,215.0,6.0,73.0
partial,SS-SF-noise,19,screw,AlMg5,215.0,6.0,73.0
partial,SS-SF-noise,20,screw,AlMg5,215.0,7.0,66.5
partial,SS-W-noise,1,screw,AlMg5,215.0,6.0,79.0
partial,SS-W-noise,2,screw,AlMg5,215.0,7.0,92.5
partial,SS-W-noise,3,screw,AlMg5,215.0,6.0,73.0
partial,SS-W-noise,4,screw,AlMg5,215.0,7.0,66.5
partial,SS-W-noise,5,screw,AlMg5,215.0,6.0,73.0
partial,SS-W-noise,6,screw,AlMg5,215.0,6.0,79.0
partial,SS-W-noise,7,screw,AlMg5,215.0,7.0,66.5
partial,SS-W-noise,8,screw,AlMg5,215.0,7.0,66.5
partial,SS-W-noise,9,screw,AlMg5,215.0,7.0,66.5
partial,SS-W-noise,10,screw,AlMg5,215.0,6.0,79.0
partial,SS-W-noise,11,screw,AlMg5,215.0,6.0,73.0
partial,SS-W-noise,12,screw,AlMg5,215.0,6.0,73.0
partial,SS-W-noise,13,screw,AlMg5,215.0,6.0,73.0
partial,SS-W-noise,14,screw,AlMg5,215.0,6.0,79.0
partial,SS-W-noise,15,screw,AlMg5,215.0,6.0,73.0
partial,SS-W-noise,16,screw,AlMg5,215.0,7.0,66.5
partial,SS-W-noise,17,screw,AlMg5,215.0,7.0,66.5
partial,SS-W-noise,18,screw,AlMg5,215.0,6.0,73.0
partial,SS-W-noise,19,screw,AlMg5,215.0,6.0,73.0
partial,SS-W-noise,20,screw,AlMg5,215.0,6.0,73.0
partial,W-noise,1,screw,AlMg5,215.0,6.0,29.0
partial,W-noise,2,screw,AlMg5,215.0,6.0,29.0
partial,W-noise,3,screw,AlMg5,215.0,7.0,35.5
partial,W-noise,4,screw,AlMg5,215.0,6.0,23.0
partial,W-noise,5,screw,AlMg5,215.0,6.0,23.0
partial,W-noise,6,screw,AlMg5,215.0,7.0,35.5
partial,W-noise,7,screw,AlMg5,215.0,6.0,23.0
partial,W-noise,8,screw,AlMg5,215.0,7.0,35.5
partial,W-noise,9,screw,AlMg5,215.0,6.0,23.0
partial,W-noise,10,screw,AlMg5,215.0,7.0,35.5
partial,W-noise,11,screw,AlMg5,215.0,6.0,29.0
partial,W-noise,12,screw,AlMg5,215.0,7.0,35.5
partial,W-noise,13,screw,AlMg5,215.0,7.0,35.5
partial,W-noise,14,screw,AlMg5,215.0,6.0,23.0
partial,W-noise,15,screw,AlMg5,215.0,6.0,23.0
partial,W-noise,16,screw,AlMg5,215.0,6.0,23.0
partial,W-noise,17,screw,AlMg5,215.0,6.0,23.0
partial,W-noise,18,screw,AlMg5,215.0,6.0,23.0
partial,W-noise,19,screw,AlMg5,215.0,6.0,29.0
partial,W-noise,20,screw,AlMg5,215.0,6.0,29.0
partial,SF-noise,1,screw,AlMg10,215.0,7.0,42.5
partial,SF-noise,2,screw,AlMg10,215.0,7.0,42.5
partial,SF-noise,3,screw,AlMg10,215.0,7.0,42.5
partial,SF-noise,4,screw,AlMg10,215.0,7.0,42.5
partial,SF-noise,5,screw,AlMg10,215.0,7.0,35.5
partial,SF-noise,6,screw,AlMg10,215.0,7.0,42.5
partial,SF-noise,7,screw,AlMg10,215.0,6.0,29.0
partial,SF-noise,8,screw,AlMg10,215.0,7.0,42.5
partial,SF-noise,9,screw,AlMg10,215.0,5.0,48.5
partial,SF-noise,10,screw,AlMg10,215.0,5.0,48.5
partial,SF-noise,11,screw,AlMg10,215.0,7.0,42.5
partial,SF-noise,12,screw,AlMg10,215.0,7.0,35.5
partial,SF-noise,13,screw,AlMg10,215.0,7.0,42.5
partial,SF-noise,14,screw,AlMg10,215.0,7.0,42.5
partial,SF-noise,15,screw,AlMg10,215.0,7.0,42.5
partial,SF-noise,16,screw,AlMg10,215.0,7.0,35.5
partial,SF-noise,17,screw,AlMg10,215.0,7.0,35.5
partial,SF-noise,18,screw,AlMg10,215.0,7.0,42.5
partial,SF-noise,19,screw,AlMg10,215.0,7.0,35.5
partial,SF-noise,20,screw,AlMg10,215.0,5.0,48.5
partial,SS-C-noise,1,screw,AlMg10,215.0,6.0,123.0
partial,SS-C-noise,2,screw,AlMg10,215.0,5.0,103.5
partial,SS-C-noise,3,screw,AlMg10,215.0,5.0,103.5
partial,SS-C-noise,4,screw,AlMg10,215.0,6.0,123.0
partial,SS-C-noise,5,screw,AlMg10,215.0,5.0,98.5
partial,SS-C-noise,6,screw,AlMg10,215.0,7.0,116.5
partial,SS-C-noise,7,screw,AlMg10,215.0,5.0,103.5
partial,SS-C-noise,8,screw,AlMg10,215.0,5.0,98.5
partial,SS-C-noise,9,screw,AlMg10,215.0,7.0,92.5
partial,SS-C-noise,10,screw,AlMg10,215.0,5.0,98.5
partial,SS-C-noise,11,screw,AlMg10,215.0,5.0,98.5
partial,SS-C-noise,12,screw,AlMg10,215.0,5.0,103.5
partial,SS-C-noise,13,screw,AlMg10,215.0,5.0,98.5
partial,SS-C-noise,14,screw,AlMg10,215.0,5.0,98.5
partial,SS-C-noise,15,screw,AlMg10,215.0,5.0,103.5
partial,SS-C-noise,16,screw,AlMg10,215.0,5.0,98.5
partial,SS-C-noise,17,screw,AlMg10,215.0,7.0,116.5
partial,SS-C-noise,18,screw,AlMg10,215.0,7.0,109.5
partial,SS-C-noise,19,screw,AlMg10,215.0,5.0,103.5
partial,SS-C-noise,20,screw,AlMg10,215.0,7.0,92.5
partial,SS-SF-noise,1,screw,AlMg10,215.0,6.0,129.0
partial,SS-SF-noise,2,screw,AlMg10,215.0,7.0,135.5
partial,SS-SF-noise,3,screw,AlMg10,215.0,6.0,129.0
partial,SS-SF-noise,4,screw,AlMg10,215.0,7.0,116.5
partial,SS-SF-noise,5,screw,AlMg10,215.0,7.0,135.5
partial,SS-SF-noise,6,screw,AlMg10,215.0,7.0,109.5
partial,SS-SF-noise,7,screw,AlMg10,215.0,6.0,129.0
partial,SS-SF-noise,8,screw,AlMg10,215.0,7.0,116.5
partial,SS-SF-noise,9,screw,AlMg10,215.0,7.0,116.5
partial,SS-SF-noise,10,screw,AlMg10,215.0,6.0,123.0
partial,SS-SF-noise,11,screw,AlMg10,215.0,7.0,109.5
partial,SS-SF-noise,12,screw,AlMg10,215.0,7.0,135.5
partial,SS-SF-noise,13,screw,AlMg10,215.0,7.0,116.5
partial,SS-SF-noise,14,screw,AlMg10,215.0,6.0,123.0
partial,SS-SF-noise,15,screw,AlMg10,215.0,6.0,123.0
partial,SS-SF-noise,16,screw,AlMg10,215.0,6.0,123.0
partial,SS-SF-noise,17,screw,AlMg10,215.0,7.0,116.5
partial,SS-SF-noise,18,screw,AlMg10,215.0,7.0,116.5
partial,SS-SF-noise,19,screw,AlMg10,215.0,6.0,123.0
partial,SS-SF-noise,20,screw,AlMg10,215.0,7.0,109.5
partial,SS-W-noise,1,screw,AlMg10,215.0,6.0,129.0
partial,SS-W-noise,2,screw,AlMg10,215.0,6.0,123.0
partial,SS-W-noise,3,screw,AlMg10,215.0,7.0,135.5
partial,SS-W-noise,4,screw,AlMg10,215.0,7.0,116.5
partial,SS-W-noise,5,screw,AlMg10,215.0,7.0,116.5
partial,SS-W-noise,6,screw,AlMg10,215.0,7.0,116.5
partial,SS-W-noise,7,screw,AlMg10,215.0,7.0,109.5
partial,SS-W-noise,8,screw,AlMg10,215.0,6.0,129.0
partial,SS-W-noise,9,screw,AlMg10,215.0,7.0,109.5
partial,SS-W-noise,10,screw,AlMg10,215.0,7.0,135.5
partial,SS-W-noise,11,screw,AlMg10,215.0,6.0,129.0
partial,SS-W-noise,12,screw,AlMg10,215.0,6.0,123.0
partial,SS-W-noise,13,screw,AlMg10,215.0,7.0,116.5
partial,SS-W-noise,14,screw,AlMg10,215.0,6.0,123.0
partial,SS-W-noise,15,screw,AlMg10,215.0,7.0,116.5
partial,SS-W-noise,16,screw,AlMg10,215.0,7.0,116.5
partial,SS-W-noise,17,screw,AlMg10,215.0,5.0,153.5
partial,SS-W-noise,18,screw,AlMg10,215.0,6.0,123.0
partial,SS-W-noise,19,screw,AlMg10,215.0,7.0,116.5
partial,SS-W-noise,20,screw,AlMg10,215.0,6.0,123.0
partial,W-noise,1,screw,AlMg10,215.0,7.0,42.5
partial,W-noise,2,screw,AlMg10,215.0,7.0,42.5
partial,W-noise,3,screw,AlMg10,215.0,7.0,42.5
partial,W-noise,4,screw,AlMg10,215.0,7.0,42.5
partial,W-noise,5,screw,AlMg10,215.0,5.0,53.5
partial,W-noise,6,screw,AlMg10,215.0,7.0,42.5
partial,W-noise,7,screw,AlMg10,215.0,7.0,42.5
partial,W-noise,8,screw,AlMg10,215.0,7.0,42.5
partial,W-noise,9,screw,AlMg10,215.0,7.0,35.5
partial,W-noise,10,screw,AlMg10,215.0,5.0,53.5
partial,W-noise,11,screw,AlMg10,215.0,7.0,42.5
partial,W-noise,12,screw,AlMg10,215.0,7.0,42.5
partial,W-noise,13,screw,AlMg10,215.0,5.0,48.5
partial,W-noise,14,screw,AlMg10,215.0,7.0,42.5
partial,W-noise,15,screw,AlMg10,215.0,6.0,29.0
partial,W-noise,16,screw,AlMg10,215.0,7.0,42.5
partial,W-noise,17,screw,AlMg10,215.0,7.0,35.5
partial,W-noise,18,screw,AlMg10,215.0,7.0,42.5
partial,W-noise,19,screw,AlMg10,215.0,5.0,53.5
partial,W-noise,20,screw,AlMg10,215.0,7.0,35.5
partial,SF-noise,1,screw,AlMg15,215.0,5.0,48.5
partial,SF-noise,2,screw,AlMg15,215.0,5.0,53.5
partial,SF-noise,3,screw,AlMg15,215.0,5.0,48.5
partial,SF-noise,4,screw,AlMg15,215.0,5.0,48.5
partial,SF-noise,5,screw,AlMg15,215.0,5.0,53.5
partial,SF-noise,6,screw,AlMg15,215.0,5.0,48.5
partial,SF-noise,7,screw,AlMg15,215.0,5.0,53.5
partial,SF-noise,8,screw,AlMg15,215.0,5.0,48.5
partial,SF-noise,9,screw,AlMg15,215.0,7.0,42.5
partial,SF-noise,10,screw,AlMg15,215.0,5.0,53.5
partial,SF-noise,11,screw,AlMg15,215.0,5.0,48.5
partial,SF-noise,12,screw,AlMg15,215.0,7.0,42.5
partial,SF-noise,13,screw,AlMg15,215.0,5.0,48.5
partial,SF-noise,14,screw,AlMg15,215.0,5.0,48.5
partial,SF-noise,15,screw,AlMg15,215.0,5.0,48.5
partial,SF-noise,16,screw,AlMg15,215.0,7.0,42.5
partial,SF-noise,17,screw,AlMg15,215.0,7.0,42.5
partial,SF-noise,18,screw,AlMg15,215.0,7.0,42.5
partial,SF-noise,19,screw,AlMg15,215.0,5.0,48.5
partial,SF-noise,20,screw,AlMg15,215.0,5.0,48.5
partial,SS-C-noise,1,screw,AlMg15,215.0,5.0,153.5
partial,SS-C-noise,2,screw,AlMg15,215.0,7.0,109.5
partial,SS-C-noise,3,screw,AlMg15,215.0,6.0,129.0
partial,SS-C-noise,4,screw,AlMg15,215.0,7.0,142.5
partial,SS-C-noise,5,screw,AlMg15,215.0,6.0,129.0
partial,SS-C-noise,6,screw,AlMg15,215.0,7.0,135.5
partial,SS-C-noise,7,screw,AlMg15,215.0,6.0,123.0
partial,SS-C-noise,8,screw,AlMg15,215.0,6.0,123.0
partial,SS-C-noise,9,screw,AlMg15,215.0,7.0,135.5
partial,SS-C-noise,10,screw,AlMg15,215.0,6.0,123.0
partial,SS-C-noise,11,screw,AlMg15,215.0,6.0,129.0
partial,SS-C-noise,12,screw,AlMg15,215.0,6.0,129.0
partial,SS-C-noise,13,screw,AlMg15,215.0,5.0,148.5
partial,SS-C-noise,14,screw,AlMg15,215.0,6.0,123.0
partial,SS-C-noise,15,screw,AlMg15,215.0,7.0,135.5
partial,SS-C-noise,16,screw,AlMg15,215.0,7.0,142.5
partial,SS-C-noise,17,screw,AlMg15,215.0,7.0,135.5
partial,SS-C-noise,18,screw,AlMg15,215.0,7.0,142.5
partial,SS-C-noise,19,screw,AlMg15,215.0,6.0,123.0
partial,SS-C-noise,20,screw,AlMg15,215.0,6.0,123.0
partial,SS-SF-noise,1,screw,AlMg15,215.0,7.0,159.5
partial,SS-SF-noise,2,screw,AlMg15,215.0,6.0,179.0
partial,SS-SF-noise,3,screw,AlMg15,215.0,5.0,148.5
partial,SS-SF-noise,4,screw,AlMg15,215.0,5.0,153.5
partial,SS-SF-noise,5,screw,AlMg15,215.0,7.0,159.5
partial,SS-SF-noise,6,screw,AlMg15,215.0,5.0,148.5
partial,SS-SF-noise,7,screw,AlMg15,215.0,5.0,153.5
partial,SS-SF-noise,8,screw,AlMg15,215.0,7.0,159.5
partial,SS-SF-noise,9,screw,AlMg15,215.0,5.0,153.5
partial,SS-SF-noise,10,screw,AlMg15,215.0,5.0,153.5
partial,SS-SF-noise,11,screw,AlMg15,215.0,7.0,142.5
partial,SS-SF-noise,12,screw,AlMg15,215.0,6.0,173.0
partial,SS-SF-noise,13,screw,AlMg15,215.0,6.0,173.0
partial,SS-SF-noise,14,screw,AlMg15,215.0,7.0,142.5
partial,SS-SF-noise,15,screw,AlMg15,215.0,5.0,148.5
partial,SS-SF-noise,16,screw,AlMg15,215.0,7.0,142.5
partial,SS-SF-noise,17,screw,AlMg15,215.0,5.0,148.5
partial,SS-SF-noise,18,screw,AlMg15,215.0,5.0,148.5
partial,SS-SF-noise,19,screw,AlMg15,215.0,5.0,153.5
partial,SS-SF-noise,20,screw,AlMg15,215.0,7.0,142.5
partial,SS-W-noise,1,screw,AlMg15,215.0,7.0,159.5
partial,SS-W-noise,2,screw,AlMg15,215.0,7.0,159.5
partial,SS-W-noise,3,screw,AlMg15,215.0,7.0,166.5
partial,SS-W-noise,4,screw,AlMg15,215.0,5.0,153.5
partial,SS-W-noise,5,screw,AlMg15,215.0,5.0,153.5
partial,SS-W-noise,6,screw,AlMg15,215.0,5.0,153.5
partial,SS-W-noise,7,screw,AlMg15,215.0,5.0,148.5
partial,SS-W-noise,8,screw,AlMg15,215.0,7.0,159.5
partial,SS-W-noise,9,screw,AlMg15,215.0,5.0,148.5
partial,SS-W-noise,10,screw,AlMg15,215.0,7.0,166.5
partial,SS-W-noise,11,screw,AlMg15,215.0,5.0,153.5
partial,SS-W-noise,12,screw,AlMg15,215.0,5.0,153.5
partial,SS-W-noise,13,screw,AlMg15,215.0,5.0,148.5
partial,SS-W-noise,14,screw,AlMg15,215.0,7.0,142.5
partial,SS-W-noise,15,screw,AlMg15,215.0,5.0,153.5
partial,SS-W-noise,16,screw,AlMg15,215.0,7.0,135.5
partial,SS-W-noise,17,screw,AlMg15,215.0,7.0,142.5
partial,SS-W-noise,18,screw,AlMg15,215.0,5.0,153.5
partial,SS-W-noise,19,screw,AlMg15,215.0,5.0,148.5
partial,SS-W-noise,20,screw,AlMg15,215.0,7.0,159.5
partial,W-noise,1,screw,AlMg15,215.0,7.0,35.5
partial,W-noise,2,screw,AlMg15,215.0,5.0,53.5
partial,W-noise,3,screw,AlMg15,215.0,5.0,53.5
partial,W-noise,4,screw,AlMg15,215.0,5.0,48.5
partial,W-noise,5,screw,AlMg15,215.0,5.0,53.5
partial,W-noise,6,screw,AlMg15,215.0,5.0,53.5
partial,W-noise,7,screw,AlMg15,215.0,7.0,59.5
partial,W-noise,8,screw,AlMg15,215.0,5.0,53.5
partial,W-noise,9,screw,AlMg15,215.0,5.0,53.5
partial,W-noise,10,screw,AlMg15,215.0,7.0,59.5
partial,W-noise,11,screw,AlMg15,215.0,5.0,53.5
partial,W-noise,12,screw,AlMg15,215.0,5.0,53.5
partial,W-noise,13,screw,AlMg15,215.0,5.0,53.5
partial,W-noise,14,screw,AlMg15,215.0,7.0,35.5
partial,W-noise,15,screw,AlMg15,215.0,5.0,48.5
partial,W-noise,16,screw,AlMg15,215.0,5.0,53.5
partial,W-noise,17,screw,AlMg15,215.0,5.0,53.5
partial,W-noise,18,screw,AlMg15,215.0,5.0,48.5
partial,W-noise,19,screw,AlMg15,215.0,5.0,53.5
partial,W-noise,20,screw,AlMg15,215.0,7.0,42.5
partial,SF-noise,1,edge,AlMg5,280.0,6.0,23.0
partial,SF-noise,2,edge,AlMg5,280.0,7.0,16.5
partial,SF-noise,3,edge,AlMg5,280.0,6.0,23.0
partial,SF-noise,4,edge,AlMg5,280.0,6.0,23.0
partial,SF-noise,5,edge,AlMg5,280.0,6.0,23.0
partial,SF-noise,6,edge,AlMg5,280.0,25.0,13.5
partial,SF-noise,7,edge,AlMg5,280.0,6.0,29.0
partial,SF-noise,8,edge,AlMg5,280.0,6.0,29.0
partial,SF-noise,9,edge,AlMg5,280.0,6.0,23.0
partial,SF-noise,10,edge,AlMg5,280.0,6.0,29.0
partial,SF-noise,11,edge,AlMg5,280.0,6.0,23.0
partial,SF-noise,12,edge,AlMg5,280.0,50.0,26.0
partial,SF-noise,13,edge,AlMg5,280.0,6.0,23.0
partial,SF-noise,14,edge,AlMg5,280.0,6.0,23.0
partial,SF-noise,15,edge,AlMg5,280.0,6.0,29.0
partial,SF-noise,16,edge,AlMg5,280.0,6.0,23.0
partial,SF-noise,17,edge,AlMg5,280.0,6.0,29.0
partial,SF-noise,18,edge,AlMg5,280.0,6.0,23.0
partial,SF-noise,19,edge,AlMg5,280.0,6.0,29.0
partial,SF-noise,20,edge,AlMg5,280.0,6.0,23.0
partial,SS-C-noise,1,edge,AlMg5,280.0,7.0,135.5
partial,SS-C-noise,2,edge,AlMg5,280.0,7.0,135.5
partial,SS-C-noise,3,edge,AlMg5,280.0,7.0,142.5
partial,SS-C-noise,4,edge,AlMg5,280.0,7.0,135.5
partial,SS-C-noise,5,edge,AlMg5,280.0,7.0,135.5
partial,SS-C-noise,6,edge,AlMg5,280.0,7.0,135.5
partial,SS-C-noise,7,edge,AlMg5,280.0,6.0,129.0
partial,SS-C-noise,8,edge,AlMg5,280.0,7.0,142.5
partial,SS-C-noise,9,edge,AlMg5,280.0,7.0,135.5
partial,SS-C-noise,10,edge,AlMg5,280.0,7.0,135.5
partial,SS-C-noise,11,edge,AlMg5,280.0,6.0,129.0
partial,SS-C-noise,12,edge,AlMg5,280.0,7.0,135.5
partial,SS-C-noise,13,edge,AlMg5,280.0,7.0,135.5
partial,SS-C-noise,14,edge,AlMg5,280.0,7.0,135.5
partial,SS-C-noise,15,edge,AlMg5,280.0,7.0,142.5
partial,SS-C-noise,16,edge,AlMg5,280.0,7.0,142.5
partial,SS-C-noise,17,edge,AlMg5,280.0,25.0,138.5
partial,SS-C-noise,18,edge,AlMg5,280.0,7.0,135.5
partial,SS-C-noise,19,edge,AlMg5,280.0,7.0,135.5
partial,SS-C-noise,20,edge,AlMg5,280.0,7.0,135.5
partial,SS-SF-noise,1,edge,AlMg5,280.0,7.0,142.5
partial,SS-SF-noise,2,edge,AlMg5,280.0,7.0,142.5
partial,SS-SF-noise,3,edge,AlMg5,280.0,7.0,135.5
partial,SS-SF-noise,4,edge,AlMg5,280.0,7.0,142.5
partial,SS-SF-noise,5,edge,AlMg5,280.0,7.0,142.5
partial,SS-SF-noise,6,edge,AlMg5,280.0,7.0,135.5
partial,SS-SF-noise,7,edge,AlMg5,280.0,7.0,142.5
partial,SS-SF-noise,8,edge,AlMg5,280.0,5.0,148.5
partial,SS-SF-noise,9,edge,AlMg5,280.0,5.0,153.5
partial,SS-SF-noise,10,edge,AlMg5,280.0,7.0,135.5
partial,SS-SF-noise,11,edge,AlMg5,280.0,5.0,148.5
partial,SS-SF-noise,12,edge,AlMg5,280.0,7.0,142.5
partial,SS-SF-noise,13,edge,AlMg5,280.0,7.0,142.5
partial,SS-SF-noise,14,edge,AlMg5,280.0,5.0,153.5
partial,SS-SF-noise,15,edge,AlMg5,280.0,7.0,142.5
partial,SS-SF-noise,16,edge,AlMg5,280.0,7.0,142.5
partial,SS-SF-noise,17,edge,AlMg5,280.0,50.0,126.0
partial,SS-SF-noise,18,edge,AlMg5,280.0,7.0,135.5
partial,SS-SF-noise,19,edge,AlMg5,280.0,7.0,142.5
partial,SS-SF-noise,20,edge,AlMg5,280.0,7.0,142.5
partial,SS-W-noise,1,edge,AlMg5,280.0,7.0,142.5
partial,SS-W-noise,2,edge,AlMg5,280.0,7.0,142.5
partial,SS-W-noise,3,edge,AlMg5,280.0,7.0,135.5
partial,SS-W-noise,4,edge,AlMg5,280.0,5.0,148.5
partial,SS-W-noise,5,edge,AlMg5,280.0,5.0,148.5
partial,SS-W-noise,6,edge,AlMg5,280.0,5.0,148.5
partial,SS-W-noise,7,edge,AlMg5,280.0,5.0,148.5
partial,SS-W-noise,8,edge,AlMg5,280.0,5.0,153.5
partial,SS-W-noise,9,edge,AlMg5,280.0,7.0,166.5
partial,SS-W-noise,10,edge,AlMg5,280.0,5.0,148.5
partial,SS-W-noise,11,edge,AlMg5,280.0,5.0,148.5
partial,SS-W-noise,12,edge,AlMg5,280.0,5.0,148.5
partial,SS-W-noise,13,edge,AlMg5,280.0,5.0,148.5
partial,SS-W-noise,14,edge,AlMg5,280.0,7.0,159.5
partial,SS-W-noise,15,edge,AlMg5,280.0,5.0,153.5
partial,SS-W-noise,16,edge,AlMg5,280.0,5.0,153.5
partial,SS-W-noise,17,edge,AlMg5,280.0,50.0,126.0
partial,SS-W-noise,18,edge,AlMg5,280.0,7.0,142.5
partial,SS-W-noise,19,edge,AlMg5,280.0,7.0,142.5
partial,SS-W-noise,20,edge,AlMg5,280.0,5.0,153.5
partial,W-noise,1,edge,AlMg5,280.0,7.0,35.5
partial,W-noise,2,edge,AlMg5,280.0,7.0,35.5
partial,W-noise,3,edge,AlMg5,280.0,6.0,29.0
partial,W-noise,4,edge,AlMg5,280.0,6.0,29.0
partial,W-noise,5,edge,AlMg5,280.0,6.0,29.0
partial,W-noise,6,edge,AlMg5,280.0,7.0,35.5
partial,W-noise,7,edge,AlMg5,280.0,7.0,42.5
partial,W-noise,8,edge,AlMg5,280.0,7.0,35.5
partial,W-noise,9,edge,AlMg5,280.0,7.0,35.5
partial,W-noise,10,edge,AlMg5,280.0,6.0,29.0
partial,W-noise,11,edge,AlMg5,280.0,7.0,35.5
partial,W-noise,12,edge,AlMg5,280.0,6.0,29.0
partial,W-noise,13,edge,AlMg5,280.0,7.0,35.5
partial,W-noise,14,edge,AlMg5,280.0,7.0,35.5
partial,W-noise,15,edge,AlMg5,280.0,7.0,35.5
partial,W-noise,16,edge,AlMg5,280.0,7.0,42.5
partial,W-noise,17,edge,AlMg5,280.0,7.0,42.5
partial,W-noise,18,edge,AlMg5,280.0,7.0,35.5
partial,W-noise,19,edge,AlMg5,280.0,7.0,35.5
partial,W-noise,20,edge,AlMg5,280.0,7.0,35.5
partial,SF-noise,1,edge,AlMg10,280.0,6.0,23.0
partial,SF-noise,2,edge,AlMg10,280.0,6.0,29.0
partial,SF-noise,3,edge,AlMg10,280.0,6.0,29.0
partial,SF-noise,4,edge,AlMg10,280.0,6.0,29.0
partial,SF-noise,5,edge,AlMg10,280.0,6.0,29.0
partial,SF-noise,6,edge,AlMg10,280.0,6.0,29.0
partial,SF-noise,7,edge,AlMg10,280.0,7.0,35.5
partial,SF-noise,8,edge,AlMg10,280.0,7.0,35.5
partial,SF-noise,9,edge,AlMg10,280.0,7.0,35.5
partial,SF-noise,10,edge,AlMg10,280.0,7.0,35.5
partial,SF-noise,11,edge,AlMg10,280.0,7.0,35.5
partial,SF-noise,12,edge,AlMg10,280.0,50.0,26.0
partial,SF-noise,13,edge,AlMg10,280.0,7.0,35.5
partial,SF-noise,14,edge,AlMg10,280.0,7.0,35.5
partial,SF-noise,15,edge,AlMg10,280.0,7.0,35.5
partial,SF-noise,16,edge,AlMg10,280.0,7.0,35.5
partial,SF-noise,17,edge,AlMg10,280.0,7.0,35.5
partial,SF-noise,18,edge,AlMg10,280.0,7.0,35.5
partial,SF-noise,19,edge,AlMg10,280.0,7.0,35.5
partial,SF-noise,20,edge,AlMg10,280.0,7.0,35.5
partial,SS-C-noise,1,edge,AlMg10,280.0,7.0,216.5
partial,SS-C-noise,2,edge,AlMg10,280.0,6.0,229.0
partial,SS-C-noise,3,edge,AlMg10,280.0,6.0,229.0
partial,SS-C-noise,4,edge,AlMg10,280.0,13.0,219.5
partial,SS-C-noise,5,edge,AlMg10,280.0,6.0,223.0
partial,SS-C-noise,6,edge,AlMg10,280.0,6.0,223.0
partial,SS-C-noise,7,edge,AlMg10,280.0,6.0,223.0
partial,SS-C-noise,8,edge,AlMg10,280.0,6.0,223.0
partial,SS-C-noise,9,edge,AlMg10,280.0,6.0,229.0
partial,SS-C-noise,10,edge,AlMg10,280.0,6.0,223.0
partial,SS-C-noise,11,edge,AlMg10,280.0,7.0,235.5
partial,SS-C-noise,12,edge,AlMg10,280.0,6.0,229.0
partial,SS-C-noise,13,edge,AlMg10,280.0,6.0,223.0
partial,SS-C-noise,14,edge,AlMg10,280.0,6.0,229.0
partial,SS-C-noise,15,edge,AlMg10,280.0,7.0,216.5
partial,SS-C-noise,16,edge,AlMg10,280.0,7.0,216.5
partial,SS-C-noise,17,edge,AlMg10,280.0,7.0,235.5
partial,SS-C-noise,18,edge,AlMg10,280.0,6.0,229.0
partial,SS-C-noise,19,edge,AlMg10,280.0,7.0,216.5
partial,SS-C-noise,20,edge,AlMg10,280.0,6.0,223.0
partial,SS-SF-noise,1,edge,AlMg10,280.0,7.0,242.5
partial,SS-SF-noise,2,edge,AlMg10,280.0,7.0,242.5
partial,SS-SF-noise,3,edge,AlMg10,280.0,6.0,223.0
partial,SS-SF-noise,4,edge,AlMg10,280.0,7.0,235.5
partial,SS-SF-noise,5,edge,AlMg10,280.0,7.0,242.5
partial,SS-SF-noise,6,edge,AlMg10,280.0,6.0,223.0
partial,SS-SF-noise,7,edge,AlMg10,280.0,7.0,235.5
partial,SS-SF-noise,8,edge,AlMg10,280.0,7.0,235.5
partial,SS-SF-noise,9,edge,AlMg10,280.0,5.0,248.5
partial,SS-SF-noise,10,edge,AlMg10,280.0,6.0,229.0
partial,SS-SF-noise,11,edge,AlMg10,280.0,7.0,242.5
partial,SS-SF-noise,12,edge,AlMg10,280.0,7.0,235.5
partial,SS-SF-noise,13,edge,AlMg10,280.0,7.0,242.5
partial,SS-SF-noise,14,edge,AlMg10,280.0,12.0,245.0
partial,SS-SF-noise,15,edge,AlMg10,280.0,7.0,235.5
partial,SS-SF-noise,16,edge,AlMg10,280.0,6.0,229.0
partial,SS-SF-noise,17,edge,AlMg10,280.0,7.0,235.5
partial,SS-SF-noise,18,edge,AlMg10,280.0,7.0,242.5
partial,SS-SF-noise,19,edge,AlMg10,280.0,5.0,248.5
partial,SS-SF-noise,20,edge,AlMg10,280.0,6.0,229.0
partial,SS-W-noise,1,edge,AlMg10,280.0,5.0,248.5
partial,SS-W-noise,2,edge,AlMg10,280.0,7.0,242.5
partial,SS-W-noise,3,edge,AlMg10,280.0,7.0,235.5
partial,SS-W-noise,4,edge,AlMg10,280.0,5.0,253.5
partial,SS-W-noise,5,edge,AlMg10,280.0,7.0,235.5
partial,SS-W-noise,6,edge,AlMg10,280.0,5.0,248.5
partial,SS-W-noise,7,edge,AlMg10,280.0,5.0,248.5
partial,SS-W-noise,8,edge,AlMg10,280.0,7.0,242.5
partial,SS-W-noise,9,edge,AlMg10,280.0,5.0,253.5
partial,SS-W-noise,10,edge,AlMg10,280.0,7.0,242.5
partial,SS-W-noise,11,edge,AlMg10,280.0,6.0,229.0
partial,SS-W-noise,12,edge,AlMg10,280.0,5.0,253.5
partial,SS-W-noise,13,edge,AlMg10,280.0,5.0,253.5
partial,SS-W-noise,14,edge,AlMg10,280.0,5.0,253.5
partial,SS-W-noise,15,edge,AlMg10,280.0,7.0,242.5
partial,SS-W-noise,16,edge,AlMg10,280.0,5.0,248.5
partial,SS-W-noise,17,edge,AlMg10,280.0,5.0,253.5
partial,SS-W-noise,18,edge,AlMg10,280.0,5.0,253.5
partial,SS-W-noise,19,edge,AlMg10,280.0,7.0,235.5
partial,SS-W-noise,20,edge,AlMg10,280.0,5.0,248.5
partial,W-noise,1,edge,AlMg10,280.0,5.0,53.5
partial,W-noise,2,edge,AlMg10,280.0,5.0,48.5
partial,W-noise,3,edge,AlMg10,280.0,5.0,53.5
partial,W-noise,4,edge,AlMg10,280.0,5.0,53.5
partial,W-noise,5,edge,AlMg10,280.0,5.0,53.5
partial,W-noise,6,edge,AlMg10,280.0,7.0,42.5
partial,W-noise,7,edge,AlMg10,280.0,5.0,53.5
partial,W-noise,8,edge,AlMg10,280.0,5.0,53.5
partial,W-noise,9,edge,AlMg10,280.0,5.0,53.5
partial,W-noise,10,edge,AlMg10,280.0,5.0,53.5
partial,W-noise,11,edge,AlMg10,280.0,5.0,53.5
partial,W-noise,12,edge,AlMg10,280.0,5.0,48.5
partial,W-noise,13,edge,AlMg10,280.0,5.0,53.5
partial,W-noise,14,edge,AlMg10,280.0,7.0,59.5
partial,W-noise,15,edge,AlMg10,280.0,5.0,53.5
partial,W-noise,16,edge,AlMg10,280.0,7.0,59.5
partial,W-noise,17,edge,AlMg10,280.0,5.0,53.5
partial,W-noise,18,edge,AlMg10,280.0,5.0,48.5
partial,W-noise,19,edge,AlMg10,280.0,5.0,53.5
partial,W-noise,20,edge,AlMg10,280.0,5.0,48.5
partial,SF-noise,1,edge,AlMg15,280.0,7.0,42.5
partial,SF-noise,2,edge,AlMg15,280.0,7.0,35.5
partial,SF-noise,3,edge,AlMg15,280.0,7.0,35.5
partial,SF-noise,4,edge,AlMg15,280.0,7.0,35.5
partial,SF-noise,5,edge,AlMg15,280.0,7.0,35.5
partial,SF-noise,6,edge,AlMg15,280.0,7.0,35.5
partial,SF-noise,7,edge,AlMg15,280.0,7.0,35.5
partial,SF-noise,8,edge,AlMg15,280.0,7.0,35.5
partial,SF-noise,9,edge,AlMg15,280.0,7.0,42.5
partial,SF-noise,10,edge,AlMg15,280.0,7.0,42.5
partial,SF-noise,11,edge,AlMg15,280.0,7.0,42.5
partial,SF-noise,12,edge,AlMg15,280.0,7.0,42.5
partial,SF-noise,13,edge,AlMg15,280.0,7.0,42.5
partial,SF-noise,14,edge,AlMg15,280.0,7.0,42.5
partial,SF-noise,15,edge,AlMg15,280.0,7.0,42.5
partial,SF-noise,16,edge,AlMg15,280.0,7.0,35.5
partial,SF-noise,17,edge,AlMg15,280.0,7.0,42.5
partial,SF-noise,18,edge,AlMg15,280.0,7.0,35.5
partial,SF-noise,19,edge,AlMg15,280.0,7.0,42.5
partial,SF-noise,20,edge,AlMg15,280.0,7.0,42.5
partial,SS-C-noise,1,edge,AlMg15,280.0,6.0,273.0
partial,SS-C-noise,2,edge,AlMg15,280.0,6.0,279.0
partial,SS-C-noise,3,edge,AlMg15,280.0,7.0,285.5
partial,SS-C-noise,4,edge,AlMg15,280.0,7.0,285.5
partial,SS-C-noise,5,edge,AlMg15,280.0,7.0,285.5
partial,SS-C-noise,6,edge,AlMg15,280.0,7.0,285.5
partial,SS-C-noise,7,edge,AlMg15,280.0,6.0,279.0
partial,SS-C-noise,8,edge,AlMg15,280.0,7.0,285.5
partial,SS-C-noise,9,edge,AlMg15,280.0,6.0,279.0
partial,SS-C-noise,10,edge,AlMg15,280.0,7.0,285.5
partial,SS-C-noise,11,edge,AlMg15,280.0,6.0,273.0
partial,SS-C-noise,12,edge,AlMg15,280.0,7.0,285.5
partial,SS-C-noise,13,edge,AlMg15,280.0,7.0,285.5
partial,SS-C-noise,14,edge,AlMg15,280.0,7.0,266.5
partial,SS-C-noise,15,edge,AlMg15,280.0,7.0,285.5
partial,SS-C-noise,16,edge,AlMg15,280.0,6.0,273.0
partial,SS-C-noise,17,edge,AlMg15,280.0,7.0,292.5
partial,SS-C-noise,18,edge,AlMg15,280.0,7.0,292.5
partial,SS-C-noise,19,edge,AlMg15,280.0,6.0,273.0
partial,SS-C-noise,20,edge,AlMg15,280.0,6.0,279.0
partial,SS-SF-noise,1,edge,AlMg15,280.0,7.0,292.5
partial,SS-SF-noise,2,edge,AlMg15,280.0,7.0,292.5
partial,SS-SF-noise,3,edge,AlMg15,280.0,5.0,303.5
partial,SS-SF-noise,4,edge,AlMg15,280.0,12.0,295.0
partial,SS-SF-noise,5,edge,AlMg15,280.0,5.0,303.5
partial,SS-SF-noise,6,edge,AlMg15,280.0,7.0,285.5
partial,SS-SF-noise,7,edge,AlMg15,280.0,7.0,292.5
partial,SS-SF-noise,8,edge,AlMg15,280.0,12.0,295.0
partial,SS-SF-noise,9,edge,AlMg15,280.0,5.0,303.5
partial,SS-SF-noise,10,edge,AlMg15,280.0,5.0,298.5
partial,SS-SF-noise,11,edge,AlMg15,280.0,6.0,273.0
partial,SS-SF-noise,12,edge,AlMg15,280.0,12.0,295.0
partial,SS-SF-noise,13,edge,AlMg15,280.0,5.0,298.5
partial,SS-SF-noise,14,edge,AlMg15,280.0,5.0,303.5
partial,SS-SF-noise,15,edge,AlMg15,280.0,5.0,303.5
partial,SS-SF-noise,16,edge,AlMg15,280.0,7.0,292.5
partial,SS-SF-noise,17,edge,AlMg15,280.0,50.0,326.0
partial,SS-SF-noise,18,edge,AlMg15,280.0,7.0,292.5
partial,SS-SF-noise,19,edge,AlMg15,280.0,5.0,303.5
partial,SS-SF-noise,20,edge,AlMg15,280.0,5.0,303.5
partial,SS-W-noise,1,edge,AlMg15,280.0,5.0,298.5
partial,SS-W-noise,2,edge,AlMg15,280.0,5.0,303.5
partial,SS-W-noise,3,edge,AlMg15,280.0,7.0,316.5
partial,SS-W-noise,4,edge,AlMg15,280.0,5.0,303.5
partial,SS-W-noise,5,edge,AlMg15,280.0,6.0,329.0
partial,SS-W-noise,6,edge,AlMg15,280.0,7.0,285.5
partial,SS-W-noise,7,edge,AlMg15,280.0,7.0,335.5
partial,SS-W-noise,8,edge,AlMg15,280.0,7.0,309.5
partial,SS-W-noise,9,edge,AlMg15,280.0,7.0,316.5
partial,SS-W-noise,10,edge,AlMg15,280.0,7.0,309.5
partial,SS-W-noise,11,edge,AlMg15,280.0,7.0,316.5
partial,SS-W-noise,12,edge,AlMg15,280.0,7.0,316.5
partial,SS-W-noise,13,edge,AlMg15,280.0,100.0,351.0
partial,SS-W-noise,14,edge,AlMg15,280.0,7.0,316.5
partial,SS-W-noise,15,edge,AlMg15,280.0,6.0,329.0
partial,SS-W-noise,16,edge,AlMg15,280.0,7.0,316.5
partial,SS-W-noise,17,edge,AlMg15,280.0,100.0,351.0
partial,W-noise,1,edge,AlMg15,280.0,7.0,59.5
partial,W-noise,2,edge,AlMg15,280.0,7.0,66.5
partial,W-noise,3,edge,AlMg15,280.0,7.0,66.5
partial,W-noise,4,edge,AlMg15,280.0,7.0,59.5
partial,W-noise,5,edge,AlMg15,280.0,7.0,59.5
partial,W-noise,6,edge,AlMg15,280.0,5.0,53.5
partial,W-noise,7,edge,AlMg15,280.0,7.0,66.5
partial,W-noise,8,edge,AlMg15,280.0,7.0,66.5
partial,W-noise,9,edge,AlMg15,280.0,7.0,66.5
partial,W-noise,10,edge,AlMg15,280.0,7.0,59.5
partial,W-noise,11,edge,AlMg15,280.0,7.0,66.5
partial,W-noise,12,edge,AlMg15,280.0,7.0,66.5
partial,W-noise,13,edge,AlMg15,280.0,7.0,59.5
partial,W-noise,14,edge,AlMg15,280.0,7.0,66.5
partial,W-noise,15,edge,AlMg15,280.0,7.0,59.5
partial,W-noise,16,edge,AlMg15,280.0,6.0,73.0
partial,W-noise,17,edge,AlMg15,280.0,7.0,66.5
partial,W-noise,18,edge,AlMg15,280.0,7.0,66.5
partial,W-noise,19,edge,AlMg15,280.0,7.0,59.5
partial,W-noise,20,edge,AlMg15,280.0,7.0,66.5
partial,SF-noise,1,screw,AlMg5,280.0,6.0,29.0
partial,SF-noise,2,screw,AlMg5,280.0,6.0,29.0
partial,SF-noise,3,screw,AlMg5,280.0,6.0,23.0
partial,SF-noise,4,screw,AlMg5,280.0,6.0,29.0
partial,SF-noise,5,screw,AlMg5,280.0,6.0,29.0
partial,SF-noise,6,screw,AlMg5,280.0,6.0,29.0
partial,SF-noise,7,screw,AlMg5,280.0,6.0,29.0
partial,SF-noise,8,screw,AlMg5,280.0,6.0,29.0
partial,SF-noise,9,screw,AlMg5,280.0,7.0,16.5
partial,SF-noise,10,screw,AlMg5,280.0,7.0,35.5
partial,SF-noise,11,screw,AlMg5,280.0,6.0,29.0
partial,SF-noise,12,screw,AlMg5,280.0,6.0,29.0
partial,SF-noise,13,screw,AlMg5,280.0,6.0,23.0
partial,SF-noise,14,screw,AlMg5,280.0,6.0,23.0
partial,SF-noise,15,screw,AlMg5,280.0,6.0,29.0
partial,SF-noise,16,screw,AlMg5,280.0,6.0,29.0
partial,SF-noise,17,screw,AlMg5,280.0,6.0,23.0
partial,SF-noise,18,screw,AlMg5,280.0,6.0,23.0
partial,SF-noise,19,screw,AlMg5,280.0,6.0,29.0
partial,SF-noise,20,screw,AlMg5,280.0,6.0,23.0
partial,SS-C-noise,1,screw,AlMg5,280.0,7.0,59.5
partial,SS-C-noise,2,screw,AlMg5,280.0,5.0,53.5
partial,SS-C-noise,3,screw,AlMg5,280.0,5.0,53.5
partial,SS-C-noise,4,screw,AlMg5,280.0,6.0,73.0
partial,SS-C-noise,5,screw,AlMg5,280.0,7.0,59.5
partial,SS-C-noise,6,screw,AlMg5,280.0,7.0,66.5
partial,SS-C-noise,7,screw,AlMg5,280.0,7.0,66.5
partial,SS-C-noise,8,screw,AlMg5,280.0,7.0,59.5
partial,SS-C-noise,9,screw,AlMg5,280.0,7.0,59.5
partial,SS-C-noise,10,screw,AlMg5,280.0,7.0,59.5
partial,SS-C-noise,11,screw,AlMg5,280.0,7.0,59.5
partial,SS-C-noise,12,screw,AlMg5,280.0,7.0,66.5
partial,SS-C-noise,13,screw,AlMg5,280.0,7.0,66.5
partial,SS-C-noise,14,screw,AlMg5,280.0,7.0,59.5
partial,SS-C-noise,15,screw,AlMg5,280.0,5.0,53.5
partial,SS-C-noise,16,screw,AlMg5,280.0,7.0,59.5
partial,SS-C-noise,17,screw,AlMg5,280.0,7.0,66.5
partial,SS-C-noise,18,screw,AlMg5,280.0,7.0,66.5
partial,SS-C-noise,19,screw,AlMg5,280.0,7.0,66.5
partial,SS-C-noise,20,screw,AlMg5,280.0,7.0,59.5
partial,SS-SF-noise,1,screw,AlMg5,280.0,6.0,79.0
partial,SS-SF-noise,2,screw,AlMg5,280.0,6.0,73.0
partial,SS-SF-noise,3,screw,AlMg5,280.0,6.0,73.0
partial,SS-SF-noise,4,screw,AlMg5,280.0,7.0,66.5
partial,SS-SF-noise,5,screw,AlMg5,280.0,7.0,66.5
partial,SS-SF-noise,6,screw,AlMg5,280.0,6.0,73.0
partial,SS-SF-noise,7,screw,AlMg5,280.0,6.0,79.0
partial,SS-SF-noise,8,screw,AlMg5,280.0,7.0,85.5
partial,SS-SF-noise,9,screw,AlMg5,280.0,7.0,66.5
partial,SS-SF-noise,10,screw,AlMg5,280.0,7.0,66.5
partial,SS-SF-noise,11,screw,AlMg5,280.0,6.0,73.0
partial,SS-SF-noise,12,screw,AlMg5,280.0,6.0,73.0
partial,SS-SF-noise,13,screw,AlMg5,280.0,7.0,66.5
partial,SS-SF-noise,14,screw,AlMg5,280.0,7.0,66.5
partial,SS-SF-noise,15,screw,AlMg5,280.0,6.0,79.0
partial,SS-SF-noise,16,screw,AlMg5,280.0,6.0,79.0
partial,SS-SF-noise,17,screw,AlMg5,280.0,7.0,66.5
partial,SS-SF-noise,18,screw,AlMg5,280.0,6.0,79.0
partial,SS-SF-noise,19,screw,AlMg5,280.0,6.0,73.0
partial,SS-SF-noise,20,screw,AlMg5,280.0,6.0,73.0
partial,SS-W-noise,1,screw,AlMg5,280.0,7.0,85.5
partial,SS-W-noise,2,screw,AlMg5,280.0,6.0,73.0
partial,SS-W-noise,3,screw,AlMg5,280.0,7.0,59.5
partial,SS-W-noise,4,screw,AlMg5,280.0,7.0,85.5
partial,SS-W-noise,5,screw,AlMg5,280.0,6.0,73.0
partial,SS-W-noise,6,screw,AlMg5,280.0,6.0,73.0
partial,SS-W-noise,7,screw,AlMg5,280.0,6.0,73.0
partial,SS-W-noise,8,screw,AlMg5,280.0,7.0,92.5
partial,SS-W-noise,9,screw,AlMg5,280.0,7.0,66.5
partial,SS-W-noise,10,screw,AlMg5,280.0,6.0,73.0
partial,SS-W-noise,11,screw,AlMg5,280.0,6.0,73.0
partial,SS-W-noise,12,screw,AlMg5,280.0,7.0,85.5
partial,SS-W-noise,13,screw,AlMg5,280.0,7.0,66.5
partial,SS-W-noise,14,screw,AlMg5,280.0,6.0,73.0
partial,SS-W-noise,15,screw,AlMg5,280.0,6.0,73.0
partial,SS-W-noise,16,screw,AlMg5,280.0,6.0,73.0
partial,SS-W-noise,17,screw,AlMg5,280.0,7.0,66.5
partial,SS-W-noise,18,screw,AlMg5,280.0,6.0,79.0
partial,SS-W-noise,19,screw,AlMg5,280.0,6.0,73.0
partial,SS-W-noise,20,screw,AlMg5,280.0,6.0,73.0
partial,W-noise,1,screw,AlMg5,280.0,6.0,29.0
partial,W-noise,2,screw,AlMg5,280.0,6.0,29.0
partial,W-noise,3,screw,AlMg5,280.0,6.0,29.0
partial,W-noise,4,screw,AlMg5,280.0,6.0,29.0
partial,W-noise,5,screw,AlMg5,280.0,6.0,29.0
partial,W-noise,6,screw,AlMg5,280.0,6.0,29.0
partial,W-noise,7,screw,AlMg5,280.0,6.0,29.0
partial,W-noise,8,screw,AlMg5,280.0,6.0,23.0
partial,W-noise,9,screw,AlMg5,280.0,6.0,29.0
partial,W-noise,10,screw,AlMg5,280.0,7.0,35.5
partial,W-noise,11,screw,AlMg5,280.0,6.0,29.0
partial,W-noise,12,screw,AlMg5,280.0,7.0,16.5
partial,W-noise,13,screw,AlMg5,280.0,6.0,29.0
partial,W-noise,14,screw,AlMg5,280.0,6.0,29.0
partial,W-noise,15,screw,AlMg5,280.0,6.0,23.0
partial,W-noise,16,screw,AlMg5,280.0,6.0,23.0
partial,W-noise,17,screw,AlMg5,280.0,6.0,23.0
partial,W-noise,18,screw,AlMg5,280.0,6.0,29.0
partial,W-noise,19,screw,AlMg5,280.0,6.0,29.0
partial,W-noise,20,screw,AlMg5,280.0,6.0,23.0
partial,SF-noise,1,screw,AlMg10,280.0,7.0,42.5
partial,SF-noise,2,screw,AlMg10,280.0,7.0,42.5
partial,SF-noise,3,screw,AlMg10,280.0,7.0,42.5
partial,SF-noise,4,screw,AlMg10,280.0,7.0,35.5
partial,SF-noise,5,screw,AlMg10,280.0,7.0,42.5
partial,SF-noise,6,screw,AlMg10,280.0,7.0,42.5
partial,SF-noise,7,screw,AlMg10,280.0,7.0,35.5
partial,SF-noise,8,screw,AlMg10,280.0,7.0,42.5
partial,SF-noise,9,screw,AlMg10,280.0,5.0,48.5
partial,SF-noise,10,screw,AlMg10,280.0,7.0,42.5
partial,SF-noise,11,screw,AlMg10,280.0,7.0,35.5
partial,SF-noise,12,screw,AlMg10,280.0,7.0,35.5
partial,SF-noise,13,screw,AlMg10,280.0,7.0,42.5
partial,SF-noise,14,screw,AlMg10,280.0,7.0,42.5
partial,SF-noise,15,screw,AlMg10,280.0,7.0,42.5
partial,SF-noise,16,screw,AlMg10,280.0,7.0,42.5
partial,SF-noise,17,screw,AlMg10,280.0,7.0,35.5
partial,SF-noise,18,screw,AlMg10,280.0,7.0,35.5
partial,SF-noise,19,screw,AlMg10,280.0,7.0,42.5
partial,SF-noise,20,screw,AlMg10,280.0,7.0,42.5
partial,SS-C-noise,1,screw,AlMg10,280.0,7.0,109.5
partial,SS-C-noise,2,screw,AlMg10,280.0,7.0,92.5
partial,SS-C-noise,3,screw,AlMg10,280.0,5.0,103.5
partial,SS-C-noise,4,screw,AlMg10,280.0,5.0,98.5
partial,SS-C-noise,5,screw,AlMg10,280.0,7.0,92.5
partial,SS-C-noise,6,screw,AlMg10,280.0,5.0,103.5
partial,SS-C-noise,7,screw,AlMg10,280.0,7.0,109.5
partial,SS-C-noise,8,screw,AlMg10,280.0,5.0,103.5
partial,SS-C-noise,9,screw,AlMg10,280.0,5.0,98.5
partial,SS-C-noise,10,screw,AlMg10,280.0,5.0,98.5
partial,SS-C-noise,11,screw,AlMg10,280.0,5.0,98.5
partial,SS-C-noise,12,screw,AlMg10,280.0,7.0,109.5
partial,SS-C-noise,13,screw,AlMg10,280.0,5.0,98.5
partial,SS-C-noise,14,screw,AlMg10,280.0,7.0,92.5
partial,SS-C-noise,15,screw,AlMg10,280.0,7.0,92.5
partial,SS-C-noise,16,screw,AlMg10,280.0,5.0,98.5
partial,SS-C-noise,17,screw,AlMg10,280.0,5.0,103.5
partial,SS-C-noise,18,screw,AlMg10,280.0,7.0,109.5
partial,SS-C-noise,19,screw,AlMg10,280.0,7.0,92.5
partial,SS-C-noise,20,screw,AlMg10,280.0,5.0,98.5
partial,SS-SF-noise,1,screw,AlMg10,280.0,6.0,129.0
partial,SS-SF-noise,2,screw,AlMg10,280.0,6.0,123.0
partial,SS-SF-noise,3,screw,AlMg10,280.0,7.0,116.5
partial,SS-SF-noise,4,screw,AlMg10,280.0,6.0,129.0
partial,SS-SF-noise,5,screw,AlMg10,280.0,6.0,129.0
partial,SS-SF-noise,6,screw,AlMg10,280.0,6.0,123.0
partial,SS-SF-noise,7,screw,AlMg10,280.0,6.0,123.0
partial,SS-SF-noise,8,screw,AlMg10,280.0,6.0,129.0
partial,SS-SF-noise,9,screw,AlMg10,280.0,7.0,116.5
partial,SS-SF-noise,10,screw,AlMg10,280.0,7.0,109.5
partial,SS-SF-noise,11,screw,AlMg10,280.0,7.0,109.5
partial,SS-SF-noise,12,screw,AlMg10,280.0,6.0,129.0
partial,SS-SF-noise,13,screw,AlMg10,280.0,6.0,129.0
partial,SS-SF-noise,14,screw,AlMg10,280.0,6.0,123.0
partial,SS-SF-noise,15,screw,AlMg10,280.0,6.0,123.0
partial,SS-SF-noise,16,screw,AlMg10,280.0,6.0,123.0
partial,SS-SF-noise,17,screw,AlMg10,280.0,50.0,126.0
partial,SS-SF-noise,18,screw,AlMg10,280.0,6.0,123.0
partial,SS-SF-noise,19,screw,AlMg10,280.0,6.0,129.0
partial,SS-SF-noise,20,screw,AlMg10,280.0,6.0,123.0
partial,SS-W-noise,1,screw,AlMg10,280.0,6.0,129.0
partial,SS-W-noise,2,screw,AlMg10,280.0,6.0,123.0
partial,SS-W-noise,3,screw,AlMg10,280.0,7.0,109.5
partial,SS-W-noise,4,screw,AlMg10,280.0,6.0,129.0
partial,SS-W-noise,5,screw,AlMg10,280.0,6.0,123.0
partial,SS-W-noise,6,screw,AlMg10,280.0,7.0,116.5
partial,SS-W-noise,7,screw,AlMg10,280.0,6.0,129.0
partial,SS-W-noise,8,screw,AlMg10,280.0,6.0,129.0
partial,SS-W-noise,9,screw,AlMg10,280.0,7.0,116.5
partial,SS-W-noise,10,screw,AlMg10,280.0,7.0,116.5
partial,SS-W-noise,11,screw,AlMg10,280.0,7.0,116.5
partial,SS-W-noise,12,screw,AlMg10,280.0,6.0,129.0
partial,SS-W-noise,13,screw,AlMg10,280.0,7.0,109.5
partial,SS-W-noise,14,screw,AlMg10,280.0,6.0,123.0
partial,SS-W-noise,15,screw,AlMg10,280.0,6.0,129.0
partial,SS-W-noise,16,screw,AlMg10,280.0,7.0,109.5
partial,SS-W-noise,17,screw,AlMg10,280.0,25.0,138.5
partial,SS-W-noise,18,screw,AlMg10,280.0,6.0,123.0
partial,SS-W-noise,19,screw,AlMg10,280.0,6.0,123.0
partial,SS-W-noise,20,screw,AlMg10,280.0,6.0,123.0
partial,W-noise,1,screw,AlMg10,280.0,7.0,35.5
partial,W-noise,2,screw,AlMg10,280.0,7.0,42.5
partial,W-noise,3,screw,AlMg10,280.0,7.0,42.5
partial,W-noise,4,screw,AlMg10,280.0,7.0,35.5
partial,W-noise,5,screw,AlMg10,280.0,7.0,42.5
partial,W-noise,6,screw,AlMg10,280.0,7.0,42.5
partial,W-noise,7,screw,AlMg10,280.0,7.0,42.5
partial,W-noise,8,screw,AlMg10,280.0,7.0,42.5
partial,W-noise,9,screw,AlMg10,280.0,7.0,42.5
partial,W-noise,10,screw,AlMg10,280.0,7.0,42.5
partial,W-noise,11,screw,AlMg10,280.0,7.0,35.5
partial,W-noise,12,screw,AlMg10,280.0,7.0,42.5
partial,W-noise,13,screw,AlMg10,280.0,7.0,42.5
partial,W-noise,14,screw,AlMg10,280.0,7.0,42.5
partial,W-noise,15,screw,AlMg10,280.0,7.0,35.5
partial,W-noise,16,screw,AlMg10,280.0,7.0,35.5
partial,W-noise,17,screw,AlMg10,280.0,7.0,42.5
partial,W-noise,18,screw,AlMg10,280.0,7.0,35.5
partial,W-noise,19,screw,AlMg10,280.0,7.0,42.5
partial,W-noise,20,screw,AlMg10,280.0,6.0,29.0
partial,SF-noise,1,screw,AlMg15,280.0,7.0,42.5
partial,SF-noise,2,screw,AlMg15,280.0,7.0,42.5
partial,SF-noise,3,screw,AlMg15,280.0,7.0,42.5
partial,SF-noise,4,screw,AlMg15,280.0,7.0,42.5
partial,SF-noise,5,screw,AlMg15,280.0,5.0,48.5
partial,SF-noise,6,screw,AlMg15,280.0,5.0,48.5
partial,SF-noise,7,screw,AlMg15,280.0,7.0,42.5
partial,SF-noise,8,screw,AlMg15,280.0,5.0,48.5
partial,SF-noise,9,screw,AlMg15,280.0,5.0,48.5
partial,SF-noise,10,screw,AlMg15,280.0,7.0,42.5
partial,SF-noise,11,screw,AlMg15,280.0,5.0,48.5
partial,SF-noise,12,screw,AlMg15,280.0,7.0,42.5
partial,SF-noise,13,screw,AlMg15,280.0,5.0,48.5
partial,SF-noise,14,screw,AlMg15,280.0,7.0,42.5
partial,SF-noise,15,screw,AlMg15,280.0,5.0,48.5
partial,SF-noise,16,screw,AlMg15,280.0,7.0,42.5
partial,SF-noise,17,screw,AlMg15,280.0,7.0,42.5
partial,SF-noise,18,screw,AlMg15,280.0,5.0,53.5
partial,SF-noise,19,screw,AlMg15,280.0,5.0,48.5
partial,SF-noise,20,screw,AlMg15,280.0,7.0,42.5
partial,SS-C-noise,1,screw,AlMg15,280.0,7.0,142.5
partial,SS-C-noise,2,screw,AlMg15,280.0,6.0,123.0
partial,SS-C-noise,3,screw,AlMg15,280.0,6.0,123.0
partial,SS-C-noise,4,screw,AlMg15,280.0,7.0,135.5
partial,SS-C-noise,5,screw,AlMg15,280.0,6.0,123.0
partial,SS-C-noise,6,screw,AlMg15,280.0,6.0,123.0
partial,SS-C-noise,7,screw,AlMg15,280.0,7.0,142.5
partial,SS-C-noise,8,screw,AlMg15,280.0,6.0,129.0
partial,SS-C-noise,9,screw,AlMg15,280.0,6.0,129.0
partial,SS-C-noise,10,screw,AlMg15,280.0,6.0,129.0
partial,SS-C-noise,11,screw,AlMg15,280.0,7.0,116.5
partial,SS-C-noise,12,screw,AlMg15,280.0,7.0,135.5
partial,SS-C-noise,13,screw,AlMg15,280.0,6.0,129.0
partial,SS-C-noise,14,screw,AlMg15,280.0,6.0,123.0
partial,SS-C-noise,15,screw,AlMg15,280.0,6.0,129.0
partial,SS-C-noise,16,screw,AlMg15,280.0,7.0,142.5
partial,SS-C-noise,17,screw,AlMg15,280.0,50.0,126.0
partial,SS-C-noise,18,screw,AlMg15,280.0,7.0,135.5
partial,SS-C-noise,19,screw,AlMg15,280.0,7.0,116.5
partial,SS-C-noise,20,screw,AlMg15,280.0,6.0,129.0
partial,SS-SF-noise,1,screw,AlMg15,280.0,7.0,159.5
partial,SS-SF-noise,2,screw,AlMg15,280.0,7.0,159.5
partial,SS-SF-noise,3,screw,AlMg15,280.0,5.0,148.5
partial,SS-SF-noise,4,screw,AlMg15,280.0,7.0,166.5
partial,SS-SF-noise,5,screw,AlMg15,280.0,7.0,166.5
partial,SS-SF-noise,6,screw,AlMg15,280.0,7.0,159.5
partial,SS-SF-noise,7,screw,AlMg15,280.0,5.0,148.5
partial,SS-SF-noise,8,screw,AlMg15,280.0,7.0,159.5
partial,SS-SF-noise,9,screw,AlMg15,280.0,7.0,166.5
partial,SS-SF-noise,10,screw,AlMg15,280.0,7.0,142.5
partial,SS-SF-noise,11,screw,AlMg15,280.0,5.0,153.5
partial,SS-SF-noise,12,screw,AlMg15,280.0,7.0,159.5
partial,SS-SF-noise,13,screw,AlMg15,280.0,7.0,159.5
partial,SS-SF-noise,14,screw,AlMg15,280.0,5.0,148.5
partial,SS-SF-noise,15,screw,AlMg15,280.0,5.0,148.5
partial,SS-SF-noise,16,screw,AlMg15,280.0,5.0,148.5
partial,SS-SF-noise,17,screw,AlMg15,280.0,50.0,126.0
partial,SS-SF-noise,18,screw,AlMg15,280.0,5.0,148.5
partial,SS-SF-noise,19,screw,AlMg15,280.0,7.0,159.5
partial,SS-SF-noise,20,screw,AlMg15,280.0,5.0,148.5
partial,SS-W-noise,1,screw,AlMg15,280.0,7.0,159.5
partial,SS-W-noise,2,screw,AlMg15,280.0,7.0,159.5
partial,SS-W-noise,3,screw,AlMg15,280.0,5.0,148.5
partial,SS-W-noise,4,screw,AlMg15,280.0,7.0,142.5
partial,SS-W-noise,5,screw,AlMg15,280.0,7.0,159.5
partial,SS-W-noise,6,screw,AlMg15,280.0,7.0,159.5
partial,SS-W-noise,7,screw,AlMg15,280.0,5.0,148.5
partial,SS-W-noise,8,screw,AlMg15,280.0,7.0,159.5
partial,SS-W-noise,9,screw,AlMg15,280.0,7.0,159.5
partial,SS-W-noise,10,screw,AlMg15,280.0,7.0,166.5
partial,SS-W-noise,11,screw,AlMg15,280.0,5.0,153.5
partial,SS-W-noise,12,screw,AlMg15,280.0,7.0,166.5
partial,SS-W-noise,13,screw,AlMg15,280.0,7.0,166.5
partial,SS-W-noise,14,screw,AlMg15,280.0,5.0,153.5
partial,SS-W-noise,15,screw,AlMg15,280.0,6.0,173.0
partial,SS-W-noise,16,screw,AlMg15,280.0,5.0,148.5
partial,SS-W-noise,17,screw,AlMg15,280.0,50.0,176.0
partial,SS-W-noise,18,screw,AlMg15,280.0,5.0,153.5
partial,SS-W-noise,19,screw,AlMg15,280.0,5.0,148.5
partial,SS-W-noise,20,screw,AlMg15,280.0,5.0,153.5
partial,W-noise,1,screw,AlMg15,280.0,7.0,42.5
partial,W-noise,2,screw,AlMg15,280.0,7.0,42.5
partial,W-noise,3,screw,AlMg15,280.0,5.0,48.5
partial,W-noise,4,screw,AlMg15,280.0,7.0,42.5
partial,W-noise,5,screw,AlMg15,280.0,7.0,42.5
partial,W-noise,6,screw,AlMg15,280.0,5.0,48.5
partial,W-noise,7,screw,AlMg15,280.0,5.0,53.5
partial,W-noise,8,screw,AlMg15,280.0,5.0,48.5
partial,W-noise,9,screw,AlMg15,280.0,5.0,48.5
partial,W-noise,10,screw,AlMg15,280.0,5.0,53.5
partial,W-noise,11,screw,AlMg15,280.0,5.0,48.5
partial,W-noise,12,screw,AlMg15,280.0,5.0,53.5
partial,W-noise,13,screw,AlMg15,280.0,5.0,48.5
partial,W-noise,14,screw,AlMg15,280.0,5.0,53.5
partial,W-noise,15,screw,AlMg15,280.0,5.0,53.5
partial,W-noise,16,screw,AlMg15,280.0,7.0,42.5
partial,W-noise,17,screw,AlMg15,280.0,5.0,48.5
partial,W-noise,18,screw,AlMg15,280.0,5.0,53.5
partial,W-noise,19,screw,AlMg15,280.0,5.0,48.5
partial,W-noise,20,screw,AlMg15,280.0,5.0,48.5
partial,W-noise,1,screw,AlMg15,29.0,7.0,92.5
partial,W-noise,2,screw,AlMg15,29.0,5.0,48.5
partial,W-noise,3,screw,AlMg15,29.0,7.0,59.5
partial,W-noise,4,screw,AlMg15,29.0,6.0,73.0
partial,W-noise,5,screw,AlMg15,29.0,7.0,85.5
partial,W-noise,6,screw,AlMg15,29.0,7.0,109.5
partial,W-noise,7,screw,AlMg15,29.0,7.0,85.5
partial,W-noise,8,screw,AlMg15,29.0,7.0,59.5
partial,W-noise,9,screw,AlMg15,29.0,6.0,73.0
partial,W-noise,10,screw,AlMg15,29.0,5.0,103.5
partial,W-noise,11,screw,AlMg15,29.0,6.0,73.0
partial,W-noise,12,screw,AlMg15,29.0,7.0,66.5
partial,W-noise,13,screw,AlMg15,29.0,6.0,73.0
partial,W-noise,14,screw,AlMg15,29.0,6.0,23.0
partial,W-noise,15,screw,AlMg15,29.0,6.0,73.0
partial,W-noise,16,screw,AlMg15,29.0,7.0,92.5
partial,W-noise,17,screw,AlMg15,29.0,7.0,92.5
partial,W-noise,18,screw,AlMg15,29.0,5.0,103.5
partial,W-noise,19,screw,AlMg15,29.0,7.0,116.5
partial,W-noise,20,screw,AlMg15,29.0,5.0,53.5
partial,W-noise,22,screw,AlMg15,29.0,6.0,73.0
partial,SF-noise,1,edge,AlMg10,150.0,7.0,46.5
partial,SF-noise,1,edge,AlMg15,150.0,5.0,52.5
partial,SF-noise,1,edge,AlMg5,150.0,6.0,33.0
partial,SF-noise,1,screw,AlMg10,150.0,7.0,39.5
partial,SF-noise,1,screw,AlMg15,150.0,7.0,39.5
partial,SF-noise,1,screw,AlMg5,150.0,6.0,27.0
partial,SF-noise,2,edge,AlMg10,150.0,7.0,39.5
partial,SF-noise,2,edge,AlMg15,150.0,7.0,46.5
partial,SF-noise,2,edge,AlMg5,150.0,7.0,20.5
partial,SF-noise,2,screw,AlMg10,150.0,12.0,49.0
partial,SF-noise,2,screw,AlMg15,150.0,5.0,52.5
partial,SF-noise,2,screw,AlMg5,150.0,6.0,33.0
partial,SF-noise,3,edge,AlMg10,150.0,7.0,39.5
partial,SF-noise,3,edge,AlMg15,150.0,7.0,46.5
partial,SF-noise,3,edge,AlMg5,150.0,6.0,33.0
partial,SF-noise,3,screw,AlMg10,150.0,7.0,46.5
partial,SF-noise,3,screw,AlMg15,150.0,5.0,52.5
partial,SF-noise,3,screw,AlMg5,150.0,6.0,33.0
partial,SF-noise,4,edge,AlMg10,150.0,6.0,33.0
partial,SF-noise,4,edge,AlMg15,150.0,7.0,39.5
partial,SF-noise,4,edge,AlMg5,150.0,6.0,27.0
partial,SF-noise,4,screw,AlMg10,150.0,7.0,39.5
partial,SF-noise,4,screw,AlMg15,150.0,7.0,46.5
partial,SF-noise,4,screw,AlMg5,150.0,6.0,33.0
partial,SF-noise,5,edge,AlMg10,150.0,6.0,27.0
partial,SF-noise,5,edge,AlMg15,150.0,7.0,46.5
partial,SF-noise,5,edge,AlMg5,150.0,7.0,20.5
partial,SF-noise,5,screw,AlMg10,150.0,7.0,39.5
partial,SF-noise,5,screw,AlMg15,150.0,7.0,39.5
partial,SF-noise,5,screw,AlMg5,150.0,7.0,20.5
partial,SF-noise,6,edge,AlMg10,150.0,6.0,27.0
partial,SF-noise,6,edge,AlMg15,150.0,7.0,39.5
partial,SF-noise,6,edge,AlMg5,150.0,7.0,20.5
partial,SF-noise,6,screw,AlMg10,150.0,5.0,52.5
partial,SF-noise,6,screw,AlMg15,150.0,7.0,63.5
partial,SF-noise,6,screw,AlMg5,150.0,6.0,33.0
partial,SF-noise,7,edge,AlMg10,150.0,7.0,39.5
partial,SF-noise,7,edge,AlMg15,150.0,7.0,39.5
partial,SF-noise,7,edge,AlMg5,150.0,6.0,27.0
partial,SF-noise,7,screw,AlMg10,150.0,5.0,52.5
partial,SF-noise,7,screw,AlMg15,150.0,7.0,63.5
partial,SF-noise,7,screw,AlMg5,150.0,7.0,20.5
partial,SF-noise,8,edge,AlMg10,150.0,7.0,39.5
partial,SF-noise,8,edge,AlMg15,150.0,5.0,52.5
partial,SF-noise,8,edge,AlMg5,150.0,6.0,27.0
partial,SF-noise,8,screw,AlMg10,150.0,7.0,39.5
partial,SF-noise,8,screw,AlMg15,150.0,7.0,39.5
partial,SF-noise,8,screw,AlMg5,150.0,6.0,27.0
partial,SF-noise,9,edge,AlMg10,150.0,6.0,33.0
partial,SF-noise,9,edge,AlMg15,150.0,7.0,39.5
partial,SF-noise,9,edge,AlMg5,150.0,6.0,27.0
partial,SF-noise,11,edge,AlMg10,150.0,6.0,33.0
partial,SF-noise,11,edge,AlMg15,150.0,7.0,39.5
partial,SF-noise,11,edge,AlMg5,150.0,7.0,20.5
partial,SF-noise,11,screw,AlMg10,150.0,7.0,39.5
partial,SF-noise,11,screw,AlMg15,150.0,7.0,46.5
partial,SF-noise,11,screw,AlMg5,150.0,6.0,33.0
partial,SF-noise,12,edge,AlMg10,150.0,6.0,33.0
partial,SF-noise,12,edge,AlMg15,150.0,7.0,39.5
partial,SF-noise,12,edge,AlMg5,150.0,7.0,20.5
partial,SF-noise,12,screw,AlMg10,150.0,7.0,39.5
partial,SF-noise,12,screw,AlMg15,150.0,7.0,46.5
partial,SF-noise,12,screw,AlMg5,150.0,6.0,27.0
partial,SF-noise,13,edge,AlMg10,150.0,6.0,33.0
partial,SF-noise,13,edge,AlMg15,150.0,7.0,46.5
partial,SF-noise,13,edge,AlMg5,150.0,6.0,27.0
partial,SF-noise,13,screw,AlMg10,150.0,5.0,52.5
partial,SF-noise,13,screw,AlMg15,150.0,5.0,57.5
partial,SF-noise,13,screw,AlMg5,150.0,6.0,33.0
partial,SF-noise,14,edge,AlMg10,150.0,6.0,33.0
partial,SF-noise,14,edge,AlMg15,150.0,7.0,39.5
partial,SF-noise,14,edge,AlMg5,150.0,6.0,27.0
partial,SF-noise,14,screw,AlMg10,150.0,7.0,39.5
partial,SF-noise,14,screw,AlMg15,150.0,7.0,46.5
partial,SF-noise,14,screw,AlMg5,150.0,6.0,27.0
partial,SF-noise,15,edge,AlMg10,150.0,6.0,33.0
partial,SF-noise,15,edge,AlMg15,150.0,7.0,39.5
partial,SF-noise,15,edge,AlMg5,150.0,6.0,27.0
partial,SF-noise,15,screw,AlMg10,150.0,7.0,46.5
partial,SF-noise,15,screw,AlMg15,150.0,5.0,52.5
partial,SF-noise,15,screw,AlMg5,150.0,6.0,33.0
partial,SF-noise,16,edge,AlMg10,150.0,7.0,39.5
partial,SF-noise,16,edge,AlMg15,150.0,7.0,46.5
partial,SF-noise,16,edge,AlMg5,150.0,6.0,27.0
partial,SF-noise,16,screw,AlMg10,150.0,7.0,46.5
partial,SF-noise,16,screw,AlMg15,150.0,7.0,46.5
partial,SF-noise,16,screw,AlMg5,150.0,6.0,27.0
partial,SF-noise,17,edge,AlMg10,150.0,6.0,33.0
partial,SF-noise,17,edge,AlMg5,150.0,13.0,36.5
partial,SF-noise,17,screw,AlMg10,150.0,12.0,49.0
partial,SF-noise,17,screw,AlMg15,150.0,12.0,49.0
partial,SS-C-noise,1,edge,AlMg10,150.0,6.0,227.0
partial,SS-C-noise,1,edge,AlMg15,150.0,7.0,270.5
partial,SS-C-noise,1,edge,AlMg5,150.0,7.0,146.5
partial,SS-C-noise,1,screw,AlMg10,150.0,5.0,107.5
partial,SS-C-noise,1,screw,AlMg15,150.0,7.0,120.5
partial,SS-C-noise,1,screw,AlMg5,150.0,6.0,77.0
partial,SS-C-noise,2,edge,AlMg10,150.0,7.0,239.5
partial,SS-C-noise,2,edge,AlMg15,150.0,6.0,283.0
partial,SS-C-noise,2,edge,AlMg5,150.0,7.0,146.5
partial,SS-C-noise,2,screw,AlMg10,150.0,5.0,107.5
partial,SS-C-noise,2,screw,AlMg15,150.0,6.0,133.0
partial,SS-C-noise,2,screw,AlMg5,150.0,7.0,63.5
partial,SS-C-noise,3,edge,AlMg10,150.0,5.0,207.5
partial,SS-C-noise,3,edge,AlMg15,150.0,7.0,270.5
partial,SS-C-noise,3,edge,AlMg5,150.0,7.0,139.5
partial,SS-C-noise,3,screw,AlMg10,150.0,7.0,96.5
partial,SS-C-noise,3,screw,AlMg15,150.0,7.0,120.5
partial,SS-C-noise,3,screw,AlMg5,150.0,7.0,63.5
partial,SS-C-noise,4,edge,AlMg10,150.0,6.0,227.0
partial,SS-C-noise,4,edge,AlMg15,150.0,6.0,283.0
partial,SS-C-noise,4,edge,AlMg5,150.0,6.0,133.0
partial,SS-C-noise,4,screw,AlMg10,150.0,5.0,102.5
partial,SS-C-noise,4,screw,AlMg15,150.0,7.0,146.5
partial,SS-C-noise,4,screw,AlMg5,150.0,7.0,63.5
partial,SS-C-noise,5,edge,AlMg10,150.0,7.0,213.5
partial,SS-C-noise,5,edge,AlMg15,150.0,7.0,270.5
partial,SS-C-noise,5,edge,AlMg5,150.0,6.0,127.0
partial,SS-C-noise,5,screw,AlMg10,150.0,5.0,102.5
partial,SS-C-noise,5,screw,AlMg15,150.0,6.0,127.0
partial,SS-C-noise,5,screw,AlMg5,150.0,7.0,63.5
partial,SS-C-noise,6,edge,AlMg10,150.0,7.0,213.5
partial,SS-C-noise,6,edge,AlMg15,150.0,6.0,277.0
partial,SS-C-noise,6,edge,AlMg5,150.0,6.0,127.0
partial,SS-C-noise,6,screw,AlMg10,150.0,5.0,107.5
partial,SS-C-noise,6,screw,AlMg15,150.0,6.0,133.0
partial,SS-C-noise,6,screw,AlMg5,150.0,7.0,70.5
partial,SS-C-noise,7,edge,AlMg5,150.0,7.0,139.5
partial,SS-C-noise,7,screw,AlMg10,150.0,5.0,102.5
partial,SS-C-noise,7,screw,AlMg5,150.0,7.0,63.5
partial,SS-C-noise,8,screw,AlMg5,150.0,7.0,63.5
partial,SS-C-noise,11,edge,AlMg10,150.0,6.0,227.0
partial,SS-C-noise,11,edge,AlMg15,150.0,7.0,289.5
partial,SS-C-noise,11,edge,AlMg5,150.0,7.0,146.5
partial,SS-C-noise,11,screw,AlMg10,150.0,7.0,113.5
partial,SS-C-noise,11,screw,AlMg15,150.0,6.0,133.0
partial,SS-C-noise,11,screw,AlMg5,150.0,7.0,70.5
partial,SS-C-noise,12,edge,AlMg10,150.0,7.0,220.5
partial,SS-C-noise,12,edge,AlMg15,150.0,6.0,277.0
partial,SS-C-noise,12,edge,AlMg5,150.0,6.0,133.0
partial,SS-C-noise,12,screw,AlMg10,150.0,7.0,96.5
partial,SS-C-noise,12,screw,AlMg15,150.0,6.0,127.0
partial,SS-C-noise,12,screw,AlMg5,150.0,7.0,63.5
partial,SS-C-noise,13,edge,AlMg10,150.0,6.0,227.0
partial,SS-C-noise,13,edge,AlMg15,150.0,7.0,263.5
partial,SS-C-noise,13,edge,AlMg5,150.0,7.0,139.5
partial,SS-C-noise,13,screw,AlMg10,150.0,7.0,89.5
partial,SS-C-noise,13,screw,AlMg15,150.0,5.0,107.5
partial,SS-C-noise,13,screw,AlMg5,150.0,7.0,63.5
partial,SS-C-noise,14,edge,AlMg10,150.0,5.0,207.5
partial,SS-C-noise,14,edge,AlMg15,150.0,6.0,277.0
partial,SS-C-noise,14,edge,AlMg5,150.0,6.0,133.0
partial,SS-C-noise,14,screw,AlMg10,150.0,7.0,96.5
partial,SS-C-noise,14,screw,AlMg15,150.0,7.0,120.5
partial,SS-C-noise,14,screw,AlMg5,150.0,5.0,57.5
partial,SS-C-noise,15,edge,AlMg10,150.0,5.0,207.5
partial,SS-C-noise,15,edge,AlMg15,150.0,7.0,263.5
partial,SS-C-noise,15,edge,AlMg5,150.0,7.0,113.5
partial,SS-C-noise,15,screw,AlMg10,150.0,5.0,107.5
partial,SS-C-noise,15,screw,AlMg15,150.0,13.0,123.5
partial,SS-C-noise,15,screw,AlMg5,150.0,7.0,70.5
partial,SS-C-noise,16,edge,AlMg10,150.0,7.0,213.5
partial,SS-C-noise,16,edge,AlMg5,150.0,7.0,139.5
partial,SS-C-noise,16,screw,AlMg10,150.0,5.0,102.5
partial,SS-C-noise,16,screw,AlMg5,150.0,7.0,70.5
partial,SS-C-noise,17,edge,AlMg5,150.0,6.0,127.0
partial,SS-SF-noise,1,edge,AlMg10,150.0,6.0,233.0
partial,SS-SF-noise,1,edge,AlMg15,150.0,7.0,289.5
partial,SS-SF-noise,1,edge,AlMg5,150.0,7.0,139.5
partial,SS-SF-noise,1,screw,AlMg10,150.0,6.0,133.0
partial,SS-SF-noise,1,screw,AlMg15,150.0,7.0,146.5
partial,SS-SF-noise,1,screw,AlMg5,150.0,7.0,70.5
partial,SS-SF-noise,2,edge,AlMg10,150.0,7.0,239.5
partial,SS-SF-noise,2,edge,AlMg15,150.0,6.0,283.0
partial,SS-SF-noise,2,edge,AlMg5,150.0,7.0,146.5
partial,SS-SF-noise,2,screw,AlMg10,150.0,7.0,113.5
partial,SS-SF-noise,2,screw,AlMg15,150.0,5.0,152.5
partial,SS-SF-noise,2,screw,AlMg5,150.0,6.0,83.0
partial,SS-SF-noise,3,edge,AlMg10,150.0,7.0,239.5
partial,SS-SF-noise,3,edge,AlMg15,150.0,5.0,302.5
partial,SS-SF-noise,3,edge,AlMg5,150.0,7.0,146.5
partial,SS-SF-noise,3,screw,AlMg10,150.0,7.0,113.5
partial,SS-SF-noise,3,screw,AlMg15,150.0,5.0,157.5
partial,SS-SF-noise,3,screw,AlMg5,150.0,6.0,83.0
partial,SS-SF-noise,4,edge,AlMg10,150.0,6.0,233.0
partial,SS-SF-noise,4,edge,AlMg15,150.0,7.0,296.5
partial,SS-SF-noise,4,edge,AlMg5,150.0,6.0,133.0
partial,SS-SF-noise,4,screw,AlMg10,150.0,7.0,113.5
partial,SS-SF-noise,4,screw,AlMg15,150.0,7.0,170.5
partial,SS-SF-noise,4,screw,AlMg5,150.0,6.0,77.0
partial,SS-SF-noise,5,edge,AlMg10,150.0,6.0,227.0
partial,SS-SF-noise,5,edge,AlMg15,150.0,6.0,277.0
partial,SS-SF-noise,5,edge,AlMg5,150.0,6.0,133.0
partial,SS-SF-noise,5,screw,AlMg10,150.0,7.0,113.5
partial,SS-SF-noise,5,screw,AlMg15,150.0,7.0,146.5
partial,SS-SF-noise,5,screw,AlMg5,150.0,6.0,83.0
partial,SS-SF-noise,6,edge,AlMg10,150.0,6.0,227.0
partial,SS-SF-noise,6,edge,AlMg15,150.0,5.0,302.5
partial,SS-SF-noise,6,edge,AlMg5,150.0,7.0,146.5
partial,SS-SF-noise,6,screw,AlMg10,150.0,6.0,133.0
partial,SS-SF-noise,6,screw,AlMg15,150.0,5.0,157.5
partial,SS-SF-noise,6,screw,AlMg5,150.0,6.0,83.0
partial,SS-SF-noise,7,edge,AlMg5,150.0,5.0,152.5
partial,SS-SF-noise,7,screw,AlMg5,150.0,6.0,77.0
partial,SS-SF-noise,8,edge,AlMg5,150.0,7.0,146.5
partial,SS-SF-noise,11,edge,AlMg10,150.0,7.0,239.5
partial,SS-SF-noise,11,edge,AlMg15,150.0,7.0,296.5
partial,SS-SF-noise,11,edge,AlMg5,150.0,5.0,157.5
partial,SS-SF-noise,11,screw,AlMg10,150.0,7.0,120.5
partial,SS-SF-noise,11,screw,AlMg15,150.0,7.0,163.5
partial,SS-SF-noise,11,screw,AlMg5,150.0,6.0,83.0
partial,SS-SF-noise,12,edge,AlMg10,150.0,7.0,239.5
partial,SS-SF-noise,12,edge,AlMg15,150.0,7.0,289.5
partial,SS-SF-noise,12,edge,AlMg5,150.0,7.0,139.5
partial,SS-SF-noise,12,screw,AlMg10,150.0,7.0,120.5
partial,SS-SF-noise,12,screw,AlMg15,150.0,5.0,157.5
partial,SS-SF-noise,12,screw,AlMg5,150.0,6.0,77.0
partial,SS-SF-noise,13,edge,AlMg10,150.0,7.0,246.5
partial,SS-SF-noise,13,edge,AlMg15,150.0,5.0,307.5
partial,SS-SF-noise,13,edge,AlMg5,150.0,7.0,139.5
partial,SS-SF-noise,13,screw,AlMg10,150.0,6.0,133.0
partial,SS-SF-noise,13,screw,AlMg15,150.0,7.0,146.5
partial,SS-SF-noise,13,screw,AlMg5,150.0,7.0,89.5
partial,SS-SF-noise,14,edge,AlMg10,150.0,7.0,220.5
partial,SS-SF-noise,14,edge,AlMg15,150.0,7.0,296.5
partial,SS-SF-noise,14,edge,AlMg5,150.0,5.0,157.5
partial,SS-SF-noise,14,screw,AlMg10,150.0,6.0,127.0
partial,SS-SF-noise,14,screw,AlMg15,150.0,5.0,157.5
partial,SS-SF-noise,14,screw,AlMg5,150.0,5.0,57.5
partial,SS-SF-noise,15,edge,AlMg10,150.0,5.0,252.5
partial,SS-SF-noise,15,edge,AlMg15,150.0,7.0,313.5
partial,SS-SF-noise,15,screw,AlMg10,150.0,5.0,107.5
partial,SS-SF-noise,15,screw,AlMg15,150.0,7.0,146.5
partial,SS-SF-noise,15,screw,AlMg5,150.0,7.0,70.5
partial,SS-SF-noise,16,edge,AlMg10,150.0,13.0,236.5
partial,SS-SF-noise,16,screw,AlMg5,150.0,7.0,70.5
partial,SS-W-noise,1,edge,AlMg10,150.0,5.0,252.5
partial,SS-W-noise,1,edge,AlMg15,150.0,7.0,296.5
partial,SS-W-noise,1,edge,AlMg5,150.0,7.0,139.5
partial,SS-W-noise,1,screw,AlMg10,150.0,7.0,120.5
partial,SS-W-noise,1,screw,AlMg15,150.0,5.0,152.5
partial,SS-W-noise,1,screw,AlMg5,150.0,7.0,70.5
partial,SS-W-noise,2,edge,AlMg10,150.0,7.0,246.5
partial,SS-W-noise,2,edge,AlMg15,150.0,5.0,302.5
partial,SS-W-noise,2,edge,AlMg5,150.0,7.0,146.5
partial,SS-W-noise,2,screw,AlMg5,150.0,7.0,89.5
partial,SS-W-noise,3,edge,AlMg10,150.0,5.0,252.5
partial,SS-W-noise,3,edge,AlMg15,150.0,7.0,313.5
partial,SS-W-noise,3,edge,AlMg5,150.0,5.0,152.5
partial,SS-W-noise,3,screw,AlMg10,150.0,6.0,133.0
partial,SS-W-noise,3,screw,AlMg15,150.0,5.0,157.5
partial,SS-W-noise,3,screw,AlMg5,150.0,6.0,77.0
partial,SS-W-noise,4,edge,AlMg10,150.0,6.0,227.0
partial,SS-W-noise,4,edge,AlMg15,150.0,7.0,289.5
partial,SS-W-noise,4,edge,AlMg5,150.0,7.0,139.5
partial,SS-W-noise,4,screw,AlMg10,150.0,7.0,113.5
partial,SS-W-noise,4,screw,AlMg15,150.0,5.0,157.5
partial,SS-W-noise,4,screw,AlMg5,150.0,6.0,83.0
partial,SS-W-noise,5,edge,AlMg10,150.0,6.0,227.0
partial,SS-W-noise,5,edge,AlMg15,150.0,7.0,296.5
partial,SS-W-noise,5,edge,AlMg5,150.0,7.0,139.5
partial,SS-W-noise,5,screw,AlMg10,150.0,6.0,127.0
partial,SS-W-noise,5,screw,AlMg15,150.0,5.0,152.5
partial,SS-W-noise,5,screw,AlMg5,150.0,6.0,77.0
partial,SS-W-noise,6,edge,AlMg10,150.0,7.0,246.5
partial,SS-W-noise,6,edge,AlMg15,150.0,7.0,289.5
partial,SS-W-noise,6,edge,AlMg5,150.0,7.0,146.5
partial,SS-W-noise,6,screw,AlMg10,150.0,6.0,133.0
partial,SS-W-noise,6,screw,AlMg15,150.0,5.0,157.5
partial,SS-W-noise,6,screw,AlMg5,150.0,6.0,77.0
partial,SS-W-noise,7,edge,AlMg5,150.0,5.0,157.5
partial,SS-W-noise,7,screw,AlMg15,150.0,7.0,146.5
partial,SS-W-noise,7,screw,AlMg5,150.0,6.0,83.0
partial,SS-W-noise,8,edge,AlMg5,150.0,7.0,163.5
partial,SS-W-noise,11,edge,AlMg10,150.0,5.0,252.5
partial,SS-W-noise,11,edge,AlMg15,150.0,7.0,320.5
partial,SS-W-noise,11,edge,AlMg5,150.0,7.0,163.5
partial,SS-W-noise,11,screw,AlMg10,150.0,7.0,146.5
partial,SS-W-noise,11,screw,AlMg15,150.0,7.0,170.5
partial,SS-W-noise,11,screw,AlMg5,150.0,7.0,89.5
partial,SS-W-noise,12,edge,AlMg10,150.0,7.0,239.5
partial,SS-W-noise,12,edge,AlMg15,150.0,5.0,307.5
partial,SS-W-noise,12,edge,AlMg5,150.0,5.0,152.5
partial,SS-W-noise,12,screw,AlMg10,150.0,6.0,127.0
partial,SS-W-noise,12,screw,AlMg15,150.0,7.0,146.5
partial,SS-W-noise,12,screw,AlMg5,150.0,7.0,70.5
partial,SS-W-noise,13,edge,AlMg10,150.0,7.0,246.5
partial,SS-W-noise,13,edge,AlMg15,150.0,7.0,313.5
partial,SS-W-noise,13,edge,AlMg5,150.0,7.0,146.5
partial,SS-W-noise,13,screw,AlMg10,150.0,6.0,127.0
partial,SS-W-noise,13,screw,AlMg15,150.0,7.0,163.5
partial,SS-W-noise,13,screw,AlMg5,150.0,7.0,89.5
partial,SS-W-noise,14,edge,AlMg10,150.0,5.0,252.5
partial,SS-W-noise,14,edge,AlMg15,150.0,5.0,302.5
partial,SS-W-noise,14,edge,AlMg5,150.0,5.0,152.5
partial,SS-W-noise,14,screw,AlMg10,150.0,7.0,120.5
partial,SS-W-noise,14,screw,AlMg15,150.0,7.0,139.5
partial,SS-W-noise,14,screw,AlMg5,150.0,7.0,70.5
partial,SS-W-noise,15,edge,AlMg10,150.0,5.0,257.5
partial,SS-W-noise,15,edge,AlMg15,150.0,6.0,327.0
partial,SS-W-noise,15,edge,AlMg5,150.0,5.0,152.5
partial,SS-W-noise,15,screw,AlMg10,150.0,7.0,120.5
partial,SS-W-noise,15,screw,AlMg15,150.0,7.0,170.5
partial,SS-W-noise,15,screw,AlMg5,150.0,6.0,77.0
partial,SS-W-noise,16,edge,AlMg10,150.0,12.0,249.0
full,SS-noise,1,edge,AlMg10,150.0,7.0,313.5
full,SS-noise,1,edge,AlMg15,150.0,6.0,377.0
full,SS-noise,1,edge,AlMg5,150.0,7.0,213.5
full,SS-noise,1,screw,AlMg10,150.0,6.0,27.0
full,SS-noise,1,screw,AlMg15,150.0,6.0,33.0
full,SS-noise,1,screw,AlMg5,150.0,7.0,13.5
full,SS-noise,2,edge,AlMg10,150.0,7.0,339.5
full,SS-noise,2,edge,AlMg15,150.0,7.0,389.5
full,SS-noise,2,edge,AlMg5,150.0,5.0,202.5
full,SS-noise,2,screw,AlMg10,150.0,6.0,27.0
full,SS-noise,2,screw,AlMg15,150.0,7.0,39.5
full,SS-noise,2,screw,AlMg5,150.0,7.0,13.5
full,SS-noise,3,edge,AlMg5,150.0,5.0,207.5
full,SS-noise,3,screw,AlMg10,150.0,7.0,20.5
full,SS-noise,3,screw,AlMg15,150.0,7.0,46.5
full,SS-noise,3,screw,AlMg5,150.0,7.0,13.5
full,SS-noise,11,edge,AlMg10,150.0,5.0,302.5
full,SS-noise,11,edge,AlMg15,150.0,7.0,370.5
full,SS-noise,11,edge,AlMg5,150.0,7.0,189.5
full,SS-noise,11,screw,AlMg10,150.0,6.0,27.0
full,SS-noise,11,screw,AlMg15,150.0,6.0,33.0
full,SS-noise,11,screw,AlMg5,150.0,5.0,7.5
full,SS-noise,12,edge,AlMg10,150.0,7.0,320.5
full,SS-noise,12,edge,AlMg15,150.0,7.0,396.5
full,SS-noise,12,edge,AlMg5,150.0,5.0,202.5
full,SS-noise,12,screw,AlMg10,150.0,6.0,33.0
full,SS-noise,12,screw,AlMg15,150.0,7.0,46.5
full,SS-noise,12,screw,AlMg5,150.0,7.0,13.5
full,SS-noise,13,edge,AlMg10,150.0,6.0,327.0
full,SS-noise,13,edge,AlMg5,150.0,5.0,207.5
full,SS-noise,13,screw,AlMg10,150.0,6.0,27.0
full,SS-noise,13,screw,AlMg15,150.0,6.0,27.0
full,SS-noise,13,screw,AlMg5,150.0,5.0,7.5
full,SS-noise,14,screw,AlMg10,150.0,13.0,23.5
full,SS-noise,14,screw,AlMg15,150.0,13.0,36.5
full,SS-noise,14,screw,AlMg5,150.0,12.0,11.0
partial,W-noise,1,edge,AlMg10,150.0,6.0,77.0
partial,W-noise,1,edge,AlMg15,150.0,6.0,77.0
partial,W-noise,1,edge,AlMg5,150.0,6.0,27.0
partial,W-noise,1,screw,AlMg10,150.0,7.0,46.5
partial,W-noise,1,screw,AlMg15,150.0,5.0,52.5
partial,W-noise,1,screw,AlMg5,150.0,6.0,27.0
partial,W-noise,2,edge,AlMg10,150.0,5.0,52.5
partial,W-noise,2,edge,AlMg15,150.0,7.0,63.5
partial,W-noise,2,edge,AlMg5,150.0,7.0,39.5
partial,W-noise,2,screw,AlMg10,150.0,7.0,46.5
partial,W-noise,2,screw,AlMg15,150.0,7.0,46.5
partial,W-noise,2,screw,AlMg5,150.0,6.0,33.0
partial,W-noise,3,edge,AlMg10,150.0,5.0,57.5
partial,W-noise,3,edge,AlMg15,150.0,7.0,70.5
partial,W-noise,3,edge,AlMg5,150.0,7.0,46.5
partial,W-noise,3,screw,AlMg10,150.0,5.0,52.5
partial,W-noise,3,screw,AlMg15,150.0,5.0,57.5
partial,W-noise,3,screw,AlMg5,150.0,7.0,39.5
partial,W-noise,4,edge,AlMg10,150.0,5.0,52.5
partial,W-noise,4,edge,AlMg15,150.0,7.0,70.5
partial,W-noise,4,edge,AlMg5,150.0,6.0,33.0
partial,W-noise,4,screw,AlMg10,150.0,7.0,46.5
partial,W-noise,4,screw,AlMg15,150.0,5.0,52.5
partial,W-noise,4,screw,AlMg5,150.0,6.0,27.0
partial,W-noise,5,edge,AlMg10,150.0,5.0,52.5
partial,W-noise,5,edge,AlMg15,150.0,5.0,57.5
partial,W-noise,5,edge,AlMg5,150.0,7.0,39.5
partial,W-noise,5,screw,AlMg10,150.0,7.0,39.5
partial,W-noise,5,screw,AlMg15,150.0,7.0,46.5
partial,W-noise,5,screw,AlMg5,150.0,7.0,39.5
partial,W-noise,6,edge,AlMg10,150.0,5.0,52.5
partial,W-noise,6,edge,AlMg15,150.0,6.0,77.0
partial,W-noise,6,edge,AlMg5,150.0,7.0,46.5
partial,W-noise,6,screw,AlMg10,150.0,7.0,46.5
partial,W-noise,6,screw,AlMg15,150.0,5.0,57.5
partial,W-noise,6,screw,AlMg5,150.0,6.0,33.0
partial,W-noise,7,edge,AlMg10,150.0,5.0,52.5
partial,W-noise,7,edge,AlMg15,150.0,7.0,63.5
partial,W-noise,7,edge,AlMg5,150.0,7.0,39.5
partial,W-noise,7,screw,AlMg10,150.0,12.0,61.0
partial,W-noise,7,screw,AlMg15,150.0,7.0,63.5
partial,W-noise,7,screw,AlMg5,150.0,6.0,27.0
partial,W-noise,8,edge,AlMg10,150.0,5.0,52.5
partial,W-noise,8,edge,AlMg15,150.0,7.0,63.5
partial,W-noise,8,edge,AlMg5,150.0,7.0,46.5
partial,W-noise,8,screw,AlMg15,150.0,5.0,52.5
partial,W-noise,8,screw,AlMg5,150.0,6.0,27.0
partial,W-noise,9,edge,AlMg10,150.0,5.0,57.5
partial,W-noise,9,edge,AlMg15,150.0,7.0,70.5
partial,W-noise,9,edge,AlMg5,150.0,7.0,39.5
partial,W-noise,10,edge,AlMg10,150.0,5.0,57.5
partial,W-noise,10,edge,AlMg5,150.0,7.0,46.5
partial,W-noise,11,edge,AlMg10,150.0,5.0,57.5
partial,W-noise,11,edge,AlMg15,150.0,7.0,63.5
partial,W-noise,11,edge,AlMg5,150.0,7.0,39.5
partial,W-noise,11,screw,AlMg10,150.0,7.0,39.5
partial,W-noise,11,screw,AlMg15,150.0,5.0,57.5
partial,W-noise,11,screw,AlMg5,150.0,6.0,27.0
partial,W-noise,12,edge,AlMg10,150.0,5.0,52.5
partial,W-noise,12,edge,AlMg15,150.0,7.0,63.5
partial,W-noise,12,edge,AlMg5,150.0,6.0,33.0
partial,W-noise,12,screw,AlMg10,150.0,6.0,33.0
partial,W-noise,12,screw,AlMg15,150.0,7.0,46.5
partial,W-noise,12,screw,AlMg5,150.0,7.0,20.5
partial,W-noise,13,edge,AlMg10,150.0,7.0,63.5
partial,W-noise,13,edge,AlMg15,150.0,7.0,63.5
partial,W-noise,13,edge,AlMg5,150.0,6.0,27.0
partial,W-noise,13,screw,AlMg10,150.0,5.0,52.5
partial,W-noise,13,screw,AlMg15,150.0,7.0,63.5
partial,W-noise,13,screw,AlMg5,150.0,7.0,39.5
partial,W-noise,14,edge,AlMg10,150.0,5.0,52.5
partial,W-noise,14,edge,AlMg15,150.0,7.0,63.5
partial,W-noise,14,edge,AlMg5,150.0,6.0,33.0
partial,W-noise,14,screw,AlMg10,150.0,7.0,39.5
partial,W-noise,14,screw,AlMg15,150.0,5.0,52.5
partial,W-noise,14,screw,AlMg5,150.0,6.0,27.0
partial,W-noise,15,edge,AlMg10,150.0,7.0,63.5
partial,W-noise,15,edge,AlMg15,150.0,7.0,70.5
partial,W-noise,15,edge,AlMg5,150.0,7.0,39.5
partial,W-noise,15,screw,AlMg10,150.0,6.0,33.0
partial,W-noise,15,screw,AlMg15,150.0,5.0,52.5
partial,W-noise,15,screw,AlMg5,150.0,6.0,27.0
partial,W-noise,16,edge,AlMg10,150.0,5.0,52.5
partial,W-noise,16,edge,AlMg5,150.0,7.0,39.5
partial,W-noise,16,screw,AlMg10,150.0,7.0,39.5
partial,W-noise,16,screw,AlMg15,150.0,7.0,46.5
partial,W-noise,16,screw,AlMg5,150.0,7.0,20.5
partial,W-noise,17,edge,AlMg10,150.0,7.0,63.5
partial,W-noise,17,edge,AlMg5,150.0,7.0,39.5
partial,W-noise,18,edge,AlMg5,150.0,7.0,46.5
partial,SF-noise,18,edge,AlMg5,150.0,6.0,23.0
partial,SF-noise,19,edge,AlMg5,150.0,6.0,29.0
partial,SF-noise,20,edge,AlMg5,150.0,6.0,29.0
partial,SS-C-noise,18,edge,AlMg5,150.0,7.0,135.5
partial,SS-C-noise,19,edge,AlMg5,150.0,7.0,135.5
partial,SS-C-noise,20,edge,AlMg5,150.0,6.0,129.0
partial,SS-SF-noise,15,edge,AlMg5,150.0,5.0,148.5
partial,SS-SF-noise,16,edge,AlMg5,150.0,7.0,142.5
partial,SS-SF-noise,17,edge,AlMg5,150.0,5.0,148.5
partial,SS-SF-noise,18,edge,AlMg5,150.0,7.0,142.5
partial,SS-SF-noise,19,edge,AlMg5,150.0,7.0,142.5
partial,SS-SF-noise,20,edge,AlMg5,150.0,7.0,135.5
partial,SS-W-noise,16,edge,AlMg5,150.0,5.0,148.5
partial,SS-W-noise,17,edge,AlMg5,150.0,5.0,153.5
partial,SS-W-noise,18,edge,AlMg5,150.0,5.0,148.5
partial,SS-W-noise,19,edge,AlMg5,150.0,7.0,142.5
partial,SS-W-noise,20,edge,AlMg5,150.0,7.0,142.5
partial,SS-W-noise,21,edge,AlMg5,150.0,5.0,148.5
partial,SS-W-noise,22,edge,AlMg5,150.0,5.0,148.5
partial,SS-W-noise,23,edge,AlMg5,150.0,5.0,153.5
partial,W-noise,19,edge,AlMg5,150.0,5.0,48.5
partial,W-noise,20,edge,AlMg5,150.0,7.0,42.5
partial,SF-noise,18,edge,AlMg10,150.0,7.0,35.5
partial,SF-noise,19,edge,AlMg10,150.0,7.0,42.5
partial,SF-noise,20,edge,AlMg10,150.0,7.0,35.5
partial,SS-C-noise,17,edge,AlMg10,150.0,6.0,229.0
partial,SS-C-noise,18,edge,AlMg10,150.0,6.0,223.0
partial,SS-C-noise,19,edge,AlMg10,150.0,6.0,223.0
partial,SS-C-noise,20,edge,AlMg10,150.0,7.0,216.5
partial,SS-SF-noise,17,edge,AlMg10,150.0,7.0,235.5
partial,SS-SF-noise,18,edge,AlMg10,150.0,6.0,229.0
partial,SS-SF-noise,19,edge,AlMg10,150.0,7.0,242.5
partial,SS-SF-noise,20,edge,AlMg10,150.0,6.0,229.0
partial,SS-W-noise,17,edge,AlMg10,150.0,7.0,242.5
partial,SS-W-noise,18,edge,AlMg10,150.0,5.0,248.5
partial,SS-W-noise,19,edge,AlMg10,150.0,7.0,242.5
partial,SS-W-noise,20,edge,AlMg10,150.0,7.0,235.5
partial,SS-W-noise,21,edge,AlMg10,150.0,5.0,253.5
partial,SS-W-noise,22,edge,AlMg10,150.0,7.0,242.5
partial,SS-W-noise,23,edge,AlMg10,150.0,7.0,235.5
partial,SS-W-noise,24,edge,AlMg10,150.0,7.0,209.5
partial,W-noise,18,edge,AlMg10,150.0,5.0,53.5
partial,W-noise,19,edge,AlMg10,150.0,7.0,66.5
partial,W-noise,20,edge,AlMg10,150.0,5.0,53.5
partial,SF-noise,17,edge,AlMg15,150.0,7.0,42.5
partial,SF-noise,18,edge,AlMg15,150.0,7.0,42.5
partial,SF-noise,19,edge,AlMg15,150.0,7.0,42.5
partial,SF-noise,20,edge,AlMg15,150.0,5.0,48.5
partial,SS-C-noise,16,edge,AlMg15,150.0,6.0,273.0
partial,SS-C-noise,17,edge,AlMg15,150.0,6.0,279.0
partial,SS-C-noise,18,edge,AlMg15,150.0,6.0,279.0
partial,SS-C-noise,19,edge,AlMg15,150.0,7.0,266.5
partial,SS-C-noise,20,edge,AlMg15,150.0,5.0,253.5
partial,SS-SF-noise,16,edge,AlMg15,150.0,6.0,323.0
partial,SS-SF-noise,17,edge,AlMg15,150.0,5.0,303.5
partial,SS-SF-noise,18,edge,AlMg15,150.0,7.0,292.5
partial,SS-SF-noise,19,edge,AlMg15,150.0,7.0,292.5
partial,SS-SF-noise,20,edge,AlMg15,150.0,7.0,309.5
partial,SS-W-noise,16,edge,AlMg15,150.0,7.0,309.5
partial,SS-W-noise,17,edge,AlMg15,150.0,5.0,298.5
partial,SS-W-noise,18,edge,AlMg15,150.0,5.0,298.5
partial,SS-W-noise,19,edge,AlMg15,150.0,7.0,316.5
partial,SS-W-noise,20,edge,AlMg15,150.0,7.0,309.5
partial,SS-W-noise,21,edge,AlMg15,150.0,5.0,298.5
partial,SS-W-noise,22,edge,AlMg15,150.0,7.0,292.5
partial,SS-W-noise,23,edge,AlMg15,150.0,7.0,309.5
partial,W-noise,16,edge,AlMg15,150.0,7.0,66.5
partial,W-noise,17,edge,AlMg15,150.0,6.0,79.0
partial,W-noise,18,edge,AlMg15,150.0,6.0,79.0
partial,W-noise,19,edge,AlMg15,150.0,7.0,66.5
partial,W-noise,20,edge,AlMg15,150.0,7.0,66.5
partial,W-noise,21,edge,AlMg15,150.0,7.0,59.5
partial,SF-noise,17,screw,AlMg5,150.0,6.0,29.0
partial,SF-noise,18,screw,AlMg5,150.0,6.0,29.0
partial,SF-noise,19,screw,AlMg5,150.0,6.0,29.0
partial,SF-noise,20,screw,AlMg5,150.0,6.0,29.0
partial,SS-C-noise,17,screw,AlMg5,150.0,7.0,66.5
partial,SS-C-noise,18,screw,AlMg5,150.0,7.0,66.5
partial,SS-C-noise,19,screw,AlMg5,150.0,7.0,59.5
partial,SS-C-noise,20,screw,AlMg5,150.0,7.0,59.5
partial,SS-SF-noise,17,screw,AlMg5,150.0,6.0,79.0
partial,SS-SF-noise,18,screw,AlMg5,150.0,6.0,79.0
partial,SS-SF-noise,19,screw,AlMg5,150.0,7.0,85.5
partial,SS-SF-noise,20,screw,AlMg5,150.0,7.0,66.5
partial,SS-W-noise,16,screw,AlMg5,150.0,6.0,79.0
partial,SS-W-noise,17,screw,AlMg5,150.0,6.0,79.0
partial,SS-W-noise,18,screw,AlMg5,150.0,6.0,79.0
partial,SS-W-noise,19,screw,AlMg5,150.0,7.0,85.5
partial,SS-W-noise,20,screw,AlMg5,150.0,7.0,66.5
partial,SS-W-noise,21,screw,AlMg5,150.0,6.0,73.0
partial,SS-W-noise,22,screw,AlMg5,150.0,6.0,73.0
partial,SS-W-noise,23,screw,AlMg5,150.0,7.0,85.5
partial,SS-W-noise,24,screw,AlMg5,150.0,6.0,73.0
partial,W-noise,17,screw,AlMg5,150.0,6.0,23.0
partial,W-noise,18,screw,AlMg5,150.0,6.0,23.0
partial,W-noise,19,screw,AlMg5,150.0,7.0,42.5
partial,W-noise,20,screw,AlMg5,150.0,7.0,35.5
partial,W-noise,21,screw,AlMg5,150.0,6.0,23.0
partial,W-noise,22,screw,AlMg5,150.0,6.0,23.0
partial,W-noise,23,screw,AlMg5,150.0,7.0,35.5
partial,SF-noise,18,screw,AlMg10,150.0,7.0,42.5
partial,SF-noise,19,screw,AlMg10,150.0,5.0,48.5
partial,SF-noise,20,screw,AlMg10,150.0,5.0,48.5
partial,SS-C-noise,17,screw,AlMg10,150.0,7.0,109.5
partial,SS-C-noise,18,screw,AlMg10,150.0,7.0,109.5
partial,SS-C-noise,19,screw,AlMg10,150.0,7.0,92.5
partial,SS-C-noise,20,screw,AlMg10,150.0,7.0,92.5
partial,SS-SF-noise,16,screw,AlMg10,150.0,6.0,123.0
partial,SS-SF-noise,17,screw,AlMg10,150.0,7.0,109.5
partial,SS-SF-noise,18,screw,AlMg10,150.0,6.0,129.0
partial,SS-SF-noise,19,screw,AlMg10,150.0,6.0,123.0
partial,SS-SF-noise,20,screw,AlMg10,150.0,7.0,109.5
partial,SS-W-noise,16,screw,AlMg10,150.0,7.0,116.5
partial,SS-W-noise,17,screw,AlMg10,150.0,7.0,135.5
partial,SS-W-noise,18,screw,AlMg10,150.0,7.0,135.5
partial,SS-W-noise,19,screw,AlMg10,150.0,7.0,116.5
partial,SS-W-noise,20,screw,AlMg10,150.0,7.0,116.5
partial,SS-W-noise,21,screw,AlMg10,150.0,7.0,135.5
partial,SS-W-noise,22,screw,AlMg10,150.0,7.0,109.5
partial,SS-W-noise,23,screw,AlMg10,150.0,7.0,135.5
partial,SS-W-noise,24,screw,AlMg10,150.0,1.0,
partial,W-noise,17,screw,AlMg10,150.0,7.0,35.5
partial,W-noise,18,screw,AlMg10,150.0,7.0,42.5
partial,W-noise,19,screw,AlMg10,150.0,5.0,48.5
partial,W-noise,20,screw,AlMg10,150.0,5.0,48.5
partial,W-noise,21,screw,AlMg10,150.0,7.0,35.5
partial,W-noise,22,screw,AlMg10,150.0,7.0,42.5
partial,W-noise,23,screw,AlMg10,150.0,5.0,48.5
partial,W-noise,24,screw,AlMg10,150.0,7.0,42.5
partial,SF-noise,18,screw,AlMg15,150.0,5.0,48.5
partial,SF-noise,19,screw,AlMg15,150.0,7.0,59.5
partial,SF-noise,20,screw,AlMg15,150.0,7.0,59.5
partial,SS-C-noise,16,screw,AlMg15,150.0,6.0,123.0
partial,SS-C-noise,17,screw,AlMg15,150.0,7.0,142.5
partial,SS-C-noise,18,screw,AlMg15,150.0,6.0,129.0
partial,SS-C-noise,19,screw,AlMg15,150.0,7.0,109.5
partial,SS-C-noise,20,screw,AlMg15,150.0,6.0,123.0
partial,SS-SF-noise,16,screw,AlMg15,150.0,7.0,166.5
partial,SS-SF-noise,17,screw,AlMg15,150.0,7.0,166.5
partial,SS-SF-noise,18,screw,AlMg15,150.0,5.0,153.5
partial,SS-SF-noise,19,screw,AlMg15,150.0,7.0,159.5
partial,SS-SF-noise,20,screw,AlMg15,150.0,5.0,153.5
partial,SS-SF-noise,21,screw,AlMg15,150.0,7.0,166.5
partial,SS-SF-noise,22,screw,AlMg15,150.0,7.0,135.5
partial,SS-SF-noise,23,screw,AlMg15,150.0,6.0,179.0
partial,SS-SF-noise,24,screw,AlMg15,150.0,1.0,
partial,SS-W-noise,16,screw,AlMg15,150.0,5.0,148.5
partial,SS-W-noise,17,screw,AlMg15,150.0,7.0,142.5
partial,SS-W-noise,18,screw,AlMg15,150.0,7.0,142.5
partial,SS-W-noise,19,screw,AlMg15,150.0,7.0,159.5
partial,SS-W-noise,20,screw,AlMg15,150.0,7.0,166.5
partial,SS-W-noise,21,screw,AlMg15,150.0,7.0,159.5
partial,SS-W-noise,22,screw,AlMg15,150.0,5.0,148.5
partial,SS-W-noise,23,screw,AlMg15,150.0,7.0,166.5
partial,SS-W-noise,24,screw,AlMg15,150.0,1.0,
partial,W-noise,17,screw,AlMg15,150.0,5.0,53.5
partial,W-noise,18,screw,AlMg15,150.0,5.0,53.5
partial,W-noise,19,screw,AlMg15,150.0,7.0,59.5
partial,W-noise,20,screw,AlMg15,150.0,7.0,59.5
partial,W-noise,21,screw,AlMg15,150.0,7.0,35.5
partial,W-noise,22,screw,AlMg15,150.0,5.0,53.5
partial,W-noise,23,screw,AlMg15,150.0,5.0,53.5
partial,SF-noise,1,edge,AlMg5,245.0,6.0,23.0
partial,SF-noise,2,edge,AlMg5,245.0,6.0,29.0
partial,SF-noise,3,edge,AlMg5,245.0,6.0,29.0
partial,SF-noise,4,edge,AlMg5,245.0,6.0,23.0
partial,SF-noise,5,edge,AlMg5,245.0,6.0,29.0
partial,SF-noise,6,edge,AlMg5,245.0,6.0,23.0
partial,SF-noise,7,edge,AlMg5,245.0,6.0,29.0
partial,SF-noise,8,edge,AlMg5,245.0,6.0,23.0
partial,SF-noise,9,edge,AlMg5,245.0,6.0,23.0
partial,SF-noise,10,edge,AlMg5,245.0,6.0,29.0
partial,SF-noise,11,edge,AlMg5,245.0,6.0,23.0
partial,SF-noise,12,edge,AlMg5,245.0,6.0,23.0
partial,SF-noise,13,edge,AlMg5,245.0,6.0,29.0
partial,SF-noise,14,edge,AlMg5,245.0,6.0,23.0
partial,SF-noise,15,edge,AlMg5,245.0,6.0,29.0
partial,SF-noise,16,edge,AlMg5,245.0,6.0,23.0
partial,SF-noise,17,edge,AlMg5,245.0,6.0,29.0
partial,SF-noise,18,edge,AlMg5,245.0,6.0,23.0
partial,SF-noise,19,edge,AlMg5,245.0,6.0,29.0
partial,SF-noise,20,edge,AlMg5,245.0,6.0,23.0
partial,SS-C-noise,1,edge,AlMg5,245.0,7.0,135.5
partial,SS-C-noise,2,edge,AlMg5,245.0,6.0,129.0
partial,SS-C-noise,3,edge,AlMg5,245.0,7.0,142.5
partial,SS-C-noise,4,edge,AlMg5,245.0,7.0,135.5
partial,SS-C-noise,5,edge,AlMg5,245.0,7.0,135.5
partial,SS-C-noise,6,edge,AlMg5,245.0,7.0,135.5
partial,SS-C-noise,7,edge,AlMg5,245.0,100.0,151.0
partial,SS-C-noise,8,edge,AlMg5,245.0,6.0,123.0
partial,SS-C-noise,9,edge,AlMg5,245.0,7.0,142.5
partial,SS-C-noise,10,edge,AlMg5,245.0,6.0,123.0
partial,SS-C-noise,11,edge,AlMg5,245.0,6.0,129.0
partial,SS-C-noise,12,edge,AlMg5,245.0,6.0,129.0
partial,SS-C-noise,13,edge,AlMg5,245.0,7.0,135.5
partial,SS-C-noise,14,edge,AlMg5,245.0,50.0,126.0
partial,SS-C-noise,15,edge,AlMg5,245.0,7.0,142.5
partial,SS-C-noise,16,edge,AlMg5,245.0,5.0,148.5
partial,SS-C-noise,17,edge,AlMg5,245.0,7.0,135.5
partial,SS-C-noise,18,edge,AlMg5,245.0,7.0,142.5
partial,SS-C-noise,19,edge,AlMg5,245.0,7.0,135.5
partial,SS-C-noise,20,edge,AlMg5,245.0,6.0,129.0
partial,SS-SF-noise,1,edge,AlMg5,245.0,5.0,148.5
partial,SS-SF-noise,2,edge,AlMg5,245.0,7.0,142.5
partial,SS-SF-noise,3,edge,AlMg5,245.0,7.0,142.5
partial,SS-SF-noise,4,edge,AlMg5,245.0,5.0,148.5
partial,SS-SF-noise,5,edge,AlMg5,245.0,7.0,142.5
partial,SS-SF-noise,6,edge,AlMg5,245.0,7.0,142.5
partial,SS-SF-noise,7,edge,AlMg5,245.0,50.0,126.0
partial,SS-SF-noise,8,edge,AlMg5,245.0,5.0,153.5
partial,SS-SF-noise,9,edge,AlMg5,245.0,5.0,153.5
partial,SS-SF-noise,10,edge,AlMg5,245.0,7.0,135.5
partial,SS-SF-noise,11,edge,AlMg5,245.0,5.0,153.5
partial,SS-SF-noise,12,edge,AlMg5,245.0,5.0,148.5
partial,SS-SF-noise,13,edge,AlMg5,245.0,5.0,148.5
partial,SS-SF-noise,14,edge,AlMg5,245.0,50.0,126.0
partial,SS-SF-noise,15,edge,AlMg5,245.0,5.0,148.5
partial,SS-SF-noise,16,edge,AlMg5,245.0,5.0,153.5
partial,SS-SF-noise,17,edge,AlMg5,245.0,5.0,153.5
partial,SS-SF-noise,18,edge,AlMg5,245.0,7.0,142.5
partial,SS-SF-noise,19,edge,AlMg5,245.0,7.0,135.5
partial,SS-SF-noise,20,edge,AlMg5,245.0,7.0,142.5
partial,SS-W-noise,1,edge,AlMg5,245.0,7.0,142.5
partial,SS-W-noise,2,edge,AlMg5,245.0,7.0,142.5
partial,SS-W-noise,3,edge,AlMg5,245.0,7.0,135.5
partial,SS-W-noise,4,edge,AlMg5,245.0,5.0,153.5
partial,SS-W-noise,5,edge,AlMg5,245.0,5.0,148.5
partial,SS-W-noise,6,edge,AlMg5,245.0,5.0,153.5
partial,SS-W-noise,7,edge,AlMg5,245.0,50.0,176.0
partial,SS-W-noise,8,edge,AlMg5,245.0,7.0,159.5
partial,SS-W-noise,9,edge,AlMg5,245.0,7.0,166.5
partial,SS-W-noise,10,edge,AlMg5,245.0,5.0,148.5
partial,SS-W-noise,11,edge,AlMg5,245.0,5.0,153.5
partial,SS-W-noise,12,edge,AlMg5,245.0,5.0,148.5
partial,SS-W-noise,13,edge,AlMg5,245.0,5.0,153.5
partial,SS-W-noise,14,edge,AlMg5,245.0,50.0,176.0
partial,SS-W-noise,15,edge,AlMg5,245.0,7.0,159.5
partial,SS-W-noise,16,edge,AlMg5,245.0,5.0,148.5
partial,SS-W-noise,17,edge,AlMg5,245.0,5.0,148.5
partial,SS-W-noise,18,edge,AlMg5,245.0,7.0,142.5
partial,SS-W-noise,19,edge,AlMg5,245.0,7.0,142.5
partial,SS-W-noise,20,edge,AlMg5,245.0,7.0,159.5
partial,W-noise,1,edge,AlMg5,245.0,7.0,35.5
partial,W-noise,2,edge,AlMg5,245.0,7.0,35.5
partial,W-noise,3,edge,AlMg5,245.0,7.0,35.5
partial,W-noise,4,edge,AlMg5,245.0,7.0,35.5
partial,W-noise,5,edge,AlMg5,245.0,7.0,35.5
partial,W-noise,6,edge,AlMg5,245.0,7.0,35.5
partial,W-noise,7,edge,AlMg5,245.0,7.0,42.5
partial,W-noise,8,edge,AlMg5,245.0,7.0,35.5
partial,W-noise,9,edge,AlMg5,245.0,7.0,35.5
partial,W-noise,10,edge,AlMg5,245.0,7.0,42.5
partial,W-noise,11,edge,AlMg5,245.0,7.0,35.5
partial,W-noise,12,edge,AlMg5,245.0,6.0,29.0
partial,W-noise,13,edge,AlMg5,245.0,7.0,35.5
partial,W-noise,14,edge,AlMg5,245.0,7.0,35.5
partial,W-noise,15,edge,AlMg5,245.0,7.0,35.5
partial,W-noise,16,edge,AlMg5,245.0,13.0,32.5
partial,W-noise,17,edge,AlMg5,245.0,7.0,42.5
partial,W-noise,18,edge,AlMg5,245.0,7.0,35.5
partial,W-noise,19,edge,AlMg5,245.0,7.0,42.5
partial,W-noise,20,edge,AlMg5,245.0,7.0,35.5
partial,SF-noise,1,edge,AlMg10,245.0,6.0,29.0
partial,SF-noise,2,edge,AlMg10,245.0,6.0,29.0
partial,SF-noise,3,edge,AlMg10,245.0,7.0,35.5
partial,SF-noise,4,edge,AlMg10,245.0,7.0,35.5
partial,SF-noise,5,edge,AlMg10,245.0,6.0,29.0
partial,SF-noise,6,edge,AlMg10,245.0,6.0,29.0
partial,SF-noise,7,edge,AlMg10,245.0,7.0,35.5
partial,SF-noise,8,edge,AlMg10,245.0,7.0,35.5
partial,SF-noise,9,edge,AlMg10,245.0,7.0,35.5
partial,SF-noise,10,edge,AlMg10,245.0,7.0,35.5
partial,SF-noise,11,edge,AlMg10,245.0,7.0,35.5
partial,SF-noise,12,edge,AlMg10,245.0,6.0,29.0
partial,SF-noise,13,edge,AlMg10,245.0,7.0,35.5
partial,SF-noise,14,edge,AlMg10,245.0,7.0,35.5
partial,SF-noise,15,edge,AlMg10,245.0,7.0,35.5
partial,SF-noise,16,edge,AlMg10,245.0,7.0,35.5
partial,SF-noise,17,edge,AlMg10,245.0,7.0,35.5
partial,SF-noise,18,edge,AlMg10,245.0,7.0,35.5
partial,SF-noise,19,edge,AlMg10,245.0,7.0,35.5
partial,SF-noise,20,edge,AlMg10,245.0,7.0,35.5
partial,SS-C-noise,1,edge,AlMg10,245.0,7.0,235.5
partial,SS-C-noise,2,edge,AlMg10,245.0,7.0,216.5
partial,SS-C-noise,3,edge,AlMg10,245.0,6.0,223.0
partial,SS-C-noise,4,edge,AlMg10,245.0,7.0,235.5
partial,SS-C-noise,5,edge,AlMg10,245.0,6.0,223.0
partial,SS-C-noise,6,edge,AlMg10,245.0,25.0,238.5
partial,SS-C-noise,7,edge,AlMg10,245.0,6.0,223.0
partial,SS-C-noise,8,edge,AlMg10,245.0,7.0,216.5
partial,SS-C-noise,9,edge,AlMg10,245.0,6.0,229.0
partial,SS-C-noise,10,edge,AlMg10,245.0,7.0,216.5
partial,SS-C-noise,11,edge,AlMg10,245.0,6.0,223.0
partial,SS-C-noise,12,edge,AlMg10,245.0,25.0,238.5
partial,SS-C-noise,13,edge,AlMg10,245.0,6.0,229.0
partial,SS-C-noise,14,edge,AlMg10,245.0,6.0,229.0
partial,SS-C-noise,15,edge,AlMg10,245.0,6.0,223.0
partial,SS-C-noise,16,edge,AlMg10,245.0,7.0,242.5
partial,SS-C-noise,17,edge,AlMg10,245.0,6.0,223.0
partial,SS-C-noise,18,edge,AlMg10,245.0,25.0,238.5
partial,SS-SF-noise,1,edge,AlMg10,245.0,7.0,242.5
partial,SS-SF-noise,2,edge,AlMg10,245.0,7.0,242.5
partial,SS-SF-noise,3,edge,AlMg10,245.0,7.0,235.5
partial,SS-SF-noise,4,edge,AlMg10,245.0,7.0,235.5
partial,SS-SF-noise,5,edge,AlMg10,245.0,7.0,242.5
partial,SS-SF-noise,6,edge,AlMg10,245.0,25.0,213.5
partial,SS-SF-noise,7,edge,AlMg10,245.0,7.0,235.5
partial,SS-SF-noise,8,edge,AlMg10,245.0,7.0,235.5
partial,SS-SF-noise,9,edge,AlMg10,245.0,5.0,253.5
partial,SS-SF-noise,10,edge,AlMg10,245.0,6.0,229.0
partial,SS-SF-noise,11,edge,AlMg10,245.0,7.0,235.5
partial,SS-SF-noise,12,edge,AlMg10,245.0,25.0,238.5
partial,SS-SF-noise,13,edge,AlMg10,245.0,7.0,242.5
partial,SS-SF-noise,14,edge,AlMg10,245.0,7.0,235.5
partial,SS-SF-noise,15,edge,AlMg10,245.0,6.0,229.0
partial,SS-SF-noise,16,edge,AlMg10,245.0,5.0,253.5
partial,SS-SF-noise,17,edge,AlMg10,245.0,7.0,235.5
partial,SS-SF-noise,18,edge,AlMg10,245.0,25.0,238.5
partial,SS-W-noise,1,edge,AlMg10,245.0,5.0,248.5
partial,SS-W-noise,2,edge,AlMg10,245.0,7.0,242.5
partial,SS-W-noise,3,edge,AlMg10,245.0,7.0,235.5
partial,SS-W-noise,4,edge,AlMg10,245.0,7.0,235.5
partial,SS-W-noise,5,edge,AlMg10,245.0,5.0,248.5
partial,SS-W-noise,6,edge,AlMg10,245.0,25.0,238.5
partial,SS-W-noise,7,edge,AlMg10,245.0,5.0,248.5
partial,SS-W-noise,8,edge,AlMg10,245.0,5.0,248.5
partial,SS-W-noise,9,edge,AlMg10,245.0,7.0,266.5
partial,SS-W-noise,10,edge,AlMg10,245.0,7.0,242.5
partial,SS-W-noise,11,edge,AlMg10,245.0,7.0,242.5
partial,SS-W-noise,12,edge,AlMg10,245.0,25.0,263.5
partial,SS-W-noise,13,edge,AlMg10,245.0,5.0,253.5
partial,SS-W-noise,14,edge,AlMg10,245.0,7.0,235.5
partial,SS-W-noise,15,edge,AlMg10,245.0,7.0,242.5
partial,SS-W-noise,16,edge,AlMg10,245.0,5.0,248.5
partial,SS-W-noise,17,edge,AlMg10,245.0,5.0,253.5
partial,SS-W-noise,18,edge,AlMg10,245.0,25.0,238.5
partial,W-noise,1,edge,AlMg10,245.0,5.0,48.5
partial,W-noise,2,edge,AlMg10,245.0,5.0,53.5
partial,W-noise,3,edge,AlMg10,245.0,5.0,48.5
partial,W-noise,4,edge,AlMg10,245.0,5.0,53.5
partial,W-noise,5,edge,AlMg10,245.0,7.0,59.5
partial,W-noise,6,edge,AlMg10,245.0,5.0,48.5
partial,W-noise,7,edge,AlMg10,245.0,7.0,59.5
partial,W-noise,8,edge,AlMg10,245.0,5.0,53.5
partial,W-noise,9,edge,AlMg10,245.0,7.0,59.5
partial,W-noise,10,edge,AlMg10,245.0,7.0,59.5
partial,W-noise,11,edge,AlMg10,245.0,5.0,48.5
partial,W-noise,12,edge,AlMg10,245.0,5.0,48.5
partial,W-noise,13,edge,AlMg10,245.0,7.0,59.5
partial,W-noise,14,edge,AlMg10,245.0,5.0,48.5
partial,W-noise,15,edge,AlMg10,245.0,7.0,59.5
partial,W-noise,16,edge,AlMg10,245.0,7.0,59.5
partial,W-noise,17,edge,AlMg10,245.0,7.0,59.5
partial,W-noise,18,edge,AlMg10,245.0,7.0,59.5
partial,W-noise,19,edge,AlMg10,245.0,5.0,53.5
partial,W-noise,20,edge,AlMg10,245.0,5.0,48.5
partial,SF-noise,1,edge,AlMg15,245.0,7.0,35.5
partial,SF-noise,2,edge,AlMg15,245.0,7.0,35.5
partial,SF-noise,3,edge,AlMg15,245.0,7.0,42.5
partial,SF-noise,4,edge,AlMg15,245.0,7.0,42.5
partial,SF-noise,5,edge,AlMg15,245.0,7.0,35.5
partial,SF-noise,6,edge,AlMg15,245.0,7.0,42.5
partial,SF-noise,7,edge,AlMg15,245.0,7.0,42.5
partial,SF-noise,8,edge,AlMg15,245.0,7.0,35.5
partial,SF-noise,9,edge,AlMg15,245.0,7.0,42.5
partial,SF-noise,10,edge,AlMg15,245.0,7.0,42.5
partial,SF-noise,11,edge,AlMg15,245.0,7.0,35.5
partial,SF-noise,12,edge,AlMg15,245.0,7.0,42.5
partial,SF-noise,13,edge,AlMg15,245.0,7.0,42.5
partial,SF-noise,14,edge,AlMg15,245.0,7.0,42.5
partial,SF-noise,15,edge,AlMg15,245.0,7.0,42.5
partial,SF-noise,16,edge,AlMg15,245.0,7.0,42.5
partial,SF-noise,17,edge,AlMg15,245.0,7.0,42.5
partial,SF-noise,18,edge,AlMg15,245.0,7.0,35.5
partial,SF-noise,19,edge,AlMg15,245.0,7.0,42.5
partial,SF-noise,20,edge,AlMg15,245.0,7.0,42.5
partial,SS-C-noise,1,edge,AlMg15,245.0,6.0,279.0
partial,SS-C-noise,2,edge,AlMg15,245.0,6.0,273.0
partial,SS-C-noise,3,edge,AlMg15,245.0,6.0,273.0
partial,SS-C-noise,4,edge,AlMg15,245.0,7.0,285.5
partial,SS-C-noise,5,edge,AlMg15,245.0,6.0,279.0
partial,SS-C-noise,6,edge,AlMg15,245.0,25.0,263.5
partial,SS-C-noise,7,edge,AlMg15,245.0,7.0,285.5
partial,SS-C-noise,8,edge,AlMg15,245.0,7.0,266.5
partial,SS-C-noise,9,edge,AlMg15,245.0,6.0,273.0
partial,SS-C-noise,10,edge,AlMg15,245.0,7.0,285.5
partial,SS-C-noise,11,edge,AlMg15,245.0,7.0,292.5
partial,SS-C-noise,12,edge,AlMg15,245.0,25.0,288.5
partial,SS-C-noise,13,edge,AlMg15,245.0,7.0,292.5
partial,SS-C-noise,14,edge,AlMg15,245.0,6.0,273.0
partial,SS-C-noise,15,edge,AlMg15,245.0,7.0,285.5
partial,SS-C-noise,16,edge,AlMg15,245.0,7.0,285.5
partial,SS-C-noise,17,edge,AlMg15,245.0,7.0,285.5
partial,SS-C-noise,18,edge,AlMg15,245.0,25.0,288.5
partial,SS-SF-noise,1,edge,AlMg15,245.0,5.0,298.5
partial,SS-SF-noise,2,edge,AlMg15,245.0,7.0,285.5
partial,SS-SF-noise,3,edge,AlMg15,245.0,5.0,303.5
partial,SS-SF-noise,4,edge,AlMg15,245.0,5.0,303.5
partial,SS-SF-noise,5,edge,AlMg15,245.0,5.0,303.5
partial,SS-SF-noise,6,edge,AlMg15,245.0,7.0,292.5
partial,SS-SF-noise,7,edge,AlMg15,245.0,5.0,303.5
partial,SS-SF-noise,8,edge,AlMg15,245.0,7.0,285.5
partial,SS-SF-noise,9,edge,AlMg15,245.0,7.0,309.5
partial,SS-SF-noise,10,edge,AlMg15,245.0,5.0,298.5
partial,SS-SF-noise,11,edge,AlMg15,245.0,6.0,273.0
partial,SS-SF-noise,12,edge,AlMg15,245.0,7.0,292.5
partial,SS-SF-noise,13,edge,AlMg15,245.0,5.0,303.5
partial,SS-SF-noise,14,edge,AlMg15,245.0,7.0,309.5
partial,SS-SF-noise,15,edge,AlMg15,245.0,5.0,303.5
partial,SS-SF-noise,16,edge,AlMg15,245.0,101.0,
partial,SS-W-noise,1,edge,AlMg15,245.0,7.0,309.5
partial,SS-W-noise,2,edge,AlMg15,245.0,5.0,303.5
partial,SS-W-noise,3,edge,AlMg15,245.0,7.0,316.5
partial,SS-W-noise,4,edge,AlMg15,245.0,5.0,303.5
partial,SS-W-noise,5,edge,AlMg15,245.0,25.0,313.5
partial,SS-W-noise,6,edge,AlMg15,245.0,7.0,292.5
partial,SS-W-noise,7,edge,AlMg15,245.0,7.0,309.5
partial,SS-W-noise,8,edge,AlMg15,245.0,7.0,309.5
partial,SS-W-noise,9,edge,AlMg15,245.0,6.0,323.0
partial,SS-W-noise,10,edge,AlMg15,245.0,7.0,342.5
partial,SS-W-noise,11,edge,AlMg15,245.0,5.0,298.5
partial,SS-W-noise,12,edge,AlMg15,245.0,6.0,323.0
partial,SS-W-noise,13,edge,AlMg15,245.0,7.0,316.5
partial,SS-W-noise,14,edge,AlMg15,245.0,6.0,323.0
partial,SS-W-noise,15,edge,AlMg15,245.0,7.0,316.5
partial,SS-W-noise,16,edge,AlMg15,245.0,1.0,
partial,W-noise,1,edge,AlMg15,245.0,7.0,59.5
partial,W-noise,2,edge,AlMg15,245.0,7.0,66.5
partial,W-noise,3,edge,AlMg15,245.0,7.0,66.5
partial,W-noise,4,edge,AlMg15,245.0,5.0,53.5
partial,W-noise,5,edge,AlMg15,245.0,7.0,66.5
partial,W-noise,6,edge,AlMg15,245.0,7.0,66.5
partial,W-noise,7,edge,AlMg15,245.0,7.0,59.5
partial,W-noise,8,edge,AlMg15,245.0,7.0,66.5
partial,W-noise,9,edge,AlMg15,245.0,7.0,66.5
partial,W-noise,10,edge,AlMg15,245.0,7.0,66.5
partial,W-noise,11,edge,AlMg15,245.0,7.0,59.5
partial,W-noise,12,edge,AlMg15,245.0,7.0,66.5
partial,W-noise,13,edge,AlMg15,245.0,7.0,66.5
partial,W-noise,14,edge,AlMg15,245.0,7.0,66.5
partial,W-noise,15,edge,AlMg15,245.0,7.0,66.5
partial,W-noise,16,edge,AlMg15,245.0,6.0,73.0
partial,W-noise,17,edge,AlMg15,245.0,5.0,48.5
partial,W-noise,18,edge,AlMg15,245.0,7.0,59.5
partial,W-noise,19,edge,AlMg15,245.0,7.0,66.5
partial,W-noise,20,edge,AlMg15,245.0,7.0,59.5
partial,SF-noise,1,screw,AlMg5,245.0,6.0,29.0
partial,SF-noise,2,screw,AlMg5,245.0,6.0,29.0
partial,SF-noise,3,screw,AlMg5,245.0,6.0,29.0
partial,SF-noise,4,screw,AlMg5,245.0,6.0,29.0
partial,SF-noise,5,screw,AlMg5,245.0,6.0,29.0
partial,SF-noise,6,screw,AlMg5,245.0,6.0,29.0
partial,SF-noise,7,screw,AlMg5,245.0,6.0,29.0
partial,SF-noise,8,screw,AlMg5,245.0,6.0,29.0
partial,SF-noise,9,screw,AlMg5,245.0,6.0,29.0
partial,SF-noise,10,screw,AlMg5,245.0,7.0,35.5
partial,SF-noise,11,screw,AlMg5,245.0,6.0,23.0
partial,SF-noise,12,screw,AlMg5,245.0,6.0,29.0
partial,SF-noise,13,screw,AlMg5,245.0,6.0,29.0
partial,SF-noise,14,screw,AlMg5,245.0,6.0,23.0
partial,SF-noise,15,screw,AlMg5,245.0,6.0,29.0
partial,SF-noise,16,screw,AlMg5,245.0,6.0,23.0
partial,SF-noise,17,screw,AlMg5,245.0,7.0,35.5
partial,SF-noise,18,screw,AlMg5,245.0,6.0,29.0
partial,SF-noise,19,screw,AlMg5,245.0,6.0,29.0
partial,SF-noise,20,screw,AlMg5,245.0,6.0,29.0
partial,SS-C-noise,1,screw,AlMg5,245.0,7.0,59.5
partial,SS-C-noise,2,screw,AlMg5,245.0,7.0,66.5
partial,SS-C-noise,3,screw,AlMg5,245.0,7.0,59.5
partial,SS-C-noise,4,screw,AlMg5,245.0,6.0,73.0
partial,SS-C-noise,5,screw,AlMg5,245.0,7.0,66.5
partial,SS-C-noise,6,screw,AlMg5,245.0,6.0,73.0
partial,SS-C-noise,7,screw,AlMg5,245.0,7.0,66.5
partial,SS-C-noise,8,screw,AlMg5,245.0,25.0,63.5
partial,SS-C-noise,9,screw,AlMg5,245.0,7.0,66.5
partial,SS-C-noise,10,screw,AlMg5,245.0,7.0,59.5
partial,SS-C-noise,11,screw,AlMg5,245.0,7.0,66.5
partial,SS-C-noise,12,screw,AlMg5,245.0,7.0,66.5
partial,SS-C-noise,13,screw,AlMg5,245.0,5.0,53.5
partial,SS-C-noise,14,screw,AlMg5,245.0,7.0,66.5
partial,SS-C-noise,15,screw,AlMg5,245.0,7.0,59.5
partial,SS-C-noise,16,screw,AlMg5,245.0,25.0,63.5
partial,SS-C-noise,17,screw,AlMg5,245.0,7.0,59.5
partial,SS-C-noise,18,screw,AlMg5,245.0,6.0,73.0
partial,SS-C-noise,19,screw,AlMg5,245.0,7.0,59.5
partial,SS-C-noise,20,screw,AlMg5,245.0,5.0,53.5
partial,SS-SF-noise,1,screw,AlMg5,245.0,6.0,73.0
partial,SS-SF-noise,2,screw,AlMg5,245.0,7.0,85.5
partial,SS-SF-noise,3,screw,AlMg5,245.0,6.0,73.0
partial,SS-SF-noise,4,screw,AlMg5,245.0,6.0,73.0
partial,SS-SF-noise,5,screw,AlMg5,245.0,7.0,66.5
partial,SS-SF-noise,6,screw,AlMg5,245.0,6.0,73.0
partial,SS-SF-noise,7,screw,AlMg5,245.0,6.0,73.0
partial,SS-SF-noise,8,screw,AlMg5,245.0,25.0,88.5
partial,SS-SF-noise,9,screw,AlMg5,245.0,7.0,66.5
partial,SS-SF-noise,10,screw,AlMg5,245.0,6.0,79.0
partial,SS-SF-noise,11,screw,AlMg5,245.0,6.0,79.0
partial,SS-SF-noise,12,screw,AlMg5,245.0,6.0,79.0
partial,SS-SF-noise,13,screw,AlMg5,245.0,7.0,66.5
partial,SS-SF-noise,14,screw,AlMg5,245.0,6.0,79.0
partial,SS-SF-noise,15,screw,AlMg5,245.0,6.0,79.0
partial,SS-SF-noise,16,screw,AlMg5,245.0,25.0,88.5
partial,SS-SF-noise,17,screw,AlMg5,245.0,6.0,73.0
partial,SS-SF-noise,18,screw,AlMg5,245.0,6.0,79.0
partial,SS-SF-noise,19,screw,AlMg5,245.0,6.0,79.0
partial,SS-SF-noise,20,screw,AlMg5,245.0,6.0,79.0
partial,SS-W-noise,1,screw,AlMg5,245.0,6.0,79.0
partial,SS-W-noise,2,screw,AlMg5,245.0,7.0,85.5
partial,SS-W-noise,3,screw,AlMg5,245.0,6.0,73.0
partial,SS-W-noise,4,screw,AlMg5,245.0,6.0,73.0
partial,SS-W-noise,5,screw,AlMg5,245.0,7.0,66.5
partial,SS-W-noise,6,screw,AlMg5,245.0,6.0,79.0
partial,SS-W-noise,7,screw,AlMg5,245.0,6.0,73.0
partial,SS-W-noise,8,screw,AlMg5,245.0,25.0,63.5
partial,SS-W-noise,9,screw,AlMg5,245.0,7.0,66.5
partial,SS-W-noise,10,screw,AlMg5,245.0,6.0,79.0
partial,SS-W-noise,11,screw,AlMg5,245.0,6.0,79.0
partial,SS-W-noise,12,screw,AlMg5,245.0,7.0,85.5
partial,SS-W-noise,13,screw,AlMg5,245.0,6.0,73.0
partial,SS-W-noise,14,screw,AlMg5,245.0,6.0,79.0
partial,SS-W-noise,15,screw,AlMg5,245.0,6.0,79.0
partial,SS-W-noise,16,screw,AlMg5,245.0,13.0,69.5
partial,SS-W-noise,17,screw,AlMg5,245.0,7.0,59.5
partial,SS-W-noise,18,screw,AlMg5,245.0,6.0,79.0
partial,SS-W-noise,19,screw,AlMg5,245.0,7.0,66.5
partial,SS-W-noise,20,screw,AlMg5,245.0,7.0,66.5
partial,W-noise,1,screw,AlMg5,245.0,6.0,23.0
partial,W-noise,2,screw,AlMg5,245.0,6.0,29.0
partial,W-noise,3,screw,AlMg5,245.0,6.0,29.0
partial,W-noise,4,screw,AlMg5,245.0,6.0,23.0
partial,W-noise,5,screw,AlMg5,245.0,6.0,23.0
partial,W-noise,6,screw,AlMg5,245.0,6.0,29.0
partial,W-noise,7,screw,AlMg5,245.0,6.0,29.0
partial,W-noise,8,screw,AlMg5,245.0,6.0,29.0
partial,W-noise,9,screw,AlMg5,245.0,6.0,29.0
partial,W-noise,10,screw,AlMg5,245.0,7.0,35.5
partial,W-noise,11,screw,AlMg5,245.0,6.0,29.0
partial,W-noise,12,screw,AlMg5,245.0,6.0,29.0
partial,W-noise,13,screw,AlMg5,245.0,6.0,29.0
partial,W-noise,14,screw,AlMg5,245.0,6.0,23.0
partial,W-noise,15,screw,AlMg5,245.0,6.0,23.0
partial,W-noise,16,screw,AlMg5,245.0,6.0,23.0
partial,W-noise,17,screw,AlMg5,245.0,6.0,29.0
partial,W-noise,18,screw,AlMg5,245.0,6.0,23.0
partial,W-noise,19,screw,AlMg5,245.0,6.0,23.0
partial,W-noise,20,screw,AlMg5,245.0,6.0,29.0
partial,SF-noise,1,screw,AlMg10,245.0,7.0,42.5
partial,SF-noise,2,screw,AlMg10,245.0,7.0,42.5
partial,SF-noise,3,screw,AlMg10,245.0,7.0,42.5
partial,SF-noise,4,screw,AlMg10,245.0,7.0,42.5
partial,SF-noise,5,screw,AlMg10,245.0,5.0,48.5
partial,SF-noise,6,screw,AlMg10,245.0,7.0,42.5
partial,SF-noise,7,screw,AlMg10,245.0,7.0,35.5
partial,SF-noise,8,screw,AlMg10,245.0,7.0,42.5
partial,SF-noise,9,screw,AlMg10,245.0,7.0,35.5
partial,SF-noise,10,screw,AlMg10,245.0,7.0,42.5
partial,SF-noise,11,screw,AlMg10,245.0,7.0,42.5
partial,SF-noise,12,screw,AlMg10,245.0,7.0,35.5
partial,SF-noise,13,screw,AlMg10,245.0,7.0,42.5
partial,SF-noise,14,screw,AlMg10,245.0,7.0,42.5
partial,SF-noise,15,screw,AlMg10,245.0,7.0,42.5
partial,SF-noise,16,screw,AlMg10,245.0,7.0,35.5
partial,SF-noise,17,screw,AlMg10,245.0,7.0,42.5
partial,SF-noise,18,screw,AlMg10,245.0,7.0,42.5
partial,SF-noise,19,screw,AlMg10,245.0,7.0,42.5
partial,SF-noise,20,screw,AlMg10,245.0,7.0,42.5
partial,SS-C-noise,1,screw,AlMg10,245.0,5.0,98.5
partial,SS-C-noise,2,screw,AlMg10,245.0,5.0,103.5
partial,SS-C-noise,3,screw,AlMg10,245.0,5.0,103.5
partial,SS-C-noise,4,screw,AlMg10,245.0,7.0,109.5
partial,SS-C-noise,5,screw,AlMg10,245.0,5.0,103.5
partial,SS-C-noise,6,screw,AlMg10,245.0,7.0,109.5
partial,SS-C-noise,7,screw,AlMg10,245.0,25.0,113.5
partial,SS-C-noise,8,screw,AlMg10,245.0,5.0,103.5
partial,SS-C-noise,9,screw,AlMg10,245.0,5.0,103.5
partial,SS-C-noise,10,screw,AlMg10,245.0,5.0,98.5
partial,SS-C-noise,11,screw,AlMg10,245.0,5.0,98.5
partial,SS-C-noise,12,screw,AlMg10,245.0,5.0,98.5
partial,SS-C-noise,13,screw,AlMg10,245.0,7.0,109.5
partial,SS-C-noise,14,screw,AlMg10,245.0,7.0,92.5
partial,SS-C-noise,15,screw,AlMg10,245.0,5.0,98.5
partial,SS-C-noise,16,screw,AlMg10,245.0,5.0,98.5
partial,SS-C-noise,17,screw,AlMg10,245.0,7.0,109.5
partial,SS-C-noise,18,screw,AlMg10,245.0,5.0,103.5
partial,SS-C-noise,19,screw,AlMg10,245.0,7.0,92.5
partial,SS-C-noise,20,screw,AlMg10,245.0,5.0,98.5
partial,SS-SF-noise,1,screw,AlMg10,245.0,6.0,129.0
partial,SS-SF-noise,2,screw,AlMg10,245.0,6.0,129.0
partial,SS-SF-noise,3,screw,AlMg10,245.0,7.0,116.5
partial,SS-SF-noise,4,screw,AlMg10,245.0,7.0,116.5
partial,SS-SF-noise,5,screw,AlMg10,245.0,7.0,109.5
partial,SS-SF-noise,6,screw,AlMg10,245.0,6.0,123.0
partial,SS-SF-noise,7,screw,AlMg10,245.0,6.0,123.0
partial,SS-SF-noise,8,screw,AlMg10,245.0,6.0,123.0
partial,SS-SF-noise,9,screw,AlMg10,245.0,7.0,116.5
partial,SS-SF-noise,10,screw,AlMg10,245.0,6.0,129.0
partial,SS-SF-noise,11,screw,AlMg10,245.0,7.0,116.5
partial,SS-SF-noise,12,screw,AlMg10,245.0,7.0,135.5
partial,SS-SF-noise,13,screw,AlMg10,245.0,50.0,126.0
partial,SS-SF-noise,14,screw,AlMg10,245.0,6.0,123.0
partial,SS-SF-noise,15,screw,AlMg10,245.0,6.0,123.0
partial,SS-SF-noise,16,screw,AlMg10,245.0,6.0,123.0
partial,SS-SF-noise,17,screw,AlMg10,245.0,7.0,116.5
partial,SS-SF-noise,18,screw,AlMg10,245.0,7.0,135.5
partial,SS-SF-noise,19,screw,AlMg10,245.0,7.0,135.5
partial,SS-SF-noise,20,screw,AlMg10,245.0,50.0,126.0
partial,SS-W-noise,1,screw,AlMg10,245.0,6.0,129.0
partial,SS-W-noise,2,screw,AlMg10,245.0,6.0,129.0
partial,SS-W-noise,3,screw,AlMg10,245.0,6.0,123.0
partial,SS-W-noise,4,screw,AlMg10,245.0,6.0,123.0
partial,SS-W-noise,5,screw,AlMg10,245.0,7.0,109.5
partial,SS-W-noise,6,screw,AlMg10,245.0,7.0,116.5
partial,SS-W-noise,7,screw,AlMg10,245.0,50.0,126.0
partial,SS-W-noise,8,screw,AlMg10,245.0,6.0,123.0
partial,SS-W-noise,9,screw,AlMg10,245.0,7.0,116.5
partial,SS-W-noise,10,screw,AlMg10,245.0,6.0,129.0
partial,SS-W-noise,11,screw,AlMg10,245.0,6.0,123.0
partial,SS-W-noise,12,screw,AlMg10,245.0,6.0,129.0
partial,SS-W-noise,13,screw,AlMg10,245.0,7.0,116.5
partial,SS-W-noise,14,screw,AlMg10,245.0,50.0,126.0
partial,SS-W-noise,15,screw,AlMg10,245.0,6.0,123.0
partial,SS-W-noise,16,screw,AlMg10,245.0,7.0,116.5
partial,SS-W-noise,17,screw,AlMg10,245.0,7.0,159.5
partial,SS-W-noise,18,screw,AlMg10,245.0,6.0,123.0
partial,SS-W-noise,19,screw,AlMg10,245.0,7.0,135.5
partial,SS-W-noise,20,screw,AlMg10,245.0,6.0,129.0
partial,W-noise,1,screw,AlMg10,245.0,7.0,35.5
partial,W-noise,2,screw,AlMg10,245.0,7.0,42.5
partial,W-noise,3,screw,AlMg10,245.0,7.0,42.5
partial,W-noise,4,screw,AlMg10,245.0,7.0,42.5
partial,W-noise,5,screw,AlMg10,245.0,5.0,48.5
partial,W-noise,6,screw,AlMg10,245.0,7.0,42.5
partial,W-noise,7,screw,AlMg10,245.0,7.0,42.5
partial,W-noise,8,screw,AlMg10,245.0,7.0,42.5
partial,W-noise,9,screw,AlMg10,245.0,7.0,35.5
partial,W-noise,10,screw,AlMg10,245.0,7.0,42.5
partial,W-noise,11,screw,AlMg10,245.0,7.0,42.5
partial,W-noise,12,screw,AlMg10,245.0,7.0,35.5
partial,W-noise,13,screw,AlMg10,245.0,7.0,42.5
partial,W-noise,14,screw,AlMg10,245.0,7.0,42.5
partial,W-noise,15,screw,AlMg10,245.0,7.0,35.5
partial,W-noise,16,screw,AlMg10,245.0,7.0,42.5
partial,W-noise,17,screw,AlMg10,245.0,7.0,42.5
partial,W-noise,18,screw,AlMg10,245.0,7.0,35.5
partial,W-noise,19,screw,AlMg10,245.0,7.0,42.5
partial,W-noise,20,screw,AlMg10,245.0,7.0,35.5
partial,SF-noise,1,screw,AlMg15,245.0,7.0,42.5
partial,SF-noise,2,screw,AlMg15,245.0,5.0,53.5
partial,SF-noise,3,screw,AlMg15,245.0,5.0,48.5
partial,SF-noise,4,screw,AlMg15,245.0,7.0,42.5
partial,SF-noise,5,screw,AlMg15,245.0,5.0,53.5
partial,SF-noise,6,screw,AlMg15,245.0,5.0,48.5
partial,SF-noise,7,screw,AlMg15,245.0,7.0,42.5
partial,SF-noise,8,screw,AlMg15,245.0,5.0,53.5
partial,SF-noise,9,screw,AlMg15,245.0,7.0,42.5
partial,SF-noise,10,screw,AlMg15,245.0,7.0,42.5
partial,SF-noise,11,screw,AlMg15,245.0,5.0,48.5
partial,SF-noise,12,screw,AlMg15,245.0,7.0,42.5
partial,SF-noise,13,screw,AlMg15,245.0,5.0,48.5
partial,SF-noise,14,screw,AlMg15,245.0,5.0,48.5
partial,SF-noise,15,screw,AlMg15,245.0,5.0,48.5
partial,SF-noise,16,screw,AlMg15,245.0,7.0,42.5
partial,SF-noise,17,screw,AlMg15,245.0,5.0,48.5
partial,SF-noise,18,screw,AlMg15,245.0,7.0,42.5
partial,SF-noise,19,screw,AlMg15,245.0,5.0,48.5
partial,SF-noise,20,screw,AlMg15,245.0,7.0,42.5
partial,SS-C-noise,1,screw,AlMg15,245.0,6.0,129.0
partial,SS-C-noise,2,screw,AlMg15,245.0,6.0,129.0
partial,SS-C-noise,3,screw,AlMg15,245.0,7.0,135.5
partial,SS-C-noise,4,screw,AlMg15,245.0,6.0,129.0
partial,SS-C-noise,5,screw,AlMg15,245.0,6.0,123.0
partial,SS-C-noise,6,screw,AlMg15,245.0,7.0,135.5
partial,SS-C-noise,7,screw,AlMg15,245.0,50.0,126.0
partial,SS-C-noise,8,screw,AlMg15,245.0,6.0,129.0
partial,SS-C-noise,9,screw,AlMg15,245.0,6.0,129.0
partial,SS-C-noise,10,screw,AlMg15,245.0,6.0,129.0
partial,SS-C-noise,11,screw,AlMg15,245.0,6.0,129.0
partial,SS-C-noise,12,screw,AlMg15,245.0,6.0,123.0
partial,SS-C-noise,13,screw,AlMg15,245.0,7.0,135.5
partial,SS-C-noise,14,screw,AlMg15,245.0,50.0,126.0
partial,SS-C-noise,15,screw,AlMg15,245.0,7.0,142.5
partial,SS-C-noise,16,screw,AlMg15,245.0,7.0,109.5
partial,SS-C-noise,17,screw,AlMg15,245.0,7.0,135.5
partial,SS-C-noise,18,screw,AlMg15,245.0,7.0,135.5
partial,SS-C-noise,19,screw,AlMg15,245.0,6.0,129.0
partial,SS-C-noise,20,screw,AlMg15,245.0,7.0,135.5
partial,SS-SF-noise,1,screw,AlMg15,245.0,7.0,166.5
partial,SS-SF-noise,2,screw,AlMg15,245.0,5.0,153.5
partial,SS-SF-noise,3,screw,AlMg15,245.0,5.0,153.5
partial,SS-SF-noise,4,screw,AlMg15,245.0,5.0,148.5
partial,SS-SF-noise,5,screw,AlMg15,245.0,7.0,142.5
partial,SS-SF-noise,6,screw,AlMg15,245.0,7.0,135.5
partial,SS-SF-noise,7,screw,AlMg15,245.0,7.0,159.5
partial,SS-SF-noise,8,screw,AlMg15,245.0,7.0,159.5
partial,SS-SF-noise,9,screw,AlMg15,245.0,5.0,153.5
partial,SS-SF-noise,10,screw,AlMg15,245.0,7.0,159.5
partial,SS-SF-noise,11,screw,AlMg15,245.0,5.0,153.5
partial,SS-SF-noise,12,screw,AlMg15,245.0,6.0,173.0
partial,SS-SF-noise,13,screw,AlMg15,245.0,50.0,176.0
partial,SS-SF-noise,14,screw,AlMg15,245.0,7.0,142.5
partial,SS-SF-noise,15,screw,AlMg15,245.0,6.0,173.0
partial,SS-SF-noise,16,screw,AlMg15,245.0,7.0,166.5
partial,SS-SF-noise,17,screw,AlMg15,245.0,5.0,148.5
partial,SS-SF-noise,18,screw,AlMg15,245.0,5.0,153.5
partial,SS-SF-noise,19,screw,AlMg15,245.0,7.0,159.5
partial,SS-SF-noise,20,screw,AlMg15,245.0,50.0,126.0
partial,SS-W-noise,1,screw,AlMg15,245.0,7.0,166.5
partial,SS-W-noise,2,screw,AlMg15,245.0,7.0,159.5
partial,SS-W-noise,3,screw,AlMg15,245.0,7.0,159.5
partial,SS-W-noise,4,screw,AlMg15,245.0,5.0,148.5
partial,SS-W-noise,5,screw,AlMg15,245.0,7.0,142.5
partial,SS-W-noise,6,screw,AlMg15,245.0,7.0,142.5
partial,SS-W-noise,7,screw,AlMg15,245.0,50.0,126.0
partial,SS-W-noise,8,screw,AlMg15,245.0,7.0,159.5
partial,SS-W-noise,9,screw,AlMg15,245.0,7.0,159.5
partial,SS-W-noise,10,screw,AlMg15,245.0,7.0,166.5
partial,SS-W-noise,11,screw,AlMg15,245.0,5.0,148.5
partial,SS-W-noise,12,screw,AlMg15,245.0,7.0,159.5
partial,SS-W-noise,13,screw,AlMg15,245.0,7.0,166.5
partial,SS-W-noise,14,screw,AlMg15,245.0,50.0,126.0
partial,SS-W-noise,15,screw,AlMg15,245.0,5.0,148.5
partial,SS-W-noise,16,screw,AlMg15,245.0,6.0,179.0
partial,SS-W-noise,17,screw,AlMg15,245.0,6.0,173.0
partial,SS-W-noise,18,screw,AlMg15,245.0,7.0,166.5
partial,SS-W-noise,19,screw,AlMg15,245.0,6.0,179.0
partial,SS-W-noise,20,screw,AlMg15,245.0,5.0,153.5
partial,W-noise,1,screw,AlMg15,245.0,7.0,42.5
partial,W-noise,2,screw,AlMg15,245.0,5.0,48.5
partial,W-noise,3,screw,AlMg15,245.0,5.0,48.5
partial,W-noise,4,screw,AlMg15,245.0,5.0,48.5
partial,W-noise,5,screw,AlMg15,245.0,7.0,59.5
partial,W-noise,6,screw,AlMg15,245.0,5.0,48.5
partial,W-noise,7,screw,AlMg15,245.0,5.0,48.5
partial,W-noise,8,screw,AlMg15,245.0,5.0,48.5
partial,W-noise,9,screw,AlMg15,245.0,5.0,48.5
partial,W-noise,10,screw,AlMg15,245.0,5.0,53.5
partial,W-noise,11,screw,AlMg15,245.0,5.0,53.5
partial,W-noise,12,screw,AlMg15,245.0,5.0,48.5
partial,W-noise,13,screw,AlMg15,245.0,5.0,53.5
partial,W-noise,14,screw,AlMg15,245.0,7.0,35.5
partial,W-noise,15,screw,AlMg15,245.0,7.0,42.5
partial,W-noise,16,screw,AlMg15,245.0,7.0,42.5
partial,W-noise,17,screw,AlMg15,245.0,5.0,53.5
partial,W-noise,18,screw,AlMg15,245.0,7.0,42.5
partial,W-noise,19,screw,AlMg15,245.0,7.0,59.5
partial,W-noise,20,screw,AlMg15,245.0,7.0,42.5
